image_id,p_180
test_00000,0.005804458167403936
test_00001,0.9999994039535522
test_00002,0.9999973773956299
test_00003,0.0018829539185389876
test_00004,0.995890736579895
test_00005,0.015708817169070244
test_00006,0.9998810291290283
test_00007,0.7608575820922852
test_00008,0.9378029704093933
test_00009,0.0003943379851989448
test_00010,0.963300883769989
test_00011,3.882578312186524e-06
test_00012,0.1074475347995758
test_00013,0.603229284286499
test_00014,0.8927035927772522
test_00015,0.8855838775634766
test_00016,0.9993720650672913
test_00017,7.027784249657998e-06
test_00018,0.6698427796363831
test_00019,0.7952147722244263
test_00020,0.009425322525203228
test_00021,0.003756162943318486
test_00022,0.9976401329040527
test_00023,4.5164259063312784e-05
test_00024,0.0029939119704067707
test_00025,0.9999969005584717
test_00026,0.9999926090240479
test_00027,0.47573786973953247
test_00028,0.732880175113678
test_00029,0.339687317609787
test_00030,4.491535143813508e-09
test_00031,0.9999170303344727
test_00032,0.99931800365448
test_00033,0.9788976907730103
test_00034,0.9923244714736938
test_00035,0.9999643564224243
test_00036,0.04812335595488548
test_00037,0.030757872387766838
test_00038,0.031606148928403854
test_00039,0.012340853922069073
test_00040,0.44870725274086
test_00041,0.03088909015059471
test_00042,0.9641584157943726
test_00043,0.10831275582313538
test_00044,0.18906892836093903
test_00045,0.7960022687911987
test_00046,8.065835572779179e-06
test_00047,0.9744830131530762
test_00048,0.9652314186096191
test_00049,0.9659684300422668
test_00050,0.9518306255340576
test_00051,0.0015145312063395977
test_00052,4.062206244270783e-06
test_00053,0.45230287313461304
test_00054,0.00803022738546133
test_00055,0.9666880965232849
test_00056,1.0684641893021762e-05
test_00057,0.7300370335578918
test_00058,0.0015014189993962646
test_00059,0.01596330851316452
test_00060,0.5398048162460327
test_00061,0.0077833859249949455
test_00062,0.12420323491096497
test_00063,0.0036421576514840126
test_00064,0.00012145974324084818
test_00065,0.9976542592048645
test_00066,0.7377390265464783
test_00067,0.43940550088882446
test_00068,7.65125435009395e-07
test_00069,0.06857413798570633
test_00070,0.9907780885696411
test_00071,0.9938675761222839
test_00072,0.998404324054718
test_00073,0.5788772702217102
test_00074,0.9839906692504883
test_00075,0.9934588074684143
test_00076,4.991795867681503e-05
test_00077,0.9999980926513672
test_00078,0.8795620799064636
test_00079,0.05560486763715744
test_00080,0.23269693553447723
test_00081,0.8753840923309326
test_00082,0.7147690057754517
test_00083,3.384315505172708e-06
test_00084,0.09137594699859619
test_00085,0.8651188611984253
test_00086,1.0
test_00087,0.9999656677246094
test_00088,0.552035927772522
test_00089,0.9993000030517578
test_00090,0.06677877902984619
test_00091,2.3435275124938926e-06
test_00092,0.9994144439697266
test_00093,0.15025131404399872
test_00094,0.9992972612380981
test_00095,0.4908582270145416
test_00096,0.3178616762161255
test_00097,8.248834637925029e-05
test_00098,4.343999898992479e-05
test_00099,0.03120352514088154
test_00100,7.700425339862704e-05
test_00101,0.6268723607063293
test_00102,3.040178171431762e-06
test_00103,0.9973213076591492
test_00104,0.8905447125434875
test_00105,0.02883436158299446
test_00106,0.10288102179765701
test_00107,0.893571138381958
test_00108,0.6352947354316711
test_00109,0.4527543783187866
test_00110,0.7391343712806702
test_00111,0.17430168390274048
test_00112,0.9800783395767212
test_00113,0.0001828065433073789
test_00114,0.9999195337295532
test_00115,0.7515642642974854
test_00116,0.424631804227829
test_00117,0.97989422082901
test_00118,0.9997773766517639
test_00119,0.09973940998315811
test_00120,0.28340139985084534
test_00121,0.9999912977218628
test_00122,0.7969757914543152
test_00123,0.9937244057655334
test_00124,0.006168743129819632
test_00125,0.16912811994552612
test_00126,2.252216518172645e-06
test_00127,0.48492729663848877
test_00128,0.0020112062338739634
test_00129,3.206105247954838e-05
test_00130,0.9999998807907104
test_00131,8.860926214993015e-09
test_00132,0.4735916554927826
test_00133,0.9999657869338989
test_00134,0.0018719648942351341
test_00135,0.3024863004684448
test_00136,3.318426422538323e-09
test_00137,0.8145339488983154
test_00138,0.9741732478141785
test_00139,0.0017135359812527895
test_00140,0.9999586343765259
test_00141,2.54049136856338e-05
test_00142,0.9997996687889099
test_00143,0.9471399188041687
test_00144,0.21961858868598938
test_00145,0.5189051628112793
test_00146,4.172457920503803e-06
test_00147,0.9997254014015198
test_00148,0.2491651177406311
test_00149,0.6397421956062317
test_00150,0.011657234281301498
test_00151,0.9999980926513672
test_00152,6.812916399212554e-05
test_00153,0.10859815776348114
test_00154,0.10830768942832947
test_00155,1.0
test_00156,0.7073681354522705
test_00157,0.004872953984886408
test_00158,0.9999997615814209
test_00159,1.0
test_00160,0.9994587302207947
test_00161,0.04701943323016167
test_00162,0.5225071907043457
test_00163,0.9943358302116394
test_00164,0.007065989542752504
test_00165,0.8884636163711548
test_00166,0.427521675825119
test_00167,0.2705497443675995
test_00168,0.00020712373952846974
test_00169,0.0011860174126923084
test_00170,0.998794436454773
test_00171,0.677789032459259
test_00172,0.9992396831512451
test_00173,4.0499609895050526e-05
test_00174,3.845901028198817e-11
test_00175,0.15914824604988098
test_00176,0.7744988799095154
test_00177,0.0002747952821664512
test_00178,9.429576311958954e-05
test_00179,0.7024059891700745
test_00180,2.577825625849073e-06
test_00181,0.6705266833305359
test_00182,0.6793994307518005
test_00183,0.4933321475982666
test_00184,0.9099786281585693
test_00185,0.9548525810241699
test_00186,0.08218453824520111
test_00187,0.9863486289978027
test_00188,0.3971191346645355
test_00189,0.9999988079071045
test_00190,0.00011303048086119816
test_00191,0.9997075200080872
test_00192,0.013938582502305508
test_00193,0.4069756865501404
test_00194,8.794305017545412e-08
test_00195,5.257239990896778e-06
test_00196,0.05171489715576172
test_00197,0.9263461232185364
test_00198,0.002353355986997485
test_00199,0.47381293773651123
test_00200,0.9999998807907104
test_00201,0.9981139898300171
test_00202,0.9999974966049194
test_00203,0.36705008149147034
test_00204,0.759941577911377
test_00205,3.0532066830346594e-06
test_00206,2.4137321815942414e-05
test_00207,6.665992987109348e-05
test_00208,0.11567798256874084
test_00209,0.4880872964859009
test_00210,0.06383044272661209
test_00211,0.999678373336792
test_00212,0.999153733253479
test_00213,0.9983795881271362
test_00214,1.0
test_00215,0.004588389303535223
test_00216,0.019707903265953064
test_00217,0.0009060432203114033
test_00218,0.0012990946415811777
test_00219,0.9736161828041077
test_00220,1.0
test_00221,0.990552544593811
test_00222,0.5987654328346252
test_00223,0.9996868371963501
test_00224,0.4300242066383362
test_00225,0.3518315851688385
test_00226,0.045448921620845795
test_00227,2.8816775738960132e-05
test_00228,0.5909897089004517
test_00229,0.15046828985214233
test_00230,0.0001510428119217977
test_00231,0.9995261430740356
test_00232,0.8968557119369507
test_00233,0.9915406107902527
test_00234,0.03104189969599247
test_00235,0.9999535083770752
test_00236,0.001549618085846305
test_00237,1.08960898614896e-06
test_00238,0.9999784231185913
test_00239,0.4898931086063385
test_00240,0.6954529285430908
test_00241,0.00018090677622240037
test_00242,0.5212622880935669
test_00243,0.9994562268257141
test_00244,0.13198044896125793
test_00245,0.9172258973121643
test_00246,0.008331183344125748
test_00247,0.9999995231628418
test_00248,0.9999922513961792
test_00249,0.9998974800109863
test_00250,0.7232402563095093
test_00251,0.36505430936813354
test_00252,0.00033737937337718904
test_00253,0.91650390625
test_00254,0.027997693046927452
test_00255,1.0623516573105007e-05
test_00256,0.3777039349079132
test_00257,0.01941349171102047
test_00258,0.06521321833133698
test_00259,0.47532549500465393
test_00260,0.003464766312390566
test_00261,0.07962197810411453
test_00262,0.9991976618766785
test_00263,0.36655646562576294
test_00264,0.9999736547470093
test_00265,0.5435184836387634
test_00266,0.0006252534221857786
test_00267,0.3448319435119629
test_00268,2.790520193229895e-05
test_00269,0.999699592590332
test_00270,0.2848320007324219
test_00271,0.05610213801264763
test_00272,0.5611428618431091
test_00273,0.11950070410966873
test_00274,0.7142397165298462
test_00275,0.456644743680954
test_00276,0.1482268124818802
test_00277,0.9998968839645386
test_00278,0.0006022164016030729
test_00279,0.4263663589954376
test_00280,0.9966030120849609
test_00281,0.9942188262939453
test_00282,0.9540209770202637
test_00283,0.7961539626121521
test_00284,0.1329246312379837
test_00285,0.0003250191221013665
test_00286,5.972799499431858e-07
test_00287,0.7708000540733337
test_00288,0.9866850972175598
test_00289,0.9999994039535522
test_00290,0.7500483393669128
test_00291,1.0
test_00292,0.9992523789405823
test_00293,1.5127806364034768e-05
test_00294,0.999395489692688
test_00295,0.9999858140945435
test_00296,0.05258942395448685
test_00297,0.5706811547279358
test_00298,0.1236896738409996
test_00299,0.9999865293502808
test_00300,2.3099235590962053e-07
test_00301,0.4146449863910675
test_00302,0.45561566948890686
test_00303,0.00017943674174603075
test_00304,0.08967149257659912
test_00305,0.9935418367385864
test_00306,0.9999959468841553
test_00307,0.05621393024921417
test_00308,0.21537818014621735
test_00309,0.05481262132525444
test_00310,0.7429506182670593
test_00311,0.9768025279045105
test_00312,3.1315845262724906e-05
test_00313,0.9999352693557739
test_00314,0.0025476894807070494
test_00315,0.9763514995574951
test_00316,0.9982323050498962
test_00317,0.02957816794514656
test_00318,0.9678124189376831
test_00319,0.26041918992996216
test_00320,0.14564138650894165
test_00321,0.5485736131668091
test_00322,0.0830853283405304
test_00323,0.9999977350234985
test_00324,0.5430250763893127
test_00325,0.9985968470573425
test_00326,0.51475590467453
test_00327,0.23902377486228943
test_00328,0.3388570547103882
test_00329,0.992638111114502
test_00330,0.9999744892120361
test_00331,0.999426007270813
test_00332,0.46707701683044434
test_00333,0.999996542930603
test_00334,0.9999887943267822
test_00335,0.8691515922546387
test_00336,0.0002801596710924059
test_00337,0.9785681366920471
test_00338,0.0010405172361060977
test_00339,0.9883869290351868
test_00340,0.43714454770088196
test_00341,0.0006566111696884036
test_00342,0.9999994039535522
test_00343,0.6054849028587341
test_00344,0.9999998807907104
test_00345,0.9603208303451538
test_00346,0.995358407497406
test_00347,0.3847624957561493
test_00348,0.9685125946998596
test_00349,0.0010880796471610665
test_00350,0.9662061929702759
test_00351,0.39782002568244934
test_00352,0.44747740030288696
test_00353,0.9993680119514465
test_00354,0.004517407156527042
test_00355,0.9998998641967773
test_00356,0.3537052571773529
test_00357,0.0009776582010090351
test_00358,0.9992714524269104
test_00359,0.9999978542327881
test_00360,0.9992234706878662
test_00361,0.9974299073219299
test_00362,0.6426284313201904
test_00363,0.5565496683120728
test_00364,0.9996565580368042
test_00365,0.9933009147644043
test_00366,0.9999821186065674
test_00367,0.017300371080636978
test_00368,0.0003076726570725441
test_00369,0.9999996423721313
test_00370,1.1919811413463322e-06
test_00371,0.1992013305425644
test_00372,0.9999998807907104
test_00373,0.6589882373809814
test_00374,0.9999583959579468
test_00375,0.9994798302650452
test_00376,3.427897581786965e-06
test_00377,0.05623326078057289
test_00378,0.51678866147995
test_00379,0.02180110476911068
test_00380,0.0001491233124397695
test_00381,0.9995813965797424
test_00382,0.45691975951194763
test_00383,8.219978553825058e-06
test_00384,0.9294295310974121
test_00385,0.0007480143685825169
test_00386,0.5805299878120422
test_00387,0.9999465942382812
test_00388,0.018658654764294624
test_00389,0.9992333650588989
test_00390,0.0026622910518199205
test_00391,6.893887075420935e-06
test_00392,0.5557482838630676
test_00393,0.5879912972450256
test_00394,5.981555091238988e-07
test_00395,7.800771709298715e-05
test_00396,8.187504136003554e-05
test_00397,0.9994916915893555
test_00398,0.002984411781653762
test_00399,0.5943465232849121
test_00400,0.9723543524742126
test_00401,0.9468224048614502
test_00402,0.9944990277290344
test_00403,0.00043462758185341954
test_00404,0.0009080033632926643
test_00405,0.5596887469291687
test_00406,0.24878303706645966
test_00407,0.4602653682231903
test_00408,0.9997661709785461
test_00409,0.38563576340675354
test_00410,0.002537323394790292
test_00411,0.03308480232954025
test_00412,6.247582007290475e-09
test_00413,0.12139831483364105
test_00414,0.7924573421478271
test_00415,0.9993171691894531
test_00416,0.03417792543768883
test_00417,7.866783562349156e-06
test_00418,0.2972688376903534
test_00419,0.16161780059337616
test_00420,1.840021832322236e-05
test_00421,0.9999980926513672
test_00422,0.8790761828422546
test_00423,4.098394492757507e-05
test_00424,0.027607763186097145
test_00425,0.004478130955249071
test_00426,0.9419052600860596
test_00427,8.268410056189168e-06
test_00428,3.6226821976015344e-05
test_00429,1.0
test_00430,0.9999721050262451
test_00431,0.9989117383956909
test_00432,0.9999032020568848
test_00433,0.5705024003982544
test_00434,0.35702988505363464
test_00435,3.364607255207375e-05
test_00436,0.9712962508201599
test_00437,0.07570105046033859
test_00438,0.9984433054924011
test_00439,0.7678324580192566
test_00440,0.1629008948802948
test_00441,1.4902850125508849e-05
test_00442,0.5869523882865906
test_00443,0.9997190833091736
test_00444,0.999936580657959
test_00445,0.0036342511884868145
test_00446,0.34170880913734436
test_00447,0.4776287376880646
test_00448,0.9999998807907104
test_00449,0.0019063595682382584
test_00450,2.8498700288537293e-08
test_00451,0.6948510408401489
test_00452,0.9978139400482178
test_00453,0.1499638557434082
test_00454,0.7680401802062988
test_00455,0.5193058848381042
test_00456,0.5932222604751587
test_00457,0.0003946228534914553
test_00458,0.9999974966049194
test_00459,0.991023063659668
test_00460,0.002049986505880952
test_00461,0.10641244798898697
test_00462,0.8610318303108215
test_00463,0.8535301685333252
test_00464,0.00042578711872920394
test_00465,0.029898233711719513
test_00466,0.9985700845718384
test_00467,0.0030232479330152273
test_00468,0.9989984631538391
test_00469,1.2902313756057993e-05
test_00470,0.05834680423140526
test_00471,0.16249234974384308
test_00472,0.8096920251846313
test_00473,0.017632747069001198
test_00474,0.00018202175851911306
test_00475,2.8051041226717643e-05
test_00476,0.5041245222091675
test_00477,0.0007211238262243569
test_00478,0.5212877988815308
test_00479,0.4689980447292328
test_00480,0.9999994039535522
test_00481,0.0002243525959784165
test_00482,0.033228322863578796
test_00483,0.9981606602668762
test_00484,0.979846715927124
test_00485,4.0368664485868067e-05
test_00486,6.9175234784779605e-06
test_00487,0.5020713210105896
test_00488,0.11900168657302856
test_00489,1.0
test_00490,0.999997615814209
test_00491,0.773982048034668
test_00492,0.7256777286529541
test_00493,1.0
test_00494,0.9789227247238159
test_00495,0.9916368126869202
test_00496,0.46821972727775574
test_00497,0.9999992847442627
test_00498,0.1539507508277893
test_00499,1.2255669901151123e-07
test_00500,0.9994283318519592
test_00501,0.07104706019163132
test_00502,0.9923169612884521
test_00503,0.0006233648746274412
test_00504,0.9999692440032959
test_00505,0.2060346156358719
test_00506,0.9993284940719604
test_00507,7.808355439919978e-05
test_00508,0.9994915723800659
test_00509,0.2658526599407196
test_00510,0.9568678736686707
test_00511,0.8023458123207092
test_00512,0.9960033297538757
test_00513,0.999427080154419
test_00514,0.04214603453874588
test_00515,0.024042382836341858
test_00516,0.00013691031199414283
test_00517,0.4942564368247986
test_00518,0.005119428504258394
test_00519,0.8239794969558716
test_00520,0.022825874388217926
test_00521,0.9999998807907104
test_00522,0.6463066339492798
test_00523,0.45557406544685364
test_00524,0.8102911710739136
test_00525,0.7320727705955505
test_00526,0.0895715057849884
test_00527,4.181949009307573e-07
test_00528,0.014980513602495193
test_00529,0.4856868386268616
test_00530,0.0002768968988675624
test_00531,0.9879939556121826
test_00532,0.09419804811477661
test_00533,0.5630669593811035
test_00534,0.9990617632865906
test_00535,0.005179346539080143
test_00536,0.27573809027671814
test_00537,6.679908983642235e-05
test_00538,0.09061625599861145
test_00539,0.021092906594276428
test_00540,0.9774504899978638
test_00541,0.030685799196362495
test_00542,0.0011888183653354645
test_00543,0.9998996257781982
test_00544,0.9995638728141785
test_00545,0.0006796757224947214
test_00546,0.03659838065505028
test_00547,0.9998258948326111
test_00548,3.3555713798705256e-06
test_00549,0.23902671039104462
test_00550,0.0001501308724982664
test_00551,1.5767307559144683e-05
test_00552,0.7378164529800415
test_00553,0.7182928919792175
test_00554,0.16580866277217865
test_00555,0.2240932434797287
test_00556,0.9711747169494629
test_00557,0.9977021813392639
test_00558,0.0018258083146065474
test_00559,0.044782139360904694
test_00560,0.4011349678039551
test_00561,0.012625269591808319
test_00562,0.34859004616737366
test_00563,0.0014810304855927825
test_00564,0.9991455078125
test_00565,0.9998880624771118
test_00566,9.13138355826959e-05
test_00567,0.9912962913513184
test_00568,0.15874388813972473
test_00569,0.09501738101243973
test_00570,0.029833871871232986
test_00571,0.4312838017940521
test_00572,0.0005063537391833961
test_00573,1.7294658391620032e-05
test_00574,0.25639665126800537
test_00575,0.8091144561767578
test_00576,0.9998422861099243
test_00577,0.992159366607666
test_00578,3.168688863297575e-06
test_00579,0.941584050655365
test_00580,0.9974579215049744
test_00581,0.9694094061851501
test_00582,0.30459868907928467
test_00583,0.9925181865692139
test_00584,9.585077123119845e-07
test_00585,0.01365448534488678
test_00586,0.9997761845588684
test_00587,0.9996007084846497
test_00588,0.0022807049099355936
test_00589,1.7212159946211614e-05
test_00590,0.012190072797238827
test_00591,0.00016571959713473916
test_00592,8.645516800243058e-07
test_00593,0.10516182333230972
test_00594,0.9937894940376282
test_00595,0.056417353451251984
test_00596,0.961894154548645
test_00597,0.45174264907836914
test_00598,0.9999985694885254
test_00599,0.0003733595076482743
test_00600,0.9912436008453369
test_00601,0.9918176531791687
test_00602,0.8061299324035645
test_00603,0.5298097729682922
test_00604,0.8314199447631836
test_00605,0.9710173010826111
test_00606,0.980410635471344
test_00607,0.05627577751874924
test_00608,0.041527159512043
test_00609,8.125246608869929e-08
test_00610,0.9251340627670288
test_00611,0.23410487174987793
test_00612,0.20796595513820648
test_00613,0.03993864730000496
test_00614,0.45302119851112366
test_00615,0.9999749660491943
test_00616,0.4058019518852234
test_00617,0.9971432089805603
test_00618,0.015633152797818184
test_00619,0.9999994039535522
test_00620,0.056977372616529465
test_00621,0.004214721266180277
test_00622,0.9870495200157166
test_00623,0.5879239439964294
test_00624,4.343067985246307e-07
test_00625,0.018474344164133072
test_00626,0.9843634963035583
test_00627,0.0010955287143588066
test_00628,0.0001345995842712
test_00629,0.40407201647758484
test_00630,0.3336545526981354
test_00631,0.5859822630882263
test_00632,0.9997583031654358
test_00633,0.9997612833976746
test_00634,0.5448597073554993
test_00635,2.696508636290673e-05
test_00636,0.7266228795051575
test_00637,0.054753709584474564
test_00638,5.692929698852822e-05
test_00639,0.38903141021728516
test_00640,0.3135334253311157
test_00641,0.02973957173526287
test_00642,0.5682867765426636
test_00643,0.004340147599577904
test_00644,0.999494194984436
test_00645,0.9994695782661438
test_00646,4.571677152398479e-07
test_00647,0.009074229747056961
test_00648,0.7987557649612427
test_00649,0.9995859265327454
test_00650,0.007686062250286341
test_00651,0.009032776579260826
test_00652,5.565379069594201e-06
test_00653,0.9999997615814209
test_00654,0.9891694784164429
test_00655,0.548437774181366
test_00656,0.0018126968061551452
test_00657,0.12008818984031677
test_00658,0.9990854263305664
test_00659,0.6519019603729248
test_00660,0.0029156487435102463
test_00661,0.43996506929397583
test_00662,0.7114502787590027
test_00663,0.6439720392227173
test_00664,0.5045009255409241
test_00665,0.004659893456846476
test_00666,0.9162914752960205
test_00667,0.11048085242509842
test_00668,0.3742022216320038
test_00669,0.1563226729631424
test_00670,0.9193061590194702
test_00671,1.0
test_00672,0.9999994039535522
test_00673,0.9998316764831543
test_00674,0.9987602233886719
test_00675,0.9997039437294006
test_00676,2.3127040549297817e-06
test_00677,0.1308533102273941
test_00678,0.9999701976776123
test_00679,0.5831472873687744
test_00680,0.4433788061141968
test_00681,0.9999595880508423
test_00682,0.9953325390815735
test_00683,0.5624757409095764
test_00684,0.3889525830745697
test_00685,0.9999996423721313
test_00686,0.998084545135498
test_00687,0.08376779407262802
test_00688,0.005083199590444565
test_00689,0.9787294864654541
test_00690,0.5110374093055725
test_00691,0.9999903440475464
test_00692,0.9988960027694702
test_00693,0.9668831825256348
test_00694,2.5774770620046183e-05
test_00695,0.0004211675841361284
test_00696,0.0541921965777874
test_00697,0.9999982118606567
test_00698,2.4400649635936134e-05
test_00699,0.2362426519393921
test_00700,0.966589093208313
test_00701,0.9999353885650635
test_00702,0.814483106136322
test_00703,0.02977735549211502
test_00704,0.007769264746457338
test_00705,0.3565778136253357
test_00706,0.5300372242927551
test_00707,0.9984651803970337
test_00708,0.02998332865536213
test_00709,0.7505398988723755
test_00710,0.6138700842857361
test_00711,0.9979438185691833
test_00712,0.37887394428253174
test_00713,0.7891027331352234
test_00714,0.01156123261898756
test_00715,0.8380445241928101
test_00716,0.5396515727043152
test_00717,0.9806725382804871
test_00718,0.6282650828361511
test_00719,0.6625283360481262
test_00720,0.9998171925544739
test_00721,0.5909198522567749
test_00722,7.80862521310155e-08
test_00723,0.978943943977356
test_00724,0.999618411064148
test_00725,0.999295711517334
test_00726,0.02903056889772415
test_00727,1.8365871028436231e-06
test_00728,0.7711324095726013
test_00729,0.9999732971191406
test_00730,0.7060164213180542
test_00731,0.44090381264686584
test_00732,0.059077925980091095
test_00733,0.000939314893912524
test_00734,0.9955754280090332
test_00735,1.652593709877692e-05
test_00736,0.9953135251998901
test_00737,0.5276650190353394
test_00738,0.495240181684494
test_00739,0.9953758716583252
test_00740,1.7922387769431225e-06
test_00741,1.0
test_00742,0.9981765747070312
test_00743,0.4124002456665039
test_00744,0.000685426639392972
test_00745,0.9951541423797607
test_00746,4.60570227005519e-05
test_00747,0.0004712599329650402
test_00748,0.9999600648880005
test_00749,5.523599710954841e-08
test_00750,0.03337625414133072
test_00751,0.6079933047294617
test_00752,0.6544471383094788
test_00753,0.0021936900448054075
test_00754,0.10135311633348465
test_00755,0.5676894783973694
test_00756,0.5862581133842468
test_00757,2.4593422853769198e-09
test_00758,1.3133163179190888e-07
test_00759,1.2577936558955116e-06
test_00760,0.9999985694885254
test_00761,0.8872451186180115
test_00762,0.45223167538642883
test_00763,0.9996659755706787
test_00764,0.023361042141914368
test_00765,0.9999970197677612
test_00766,0.004013739991933107
test_00767,0.9941980838775635
test_00768,3.353215731749515e-07
test_00769,3.197631670559531e-08
test_00770,0.9940943121910095
test_00771,0.16886423528194427
test_00772,0.40604472160339355
test_00773,0.9999908208847046
test_00774,0.9903653264045715
test_00775,0.9971427321434021
test_00776,0.9797952175140381
test_00777,0.013659674674272537
test_00778,3.7026758946012706e-05
test_00779,0.007772419601678848
test_00780,0.9392983913421631
test_00781,0.099433533847332
test_00782,0.15297137200832367
test_00783,0.1070462316274643
test_00784,0.9982892870903015
test_00785,0.9985779523849487
test_00786,0.9999874830245972
test_00787,0.2893499433994293
test_00788,0.9999990463256836
test_00789,0.3929857611656189
test_00790,0.9994645714759827
test_00791,0.9920206665992737
test_00792,0.9999861717224121
test_00793,9.4830331087703e-11
test_00794,0.9984357953071594
test_00795,0.009387817233800888
test_00796,0.0010299182031303644
test_00797,0.48594287037849426
test_00798,0.9977303147315979
test_00799,0.963901162147522
test_00800,0.031049268320202827
test_00801,0.08662951737642288
test_00802,8.906201287572912e-07
test_00803,3.2699743314879015e-05
test_00804,0.4221636652946472
test_00805,0.9092416763305664
test_00806,0.9874674677848816
test_00807,0.9999616146087646
test_00808,0.2729496955871582
test_00809,0.26521551609039307
test_00810,0.5632747411727905
test_00811,0.7996059060096741
test_00812,0.03583550080657005
test_00813,0.0219147726893425
test_00814,0.9781906604766846
test_00815,0.006119067780673504
test_00816,5.585988037637435e-05
test_00817,1.616487315914128e-05
test_00818,6.0204121687945644e-09
test_00819,0.9991205334663391
test_00820,7.29803359718062e-05
test_00821,0.0003074035048484802
test_00822,0.8176310062408447
test_00823,0.04837251454591751
test_00824,0.09060350805521011
test_00825,0.5243493914604187
test_00826,0.49847716093063354
test_00827,0.9999133348464966
test_00828,0.43845418095588684
test_00829,0.9995144605636597
test_00830,0.9993489384651184
test_00831,0.9994712471961975
test_00832,0.44631490111351013
test_00833,0.024393001571297646
test_00834,0.15457260608673096
test_00835,0.15629014372825623
test_00836,0.6454225182533264
test_00837,0.9574271440505981
test_00838,4.5551109550956426e-09
test_00839,0.03779399022459984
test_00840,0.047037508338689804
test_00841,0.979636549949646
test_00842,0.999909520149231
test_00843,0.9999574422836304
test_00844,0.00020680839952547103
test_00845,0.6717086434364319
test_00846,0.9991984963417053
test_00847,0.18144124746322632
test_00848,0.02503967098891735
test_00849,0.851681649684906
test_00850,0.0025223768316209316
test_00851,0.999991774559021
test_00852,0.9996976852416992
test_00853,0.2416083812713623
test_00854,0.8400593996047974
test_00855,0.019735734909772873
test_00856,0.9009599089622498
test_00857,0.08549686521291733
test_00858,0.442587286233902
test_00859,0.9999632835388184
test_00860,0.023538945242762566
test_00861,0.6187929511070251
test_00862,8.645140042062849e-05
test_00863,0.9999932050704956
test_00864,0.0006554314168170094
test_00865,0.00041858351323753595
test_00866,0.22292593121528625
test_00867,0.661481499671936
test_00868,0.9987390637397766
test_00869,0.5450065732002258
test_00870,0.0002712298301048577
test_00871,0.002589192008599639
test_00872,0.000663912738673389
test_00873,0.999951958656311
test_00874,0.11957075446844101
test_00875,0.5186164379119873
test_00876,0.03344562649726868
test_00877,0.3834974765777588
test_00878,0.5031522512435913
test_00879,0.9997183680534363
test_00880,0.025369590148329735
test_00881,0.9999972581863403
test_00882,0.9802013039588928
test_00883,0.9999697208404541
test_00884,0.9835343956947327
test_00885,0.4882916212081909
test_00886,0.0016945564420893788
test_00887,0.011997262015938759
test_00888,0.40423551201820374
test_00889,0.9999997615814209
test_00890,0.7905208468437195
test_00891,0.8343578577041626
test_00892,0.002028021030128002
test_00893,0.19375698268413544
test_00894,0.9998691082000732
test_00895,0.9872948527336121
test_00896,0.5093230605125427
test_00897,0.4080003499984741
test_00898,0.9980748891830444
test_00899,0.3793390989303589
test_00900,0.0436614565551281
test_00901,0.8445034623146057
test_00902,0.6402060389518738
test_00903,0.9999517202377319
test_00904,0.9777431488037109
test_00905,7.040712546313443e-08
test_00906,0.009536356665194035
test_00907,0.4833596348762512
test_00908,0.0010214135982096195
test_00909,0.9999728202819824
test_00910,8.928120223572478e-05
test_00911,0.5250213146209717
test_00912,0.8626025319099426
test_00913,0.006640420760959387
test_00914,0.0009455956751480699
test_00915,0.6423348784446716
test_00916,0.004358756821602583
test_00917,0.689582109451294
test_00918,0.01917819119989872
test_00919,3.110702095909801e-07
test_00920,0.6197083592414856
test_00921,0.0013439608737826347
test_00922,0.8962371945381165
test_00923,0.4072924256324768
test_00924,0.8365324139595032
test_00925,0.9891295433044434
test_00926,0.8257377743721008
test_00927,0.05589672178030014
test_00928,0.9991611242294312
test_00929,0.3988935351371765
test_00930,0.014354952611029148
test_00931,0.9918700456619263
test_00932,4.727745181298815e-05
test_00933,0.7685560584068298
test_00934,1.0
test_00935,0.0001055769607773982
test_00936,0.9971792697906494
test_00937,0.9965863227844238
test_00938,5.555333473239443e-07
test_00939,1.0
test_00940,0.9999308586120605
test_00941,0.9746968150138855
test_00942,1.0
test_00943,1.1313770301057957e-05
test_00944,3.600100910716719e-07
test_00945,0.9987791180610657
test_00946,0.9979155659675598
test_00947,0.0007828880334272981
test_00948,2.9728569643339142e-05
test_00949,0.0015886174514889717
test_00950,0.010669847019016743
test_00951,0.6787218451499939
test_00952,0.5898957848548889
test_00953,0.9998553991317749
test_00954,0.5558883547782898
test_00955,0.5747731328010559
test_00956,0.5362005829811096
test_00957,0.7152422070503235
test_00958,0.010272582061588764
test_00959,0.9969719648361206
test_00960,0.0012216827599331737
test_00961,0.9950934648513794
test_00962,2.209956846854766e-06
test_00963,0.762499988079071
test_00964,0.9964742064476013
test_00965,0.9999977350234985
test_00966,0.9853600859642029
test_00967,0.6366745233535767
test_00968,0.0007087958510965109
test_00969,0.9968124032020569
test_00970,0.9963678121566772
test_00971,0.999975323677063
test_00972,0.500999391078949
test_00973,0.412089467048645
test_00974,0.00011893962800968438
test_00975,0.9987366795539856
test_00976,0.6725773215293884
test_00977,0.9949043989181519
test_00978,2.6444033665029565e-06
test_00979,0.22157862782478333
test_00980,0.46333613991737366
test_00981,0.9999960660934448
test_00982,0.06392987817525864
test_00983,0.000989867839962244
test_00984,0.002757312962785363
test_00985,0.9970337152481079
test_00986,0.04704112932085991
test_00987,0.003971305675804615
test_00988,0.35314977169036865
test_00989,0.9999328851699829
test_00990,7.140621164580807e-05
test_00991,0.9946621060371399
test_00992,0.00043152188300155103
test_00993,0.004095506388694048
test_00994,0.08870469033718109
test_00995,0.8763432502746582
test_00996,0.9999994039535522
test_00997,0.9906105399131775
test_00998,0.22244398295879364
test_00999,0.6378419399261475
test_01000,0.7465662360191345
test_01001,0.14207950234413147
test_01002,0.4735965430736542
test_01003,0.8229483366012573
test_01004,0.0009390219347551465
test_01005,0.0017705769278109074
test_01006,0.004660663660615683
test_01007,0.0010325177572667599
test_01008,0.9938825368881226
test_01009,0.9965493679046631
test_01010,0.9997385144233704
test_01011,0.9974536299705505
test_01012,0.25075680017471313
test_01013,0.17651785910129547
test_01014,0.01029243879020214
test_01015,0.9996563196182251
test_01016,0.998754620552063
test_01017,0.05116868391633034
test_01018,0.3225463330745697
test_01019,0.9992645382881165
test_01020,0.9995063543319702
test_01021,0.9999915361404419
test_01022,0.008188978768885136
test_01023,0.9954262375831604
test_01024,9.892206165318385e-09
test_01025,0.003857279196381569
test_01026,0.9989307522773743
test_01027,1.928633082570741e-06
test_01028,0.007945312187075615
test_01029,0.999998927116394
test_01030,0.9966394901275635
test_01031,0.4215567708015442
test_01032,0.43860453367233276
test_01033,0.8607982397079468
test_01034,0.9750416278839111
test_01035,1.75711938936729e-05
test_01036,1.0
test_01037,0.43741554021835327
test_01038,0.9543623328208923
test_01039,1.0
test_01040,0.997231662273407
test_01041,0.4115212857723236
test_01042,0.999995231628418
test_01043,0.8088779449462891
test_01044,0.6562305688858032
test_01045,0.857513964176178
test_01046,0.00010699595441110432
test_01047,0.9995848536491394
test_01048,0.9997162222862244
test_01049,6.490542546089273e-06
test_01050,1.4308096069726162e-05
test_01051,0.9715380072593689
test_01052,0.9915124773979187
test_01053,0.9651094675064087
test_01054,0.5783934593200684
test_01055,0.5233747363090515
test_01056,0.031098654493689537
test_01057,0.2719896733760834
test_01058,0.30086037516593933
test_01059,0.39086854457855225
test_01060,0.9549581408500671
test_01061,0.9863129258155823
test_01062,0.027653250843286514
test_01063,5.033272100263275e-05
test_01064,0.04507000744342804
test_01065,0.050271861255168915
test_01066,0.646377682685852
test_01067,0.7937592267990112
test_01068,0.7238506078720093
test_01069,4.745203341371962e-08
test_01070,0.9999573230743408
test_01071,0.9999980926513672
test_01072,0.43938183784484863
test_01073,0.5543686747550964
test_01074,0.9971091151237488
test_01075,6.523070169350831e-06
test_01076,0.09365308284759521
test_01077,0.974015474319458
test_01078,0.561288595199585
test_01079,0.39311695098876953
test_01080,0.055262524634599686
test_01081,0.5348379611968994
test_01082,0.9947662353515625
test_01083,0.9999983310699463
test_01084,0.4418868124485016
test_01085,0.9807532429695129
test_01086,0.9867972135543823
test_01087,0.08087331056594849
test_01088,0.0113377645611763
test_01089,0.9999854564666748
test_01090,0.8096663355827332
test_01091,0.9999995231628418
test_01092,0.49810168147087097
test_01093,0.527155339717865
test_01094,0.4425051808357239
test_01095,0.9995360374450684
test_01096,4.561480454867706e-05
test_01097,0.3290158212184906
test_01098,0.9999477863311768
test_01099,0.7372885346412659
test_01100,2.14084120671032e-05
test_01101,0.8997799754142761
test_01102,0.9962433576583862
test_01103,0.004633956588804722
test_01104,0.02139604091644287
test_01105,0.9601088166236877
test_01106,0.5693042874336243
test_01107,0.9996203184127808
test_01108,0.9995825886726379
test_01109,0.005239850375801325
test_01110,0.6004093289375305
test_01111,0.5212036967277527
test_01112,0.16656403243541718
test_01113,0.7631487250328064
test_01114,3.2503528757388267e-09
test_01115,0.5596960783004761
test_01116,0.9170786142349243
test_01117,0.3908323645591736
test_01118,0.0006496112328022718
test_01119,0.0004061071085743606
test_01120,0.002603579079732299
test_01121,0.9999924898147583
test_01122,0.022136567160487175
test_01123,0.3670981228351593
test_01124,0.0004673193034250289
test_01125,0.999312162399292
test_01126,0.9330129027366638
test_01127,1.4066002222534735e-05
test_01128,0.3062310516834259
test_01129,0.589415431022644
test_01130,0.10611584782600403
test_01131,0.4964752197265625
test_01132,8.59053557178413e-08
test_01133,0.3592279553413391
test_01134,0.3567115366458893
test_01135,0.9678988456726074
test_01136,0.3291059732437134
test_01137,0.9999418258666992
test_01138,0.8866694569587708
test_01139,3.8317841244861484e-05
test_01140,0.5567573308944702
test_01141,0.5411026477813721
test_01142,0.5544453859329224
test_01143,0.9530041217803955
test_01144,0.6241015791893005
test_01145,0.9603368043899536
test_01146,0.9998526573181152
test_01147,0.01696000248193741
test_01148,0.9995260238647461
test_01149,0.7627907395362854
test_01150,0.20871341228485107
test_01151,0.0007923405501060188
test_01152,0.004861143417656422
test_01153,0.9999775886535645
test_01154,0.9999707937240601
test_01155,0.0130234370008111
test_01156,0.05464177578687668
test_01157,2.1666899101546733e-06
test_01158,0.00013469113036990166
test_01159,0.585017740726471
test_01160,0.11456221342086792
test_01161,0.03302750363945961
test_01162,0.02896672487258911
test_01163,0.8532276153564453
test_01164,2.5587235455426516e-11
test_01165,0.005055220797657967
test_01166,0.91828453540802
test_01167,0.4675545394420624
test_01168,0.46044981479644775
test_01169,0.21812520921230316
test_01170,0.10376530140638351
test_01171,0.9999973773956299
test_01172,0.9996078610420227
test_01173,0.04931209236383438
test_01174,0.5420922636985779
test_01175,6.240099176312366e-14
test_01176,0.006966167129576206
test_01177,0.4808056652545929
test_01178,0.9439877867698669
test_01179,0.7439127564430237
test_01180,4.4257168951844506e-07
test_01181,0.025842210277915
test_01182,0.9971809387207031
test_01183,0.9956920742988586
test_01184,0.9710866808891296
test_01185,1.1608781278482638e-05
test_01186,0.05470878258347511
test_01187,4.330561569076963e-05
test_01188,0.31898561120033264
test_01189,0.31096208095550537
test_01190,0.0006003114976920187
test_01191,0.0022231743205338717
test_01192,1.0
test_01193,0.0009973362321034074
test_01194,0.9999954700469971
test_01195,0.9967581629753113
test_01196,0.8513489961624146
test_01197,0.9722430109977722
test_01198,0.0010007136734202504
test_01199,0.43518561124801636
test_01200,0.343254417181015
test_01201,0.5683369040489197
test_01202,0.64512699842453
test_01203,0.9169459939002991
test_01204,0.0020600154530256987
test_01205,0.6514926552772522
test_01206,0.8705605864524841
test_01207,0.3750346302986145
test_01208,0.5678562521934509
test_01209,0.7671462297439575
test_01210,0.9859263896942139
test_01211,0.3428252637386322
test_01212,2.3175348360382486e-06
test_01213,0.9572421908378601
test_01214,0.5009245276451111
test_01215,7.312891625588236e-07
test_01216,0.7331648468971252
test_01217,2.7840603706863476e-06
test_01218,0.48634156584739685
test_01219,0.46134310960769653
test_01220,0.9377738237380981
test_01221,0.9999144077301025
test_01222,0.4776419699192047
test_01223,0.9999057054519653
test_01224,0.9630961418151855
test_01225,0.9703844785690308
test_01226,0.9869818091392517
test_01227,0.9998525381088257
test_01228,0.5854466557502747
test_01229,0.9999411106109619
test_01230,0.9999990463256836
test_01231,0.926106333732605
test_01232,0.7424056529998779
test_01233,0.9998281002044678
test_01234,0.666414737701416
test_01235,0.9986470341682434
test_01236,0.999998927116394
test_01237,0.6366223096847534
test_01238,0.00011302316124783829
test_01239,0.8285291790962219
test_01240,0.9999963045120239
test_01241,0.9992868304252625
test_01242,0.01854114606976509
test_01243,2.5328132323920727e-05
test_01244,0.07527485489845276
test_01245,0.9864010214805603
test_01246,0.9999508857727051
test_01247,0.9980158805847168
test_01248,0.06368809193372726
test_01249,0.34210821986198425
test_01250,0.9754883646965027
test_01251,0.992705762386322
test_01252,0.019989026710391045
test_01253,0.10529100149869919
test_01254,0.9996293783187866
test_01255,0.9991581439971924
test_01256,0.9842883348464966
test_01257,0.03612327203154564
test_01258,0.07878339290618896
test_01259,0.047099966555833817
test_01260,0.0031657307408750057
test_01261,0.48265719413757324
test_01262,0.6698731780052185
test_01263,0.43403398990631104
test_01264,0.005553478840738535
test_01265,0.997517466545105
test_01266,4.7005520173115656e-05
test_01267,0.23590396344661713
test_01268,0.04414347559213638
test_01269,0.8432536721229553
test_01270,0.9659111499786377
test_01271,0.800114631652832
test_01272,0.5657941699028015
test_01273,9.56024037712666e-10
test_01274,0.011409139260649681
test_01275,0.999901533126831
test_01276,0.05580982565879822
test_01277,0.04725313559174538
test_01278,0.8854245543479919
test_01279,0.003100435249507427
test_01280,0.6438109874725342
test_01281,0.4688282012939453
test_01282,0.999830961227417
test_01283,0.9994893074035645
test_01284,0.6553329229354858
test_01285,0.6674074530601501
test_01286,0.9913711547851562
test_01287,0.8512657284736633
test_01288,0.7041851282119751
test_01289,0.7922266125679016
test_01290,0.9999903440475464
test_01291,3.279248161902615e-08
test_01292,0.4496321380138397
test_01293,0.5558319687843323
test_01294,0.999119222164154
test_01295,0.9254865050315857
test_01296,0.7643166780471802
test_01297,0.9999843835830688
test_01298,0.11786145716905594
test_01299,0.9888021945953369
test_01300,0.10662074387073517
test_01301,0.9998897314071655
test_01302,0.6972638964653015
test_01303,0.020736029371619225
test_01304,0.0024005200248211622
test_01305,4.336714846431278e-05
test_01306,7.207871385617182e-05
test_01307,1.0
test_01308,0.9904513359069824
test_01309,0.25956836342811584
test_01310,0.6617372632026672
test_01311,0.736241340637207
test_01312,0.27800020575523376
test_01313,0.6201749444007874
test_01314,0.8855567574501038
test_01315,0.02393254078924656
test_01316,0.7543274164199829
test_01317,0.6762911677360535
test_01318,0.0005762469372712076
test_01319,2.430531458230689e-05
test_01320,0.5370939373970032
test_01321,0.13674701750278473
test_01322,0.9997429251670837
test_01323,0.013991767540574074
test_01324,0.012939412146806717
test_01325,0.9995985627174377
test_01326,0.0750284343957901
test_01327,0.9386788010597229
test_01328,0.999908447265625
test_01329,0.968812108039856
test_01330,0.8256888389587402
test_01331,3.6601090869226027e-06
test_01332,0.9953855872154236
test_01333,0.9986317753791809
test_01334,0.453574001789093
test_01335,0.9997923970222473
test_01336,0.25264889001846313
test_01337,0.9953970313072205
test_01338,0.9999821186065674
test_01339,0.8783424496650696
test_01340,0.025839276611804962
test_01341,0.9991459846496582
test_01342,0.6814829707145691
test_01343,0.9806338548660278
test_01344,0.5383136868476868
test_01345,0.836079478263855
test_01346,0.005039968993514776
test_01347,0.5154228210449219
test_01348,0.0016820637974888086
test_01349,0.10958237200975418
test_01350,0.9958781003952026
test_01351,0.9994223117828369
test_01352,0.9999998807907104
test_01353,1.0755766197689809e-05
test_01354,0.9088703393936157
test_01355,0.5863207578659058
test_01356,0.008997810073196888
test_01357,0.43742555379867554
test_01358,0.9999998807907104
test_01359,0.3658205568790436
test_01360,0.5944687724113464
test_01361,0.9999610185623169
test_01362,0.13472746312618256
test_01363,0.9999997615814209
test_01364,0.9833752512931824
test_01365,0.7853285670280457
test_01366,0.09691083431243896
test_01367,0.8578360676765442
test_01368,0.12025070190429688
test_01369,0.0338333323597908
test_01370,3.888570176968642e-07
test_01371,0.03162863105535507
test_01372,0.0776686742901802
test_01373,0.9999921321868896
test_01374,0.9999992847442627
test_01375,7.379041926469654e-05
test_01376,9.14389529498294e-05
test_01377,0.0005036859656684101
test_01378,5.803729408171421e-08
test_01379,0.031367793679237366
test_01380,0.1657913774251938
test_01381,0.010787197388708591
test_01382,0.9999439716339111
test_01383,0.9642113447189331
test_01384,0.9901025295257568
test_01385,0.9993964433670044
test_01386,0.016889242455363274
test_01387,0.520136296749115
test_01388,0.000651128008030355
test_01389,0.7050637006759644
test_01390,0.5468494296073914
test_01391,0.4096159338951111
test_01392,0.9609864950180054
test_01393,0.8514103293418884
test_01394,0.13086698949337006
test_01395,0.9998959302902222
test_01396,0.7714024186134338
test_01397,0.7752805948257446
test_01398,4.287456249585375e-05
test_01399,0.0042425962164998055
test_01400,0.2383582890033722
test_01401,4.2864587157964706e-05
test_01402,0.025869401171803474
test_01403,0.5244376063346863
test_01404,0.7889180183410645
test_01405,0.9998074173927307
test_01406,3.9302532968577e-05
test_01407,0.9627991318702698
test_01408,0.9999983310699463
test_01409,0.998225748538971
test_01410,0.999998927116394
test_01411,0.49340736865997314
test_01412,0.4119182527065277
test_01413,0.2436763197183609
test_01414,0.0009192242869175971
test_01415,0.7900410294532776
test_01416,1.0
test_01417,0.0010749896755442023
test_01418,0.31450995802879333
test_01419,0.10482850670814514
test_01420,0.5401272177696228
test_01421,0.5321283936500549
test_01422,0.002338241785764694
test_01423,0.46958020329475403
test_01424,0.9230944514274597
test_01425,0.9999990463256836
test_01426,0.8007894158363342
test_01427,0.027377979829907417
test_01428,0.998569130897522
test_01429,0.445970743894577
test_01430,0.05784759297966957
test_01431,0.30581235885620117
test_01432,0.9999920129776001
test_01433,0.8681083917617798
test_01434,0.99809330701828
test_01435,0.2956143021583557
test_01436,0.4668278098106384
test_01437,0.0009923464385792613
test_01438,0.4039957523345947
test_01439,0.9965128302574158
test_01440,0.9930534958839417
test_01441,0.37654128670692444
test_01442,0.1944257915019989
test_01443,0.529981791973114
test_01444,0.06218019872903824
test_01445,0.3840388357639313
test_01446,0.01591230370104313
test_01447,0.46383151412010193
test_01448,0.9999971389770508
test_01449,0.944464385509491
test_01450,0.9962789416313171
test_01451,0.04688403010368347
test_01452,0.9999027252197266
test_01453,0.9828007221221924
test_01454,0.99982750415802
test_01455,0.9992730021476746
test_01456,0.9150298833847046
test_01457,0.9864149689674377
test_01458,0.9994637370109558
test_01459,0.9990196228027344
test_01460,2.0614561435650103e-07
test_01461,0.00021660744096152484
test_01462,0.00016321410657837987
test_01463,0.9971285462379456
test_01464,0.053093090653419495
test_01465,0.958807647228241
test_01466,0.63456791639328
test_01467,0.9999750852584839
test_01468,0.9901940226554871
test_01469,0.03076559118926525
test_01470,0.12024945765733719
test_01471,0.7418180108070374
test_01472,0.9443866610527039
test_01473,2.7688205591402948e-05
test_01474,0.9876176714897156
test_01475,0.30209609866142273
test_01476,0.005019946955144405
test_01477,0.522339403629303
test_01478,0.004185657016932964
test_01479,0.4693501591682434
test_01480,0.9979947805404663
test_01481,0.9272747039794922
test_01482,0.03963751345872879
test_01483,0.466844379901886
test_01484,0.28874582052230835
test_01485,0.4861282706260681
test_01486,0.998708963394165
test_01487,0.6395975947380066
test_01488,0.9952276945114136
test_01489,0.24897685647010803
test_01490,0.9318343997001648
test_01491,0.00017358352488372475
test_01492,0.0006366909947246313
test_01493,7.818616722943261e-06
test_01494,2.7563211801862053e-07
test_01495,0.002934065880253911
test_01496,0.8687067627906799
test_01497,0.8012403845787048
test_01498,0.9362862706184387
test_01499,0.5763722658157349
test_01500,0.004852330777794123
test_01501,0.22935493290424347
test_01502,0.22909769415855408
test_01503,0.996528685092926
test_01504,0.38949838280677795
test_01505,3.479660790617345e-07
test_01506,0.9445958137512207
test_01507,0.9552266001701355
test_01508,0.9989420771598816
test_01509,0.9994532465934753
test_01510,0.61924147605896
test_01511,0.9999996423721313
test_01512,0.3685576915740967
test_01513,0.9999979734420776
test_01514,0.31737276911735535
test_01515,0.5746598839759827
test_01516,0.13198070228099823
test_01517,0.08232628554105759
test_01518,0.3929179608821869
test_01519,0.9139953255653381
test_01520,0.4867430031299591
test_01521,0.16550272703170776
test_01522,0.31481507420539856
test_01523,0.26950734853744507
test_01524,0.9999942779541016
test_01525,0.9874870777130127
test_01526,8.612003512098454e-06
test_01527,0.9999309778213501
test_01528,0.9970839619636536
test_01529,0.0015002068830654025
test_01530,0.9998830556869507
test_01531,0.021221574395895004
test_01532,0.9979780316352844
test_01533,0.9997405409812927
test_01534,1.0842628483942462e-07
test_01535,0.018880406394600868
test_01536,0.6481409668922424
test_01537,0.6971771121025085
test_01538,0.003719594795256853
test_01539,0.9999998807907104
test_01540,0.18832726776599884
test_01541,0.958688497543335
test_01542,0.9678482413291931
test_01543,0.9964146614074707
test_01544,0.0014989960473030806
test_01545,0.9712392687797546
test_01546,0.999757707118988
test_01547,0.7650700211524963
test_01548,0.5670741200447083
test_01549,0.5818049311637878
test_01550,0.9968703389167786
test_01551,0.00012608552060555667
test_01552,0.9338433146476746
test_01553,0.9943286776542664
test_01554,0.4032222628593445
test_01555,0.38083210587501526
test_01556,0.39523279666900635
test_01557,0.9999996423721313
test_01558,0.984641969203949
test_01559,0.0043516382575035095
test_01560,0.997153639793396
test_01561,0.047576677054166794
test_01562,0.2310533970594406
test_01563,0.38481271266937256
test_01564,0.006981855724006891
test_01565,0.3372935652732849
test_01566,0.9993436932563782
test_01567,0.0005379486829042435
test_01568,5.6598342780489475e-05
test_01569,0.0019581993110477924
test_01570,0.46630924940109253
test_01571,0.9992309808731079
test_01572,0.997067391872406
test_01573,0.8295139074325562
test_01574,0.027708565816283226
test_01575,0.2503267526626587
test_01576,0.999852180480957
test_01577,0.00011295592412352562
test_01578,0.9953138828277588
test_01579,0.9504856467247009
test_01580,0.8784511089324951
test_01581,0.998710036277771
test_01582,2.833734015439404e-06
test_01583,0.00030094842077232897
test_01584,0.5191603302955627
test_01585,0.4584696888923645
test_01586,0.8457246422767639
test_01587,0.9716290235519409
test_01588,0.0007913833251222968
test_01589,0.10246816277503967
test_01590,0.9927632212638855
test_01591,0.5108442902565002
test_01592,0.004775070585310459
test_01593,0.0008720164769329131
test_01594,0.9699263572692871
test_01595,0.9844948649406433
test_01596,1.348682076240948e-06
test_01597,0.531533420085907
test_01598,1.264506863662973e-05
test_01599,0.9908483028411865
test_01600,0.06156563386321068
test_01601,0.9871554374694824
test_01602,0.2630312144756317
test_01603,0.9999963045120239
test_01604,0.5869406461715698
test_01605,0.8235463500022888
test_01606,1.4844920769974124e-05
test_01607,0.999992847442627
test_01608,0.9969731569290161
test_01609,0.9999916553497314
test_01610,0.9956566095352173
test_01611,0.0006766394362784922
test_01612,0.535695493221283
test_01613,5.0667576942942105e-06
test_01614,0.00042479345574975014
test_01615,0.9020770192146301
test_01616,0.002712779911234975
test_01617,0.9759876728057861
test_01618,0.9999315738677979
test_01619,0.00025501419440843165
test_01620,0.48879557847976685
test_01621,0.2956800162792206
test_01622,0.9998887777328491
test_01623,0.9455283284187317
test_01624,0.07348908483982086
test_01625,0.847288966178894
test_01626,0.875178873538971
test_01627,0.6547166109085083
test_01628,0.0034781298600137234
test_01629,0.9999634027481079
test_01630,0.3528740406036377
test_01631,1.0
test_01632,0.5862648487091064
test_01633,0.9999935626983643
test_01634,0.07819952815771103
test_01635,0.8974028825759888
test_01636,0.9738449454307556
test_01637,0.00016573318862356246
test_01638,0.9956870675086975
test_01639,0.3154253661632538
test_01640,0.022365901619195938
test_01641,0.046540483832359314
test_01642,0.6441092491149902
test_01643,6.285341669354239e-07
test_01644,0.999811589717865
test_01645,0.8693105578422546
test_01646,0.5337651968002319
test_01647,0.9999513626098633
test_01648,0.9995342493057251
test_01649,5.168009738554247e-05
test_01650,0.642638087272644
test_01651,0.1508505791425705
test_01652,0.9999998807907104
test_01653,0.00041725210030563176
test_01654,0.878598690032959
test_01655,0.9998644590377808
test_01656,0.6128198504447937
test_01657,0.46671581268310547
test_01658,0.6614827513694763
test_01659,0.00018358525994699448
test_01660,0.9997130036354065
test_01661,1.9608962702477584e-06
test_01662,0.47668200731277466
test_01663,0.352164089679718
test_01664,0.01495305448770523
test_01665,0.9890497922897339
test_01666,0.0001835586444940418
test_01667,0.4788818657398224
test_01668,0.9973989725112915
test_01669,7.951031761876948e-07
test_01670,0.6942680478096008
test_01671,0.916159987449646
test_01672,0.9999964237213135
test_01673,0.05554872751235962
test_01674,0.0013950910652056336
test_01675,0.00016494996089022607
test_01676,0.9998557567596436
test_01677,0.6399950981140137
test_01678,0.9884953498840332
test_01679,0.9998418092727661
test_01680,0.0021841854322701693
test_01681,0.7162022590637207
test_01682,0.8889716863632202
test_01683,0.00014859939983580261
test_01684,0.9837903380393982
test_01685,0.994293212890625
test_01686,0.9975214600563049
test_01687,0.870406985282898
test_01688,0.3562038242816925
test_01689,2.57289684668649e-05
test_01690,0.9995394945144653
test_01691,0.0003698296204674989
test_01692,0.18922896683216095
test_01693,0.009702573530375957
test_01694,0.012444929219782352
test_01695,0.012220778502523899
test_01696,0.8368617296218872
test_01697,0.45874035358428955
test_01698,0.8813300728797913
test_01699,0.20505718886852264
test_01700,0.7650927305221558
test_01701,6.282680260483176e-05
test_01702,1.2376722224871628e-05
test_01703,0.9733138680458069
test_01704,0.00035712277167476714
test_01705,0.6950808167457581
test_01706,0.9995296001434326
test_01707,0.9152989983558655
test_01708,0.9894014000892639
test_01709,0.9974344372749329
test_01710,0.7222591638565063
test_01711,2.6111138140549883e-05
test_01712,0.23863765597343445
test_01713,0.00022574368631467223
test_01714,0.0005414080223999918
test_01715,0.9171577095985413
test_01716,0.7718743085861206
test_01717,0.9999997615814209
test_01718,0.059072934091091156
test_01719,0.873393177986145
test_01720,0.6194815635681152
test_01721,0.0013470016419887543
test_01722,0.07660122960805893
test_01723,0.0003281350655015558
test_01724,1.9542614609235898e-05
test_01725,9.626815153751522e-05
test_01726,0.10740046948194504
test_01727,0.9972339272499084
test_01728,0.46440088748931885
test_01729,0.9999895095825195
test_01730,0.19645623862743378
test_01731,0.0025178648065775633
test_01732,0.029238304123282433
test_01733,0.6424864530563354
test_01734,0.9995591044425964
test_01735,0.2739679217338562
test_01736,0.9976674914360046
test_01737,1.0
test_01738,0.9994539618492126
test_01739,0.7254265546798706
test_01740,0.31932532787323
test_01741,0.856969952583313
test_01742,0.0021559062879532576
test_01743,0.9998675584793091
test_01744,0.9970782995223999
test_01745,3.632562220445834e-05
test_01746,0.2818909287452698
test_01747,1.0
test_01748,0.6203895211219788
test_01749,0.9440922737121582
test_01750,0.9999872446060181
test_01751,0.00323355570435524
test_01752,0.2930869162082672
test_01753,0.6310368776321411
test_01754,0.048360675573349
test_01755,0.5336858630180359
test_01756,0.6504346132278442
test_01757,0.7478777170181274
test_01758,1.0829192433448043e-05
test_01759,0.799464762210846
test_01760,0.9207443594932556
test_01761,0.5662256479263306
test_01762,0.4128752648830414
test_01763,1.3580768731813464e-09
test_01764,0.979822039604187
test_01765,0.9975916147232056
test_01766,6.219208898983197e-06
test_01767,2.645116182975471e-05
test_01768,0.625253438949585
test_01769,0.9887323379516602
test_01770,0.5041112303733826
test_01771,2.619883616716834e-07
test_01772,0.5303410887718201
test_01773,0.6349082589149475
test_01774,0.9999920129776001
test_01775,0.9946916699409485
test_01776,0.9999212026596069
test_01777,0.9984303116798401
test_01778,0.9999983310699463
test_01779,0.40175673365592957
test_01780,0.09349989891052246
test_01781,0.8056319355964661
test_01782,0.05795213207602501
test_01783,0.785430908203125
test_01784,0.7972859740257263
test_01785,0.9996253252029419
test_01786,0.5890907645225525
test_01787,0.5630550980567932
test_01788,0.9999992847442627
test_01789,0.8772006034851074
test_01790,4.806842753168894e-06
test_01791,0.9450950622558594
test_01792,0.13290756940841675
test_01793,0.05644086003303528
test_01794,0.9978048205375671
test_01795,0.00011561950668692589
test_01796,0.08659856021404266
test_01797,6.590390694327652e-05
test_01798,0.9884210824966431
test_01799,0.4437854290008545
test_01800,0.9993801116943359
test_01801,0.8555435538291931
test_01802,0.26047420501708984
test_01803,0.9999992847442627
test_01804,0.9996997117996216
test_01805,0.5736575126647949
test_01806,0.5261309146881104
test_01807,0.9646759629249573
test_01808,0.9999985694885254
test_01809,0.9993065595626831
test_01810,0.9999710321426392
test_01811,0.9999973773956299
test_01812,0.027912506833672523
test_01813,0.056109920144081116
test_01814,0.00010226356971543282
test_01815,0.9354722499847412
test_01816,0.8563570380210876
test_01817,0.00012508976215030998
test_01818,0.9999980926513672
test_01819,0.9034945368766785
test_01820,1.3767529708275106e-05
test_01821,0.9999847412109375
test_01822,0.894335150718689
test_01823,6.834754984197389e-10
test_01824,0.899964451789856
test_01825,0.09586992859840393
test_01826,0.9932019114494324
test_01827,1.3540423123015177e-12
test_01828,0.9743203520774841
test_01829,0.007028248626738787
test_01830,0.9929081201553345
test_01831,4.993562106392346e-05
test_01832,0.005657702684402466
test_01833,0.0004614714707713574
test_01834,0.028800025582313538
test_01835,0.9289695620536804
test_01836,0.001828073407523334
test_01837,0.9999823570251465
test_01838,0.0001408957177773118
test_01839,0.998454213142395
test_01840,0.002248145407065749
test_01841,0.9917128086090088
test_01842,0.6172754764556885
test_01843,5.8753019402502105e-05
test_01844,0.998940646648407
test_01845,0.4274241328239441
test_01846,0.8835266828536987
test_01847,0.6062134504318237
test_01848,0.0002007165167015046
test_01849,0.9908108711242676
test_01850,0.9913185834884644
test_01851,0.9809858202934265
test_01852,0.006682191975414753
test_01853,0.01979011297225952
test_01854,0.002011931734159589
test_01855,0.2978721857070923
test_01856,0.9028717875480652
test_01857,0.0012777828378602862
test_01858,0.9958309531211853
test_01859,0.07102842628955841
test_01860,0.9999991655349731
test_01861,0.09875469654798508
test_01862,0.972087562084198
test_01863,0.1850922852754593
test_01864,0.002053373260423541
test_01865,0.3757220208644867
test_01866,0.669948399066925
test_01867,0.004563489928841591
test_01868,0.6606128811836243
test_01869,0.8888785243034363
test_01870,0.007388935424387455
test_01871,0.9996368885040283
test_01872,0.04415750131011009
test_01873,0.9997989535331726
test_01874,0.26398590207099915
test_01875,0.2514002025127411
test_01876,0.9949012994766235
test_01877,0.8720864057540894
test_01878,0.03262685239315033
test_01879,0.9771058559417725
test_01880,0.9999072551727295
test_01881,0.5123761892318726
test_01882,0.0003245032567065209
test_01883,0.24782128632068634
test_01884,0.08357958495616913
test_01885,0.004015972837805748
test_01886,4.093129246030003e-05
test_01887,0.7376919388771057
test_01888,0.022914398461580276
test_01889,0.08859365433454514
test_01890,0.920600950717926
test_01891,0.14554324746131897
test_01892,0.00011558655387489125
test_01893,0.7561693787574768
test_01894,0.027592746540904045
test_01895,1.911219271732989e-07
test_01896,0.8545464873313904
test_01897,0.004069751128554344
test_01898,0.9459847807884216
test_01899,0.7438377737998962
test_01900,0.9999686479568481
test_01901,0.12840168178081512
test_01902,0.9972342848777771
test_01903,7.996756146155803e-09
test_01904,3.311191903776489e-05
test_01905,0.9887431859970093
test_01906,0.3407498896121979
test_01907,0.9995463490486145
test_01908,0.9924539923667908
test_01909,0.0006533184787258506
test_01910,7.980143768016035e-10
test_01911,0.024034926667809486
test_01912,0.8085202574729919
test_01913,2.452654007356614e-05
test_01914,0.5465643405914307
test_01915,0.12314559519290924
test_01916,0.9698282480239868
test_01917,0.9982137680053711
test_01918,0.6271388530731201
test_01919,0.8858039975166321
test_01920,0.961758553981781
test_01921,1.5571611584164202e-05
test_01922,0.9989269375801086
test_01923,0.4789030849933624
test_01924,0.3428839147090912
test_01925,0.9029277563095093
test_01926,1.8344410364079522e-06
test_01927,0.9998809099197388
test_01928,0.6561668515205383
test_01929,0.7974951863288879
test_01930,0.9999521970748901
test_01931,0.1347595602273941
test_01932,0.980137050151825
test_01933,0.8502563834190369
test_01934,0.9079836010932922
test_01935,1.691478246357292e-05
test_01936,0.15682047605514526
test_01937,0.7411965131759644
test_01938,0.007181204855442047
test_01939,0.9999994039535522
test_01940,0.000563626701477915
test_01941,0.9982732534408569
test_01942,0.9994214773178101
test_01943,0.021757451817393303
test_01944,0.9267140030860901
test_01945,0.10564584285020828
test_01946,0.3326151669025421
test_01947,0.005349108017981052
test_01948,0.004991615656763315
test_01949,0.010649174451828003
test_01950,0.9922561645507812
test_01951,0.26851987838745117
test_01952,1.0
test_01953,0.0005427025025710464
test_01954,0.9982692003250122
test_01955,0.1701221764087677
test_01956,0.9950665235519409
test_01957,0.7282470464706421
test_01958,0.3281165659427643
test_01959,0.0037225906271487474
test_01960,0.9995068311691284
test_01961,0.9990586638450623
test_01962,2.979793407575926e-07
test_01963,0.13161137700080872
test_01964,2.8952328648301773e-05
test_01965,0.5265370607376099
test_01966,1.1977657088380056e-08
test_01967,0.1839979588985443
test_01968,0.6111034750938416
test_01969,0.0030630731489509344
test_01970,0.7707494497299194
test_01971,0.999305248260498
test_01972,0.9999604225158691
test_01973,0.01137575600296259
test_01974,0.6640858054161072
test_01975,0.9990342855453491
test_01976,0.5070438981056213
test_01977,9.764067726791836e-06
test_01978,0.9999998807907104
test_01979,0.0023771871346980333
test_01980,0.00013449270045384765
test_01981,0.2960595190525055
test_01982,6.797566243221809e-08
test_01983,0.7006184458732605
test_01984,0.4441591501235962
test_01985,0.9978393316268921
test_01986,0.8874136209487915
test_01987,7.001476478762925e-05
test_01988,0.7607465386390686
test_01989,0.8818956017494202
test_01990,0.44804152846336365
test_01991,0.996802806854248
test_01992,0.10261424630880356
test_01993,0.9998825788497925
test_01994,0.0278551634401083
test_01995,1.0
test_01996,0.9998613595962524
test_01997,0.40187913179397583
test_01998,0.00036402358091436327
test_01999,0.5030329823493958
test_02000,0.9553398489952087
test_02001,0.4164975583553314
test_02002,0.5015168190002441
test_02003,0.9706645011901855
test_02004,2.2013593479641713e-05
test_02005,0.7658111453056335
test_02006,1.8409219819659484e-06
test_02007,0.059447068721055984
test_02008,0.5664156079292297
test_02009,0.9819097518920898
test_02010,0.9358420372009277
test_02011,0.9995372295379639
test_02012,0.8280963897705078
test_02013,0.08719366788864136
test_02014,0.05878603830933571
test_02015,9.886288171401247e-05
test_02016,0.4580400586128235
test_02017,0.9540905356407166
test_02018,0.7783032059669495
test_02019,0.9825710654258728
test_02020,0.8576934337615967
test_02021,0.9999877214431763
test_02022,0.06754148006439209
test_02023,0.04226117208600044
test_02024,0.3090302050113678
test_02025,0.9781360030174255
test_02026,0.9999688863754272
test_02027,0.20104092359542847
test_02028,0.7737186551094055
test_02029,0.5128557682037354
test_02030,0.17820966243743896
test_02031,0.7057633399963379
test_02032,0.00080271897604689
test_02033,1.2996501097539692e-10
test_02034,0.005597537383437157
test_02035,0.48578381538391113
test_02036,0.0004683639854192734
test_02037,0.0036914548836648464
test_02038,0.9732779860496521
test_02039,0.9999022483825684
test_02040,0.5937084555625916
test_02041,0.9809762239456177
test_02042,0.3505917489528656
test_02043,0.00015046377666294575
test_02044,0.24374723434448242
test_02045,0.6723130941390991
test_02046,3.0876417440595105e-06
test_02047,0.03456619009375572
test_02048,0.999998927116394
test_02049,0.0008695529541000724
test_02050,0.9099977612495422
test_02051,1.0
test_02052,0.04844819754362106
test_02053,0.8440372943878174
test_02054,0.31821751594543457
test_02055,0.9879072308540344
test_02056,0.9999383687973022
test_02057,0.9999936819076538
test_02058,0.8875762224197388
test_02059,0.9991863369941711
test_02060,0.9999945163726807
test_02061,0.8784304261207581
test_02062,0.0009083395125344396
test_02063,0.04471763223409653
test_02064,0.9958001971244812
test_02065,0.9998051524162292
test_02066,0.9999953508377075
test_02067,0.27714434266090393
test_02068,0.005377199966460466
test_02069,0.9988340735435486
test_02070,0.00015759952657390386
test_02071,0.013839209452271461
test_02072,0.47457197308540344
test_02073,0.1265239715576172
test_02074,0.9999977350234985
test_02075,0.44428306818008423
test_02076,0.3150552809238434
test_02077,0.46979010105133057
test_02078,0.9999179840087891
test_02079,0.00010609286255203187
test_02080,0.9941500425338745
test_02081,0.00930762942880392
test_02082,0.9969730377197266
test_02083,3.523178384057246e-05
test_02084,2.6001876904047094e-05
test_02085,0.01732097566127777
test_02086,0.019529083743691444
test_02087,4.682883809437044e-05
test_02088,0.6258704662322998
test_02089,0.007614969741553068
test_02090,0.6246840357780457
test_02091,0.37447744607925415
test_02092,0.5182106494903564
test_02093,0.0615675263106823
test_02094,0.9788373708724976
test_02095,0.0009645605459809303
test_02096,0.0016382343601435423
test_02097,0.00030113066895864904
test_02098,0.9974373579025269
test_02099,0.9996092915534973
test_02100,0.5851982831954956
test_02101,0.9850839972496033
test_02102,0.9973717927932739
test_02103,0.18587420880794525
test_02104,0.27721479535102844
test_02105,0.9736291766166687
test_02106,0.9999879598617554
test_02107,0.0006639161729253829
test_02108,1.254829294339288e-05
test_02109,0.0007868591346777976
test_02110,0.7584133744239807
test_02111,0.0001416796731064096
test_02112,0.6635673642158508
test_02113,0.9980050921440125
test_02114,0.9999960660934448
test_02115,0.16526180505752563
test_02116,0.9999969005584717
test_02117,8.196331327781081e-05
test_02118,0.047783784568309784
test_02119,0.16788972914218903
test_02120,0.00483317207545042
test_02121,0.4493086636066437
test_02122,0.0029322418849915266
test_02123,0.007230374030768871
test_02124,0.1332414597272873
test_02125,0.9983653426170349
test_02126,0.17347931861877441
test_02127,0.14940491318702698
test_02128,1.7460428125559702e-06
test_02129,0.9697979688644409
test_02130,0.6896608471870422
test_02131,0.9892075657844543
test_02132,0.9892569184303284
test_02133,0.9956920742988586
test_02134,0.0006046312628313899
test_02135,0.9999997615814209
test_02136,0.6337806582450867
test_02137,0.006411577574908733
test_02138,0.976763129234314
test_02139,0.22654186189174652
test_02140,0.44443145394325256
test_02141,0.9999163150787354
test_02142,0.9914901852607727
test_02143,0.01281567569822073
test_02144,0.7279135584831238
test_02145,0.001491896458901465
test_02146,1.2051948488078779e-06
test_02147,0.09326749294996262
test_02148,0.9999841451644897
test_02149,1.3598813915216557e-12
test_02150,1.0
test_02151,3.974574792664498e-05
test_02152,0.0023733454290777445
test_02153,0.9998972415924072
test_02154,0.9999995231628418
test_02155,0.9296266436576843
test_02156,0.5002923011779785
test_02157,6.51764230497065e-06
test_02158,0.0011639583390206099
test_02159,0.9959741234779358
test_02160,0.9997082352638245
test_02161,0.967979907989502
test_02162,0.949364423751831
test_02163,0.04505479335784912
test_02164,0.0027041875291615725
test_02165,0.2984671890735626
test_02166,5.066037829237757e-06
test_02167,0.17733648419380188
test_02168,0.14566749334335327
test_02169,5.242720817477675e-06
test_02170,0.9098984003067017
test_02171,0.03057907335460186
test_02172,0.9997082352638245
test_02173,3.1959787065716228e-06
test_02174,0.8081398606300354
test_02175,0.5667707324028015
test_02176,0.031596969813108444
test_02177,0.029706664383411407
test_02178,0.0710311159491539
test_02179,0.2733215391635895
test_02180,0.9999217987060547
test_02181,0.9999986886978149
test_02182,0.13482807576656342
test_02183,0.0015344817657023668
test_02184,6.330866017378867e-05
test_02185,0.9998788833618164
test_02186,0.01858571544289589
test_02187,0.9881523251533508
test_02188,0.10956596583127975
test_02189,0.9999878406524658
test_02190,0.9999971389770508
test_02191,0.8091462850570679
test_02192,0.007944605313241482
test_02193,0.00020452702301554382
test_02194,0.9967341423034668
test_02195,0.7230343222618103
test_02196,0.002454920206218958
test_02197,0.703571617603302
test_02198,0.08529378473758698
test_02199,0.526619553565979
test_02200,0.9429322481155396
test_02201,0.016558215022087097
test_02202,0.0014327098615467548
test_02203,0.16362881660461426
test_02204,0.6644358038902283
test_02205,0.012094300240278244
test_02206,0.9964613318443298
test_02207,0.07983115315437317
test_02208,0.9841902852058411
test_02209,0.7791986465454102
test_02210,4.349940638803673e-07
test_02211,0.5809019804000854
test_02212,0.018559323623776436
test_02213,0.9856049418449402
test_02214,0.9999935626983643
test_02215,0.5763943195343018
test_02216,0.004811151884496212
test_02217,6.312915274975239e-07
test_02218,0.9780162572860718
test_02219,0.00025334180099889636
test_02220,0.07920372486114502
test_02221,0.23817376792430878
test_02222,0.3442211151123047
test_02223,0.1633071005344391
test_02224,0.43775832653045654
test_02225,0.003387564094737172
test_02226,0.5025385618209839
test_02227,0.9189372658729553
test_02228,0.9975146055221558
test_02229,0.7004266381263733
test_02230,0.7153878808021545
test_02231,0.22954846918582916
test_02232,0.4925099015235901
test_02233,0.9578037261962891
test_02234,5.219355969643402e-08
test_02235,0.5261649489402771
test_02236,0.07981719821691513
test_02237,0.9995304346084595
test_02238,0.015106964856386185
test_02239,0.9990032315254211
test_02240,0.8076877593994141
test_02241,0.9998123049736023
test_02242,0.0015821100678294897
test_02243,2.607557689771056e-07
test_02244,0.10932335257530212
test_02245,0.0005565491155721247
test_02246,0.4654349088668823
test_02247,0.999803364276886
test_02248,0.8456957936286926
test_02249,0.9961250424385071
test_02250,0.9999995231628418
test_02251,3.693235703394748e-05
test_02252,0.9999998807907104
test_02253,0.988004744052887
test_02254,0.00021197022579144686
test_02255,0.79735267162323
test_02256,0.0011746124364435673
test_02257,0.9678507447242737
test_02258,7.549308065790683e-05
test_02259,0.9905077219009399
test_02260,0.5015446543693542
test_02261,0.0318182148039341
test_02262,0.00024408313038293272
test_02263,0.99852055311203
test_02264,0.4160849153995514
test_02265,0.9979185461997986
test_02266,0.9987707734107971
test_02267,2.1623418611227407e-09
test_02268,0.00025104673113673925
test_02269,0.9953411817550659
test_02270,0.9999978542327881
test_02271,0.5807189345359802
test_02272,6.0510559706017375e-05
test_02273,0.4600827693939209
test_02274,0.6972835063934326
test_02275,0.9989832043647766
test_02276,0.9949759244918823
test_02277,0.9998531341552734
test_02278,0.7042397260665894
test_02279,0.9153054356575012
test_02280,4.144855211052345e-06
test_02281,0.5924765467643738
test_02282,0.0005981278955005109
test_02283,0.8172311186790466
test_02284,0.013237487524747849
test_02285,0.9866031408309937
test_02286,7.806710345903412e-05
test_02287,0.00015858796541579068
test_02288,0.2312697023153305
test_02289,3.250763569440096e-08
test_02290,0.6309791803359985
test_02291,0.0008796866168268025
test_02292,0.025777529925107956
test_02293,0.23730537295341492
test_02294,0.9733043909072876
test_02295,0.5686686635017395
test_02296,0.9962943196296692
test_02297,0.9384630918502808
test_02298,0.9998456239700317
test_02299,0.9999347925186157
test_02300,6.985310756135732e-05
test_02301,0.9581465125083923
test_02302,0.4417291581630707
test_02303,0.9999616146087646
test_02304,0.0003711231693159789
test_02305,0.9509178400039673
test_02306,0.9996175765991211
test_02307,0.2191411554813385
test_02308,0.466020792722702
test_02309,0.0922815203666687
test_02310,0.9112218618392944
test_02311,0.8045844435691833
test_02312,0.48402559757232666
test_02313,0.7442605495452881
test_02314,0.005480079911649227
test_02315,0.782123863697052
test_02316,0.11582010984420776
test_02317,0.020410984754562378
test_02318,0.9999635219573975
test_02319,0.9999992847442627
test_02320,0.554151713848114
test_02321,0.9800793528556824
test_02322,0.9999916553497314
test_02323,1.7057816964483052e-11
test_02324,0.9527835845947266
test_02325,0.5145703554153442
test_02326,0.0788055956363678
test_02327,0.35565879940986633
test_02328,0.008883891627192497
test_02329,0.0002312485739821568
test_02330,0.16418586671352386
test_02331,7.70181202369713e-07
test_02332,6.006287730997428e-05
test_02333,9.899336905760947e-10
test_02334,0.865707516670227
test_02335,0.9214010834693909
test_02336,0.8232443332672119
test_02337,1.0012488928623497e-05
test_02338,0.6508846282958984
test_02339,0.9811182618141174
test_02340,0.9999992847442627
test_02341,0.7643257975578308
test_02342,2.812947604979854e-05
test_02343,0.9730596542358398
test_02344,0.08752559870481491
test_02345,0.10030456632375717
test_02346,0.134413480758667
test_02347,0.8374333381652832
test_02348,0.4152442514896393
test_02349,0.7225146889686584
test_02350,0.00017900696548167616
test_02351,7.208297603256142e-08
test_02352,0.0024607235100120306
test_02353,0.20677004754543304
test_02354,0.9731822609901428
test_02355,0.998471200466156
test_02356,0.9895374774932861
test_02357,3.9535711948701646e-07
test_02358,0.10743185132741928
test_02359,0.9999703168869019
test_02360,0.6198500394821167
test_02361,0.06024743616580963
test_02362,0.9983392953872681
test_02363,0.9949433207511902
test_02364,0.9950118064880371
test_02365,0.7276445627212524
test_02366,2.6272823561157566e-06
test_02367,0.7870157361030579
test_02368,0.0008205682970583439
test_02369,0.15790298581123352
test_02370,0.6549878120422363
test_02371,0.9998791217803955
test_02372,9.609636617824435e-05
test_02373,4.3793883378384635e-05
test_02374,0.9999837875366211
test_02375,0.9992076754570007
test_02376,0.5108228921890259
test_02377,0.3563532531261444
test_02378,0.8524141907691956
test_02379,0.003127675037831068
test_02380,0.9389680027961731
test_02381,0.9999854564666748
test_02382,0.9991011619567871
test_02383,0.4606924057006836
test_02384,7.039743010750499e-09
test_02385,0.9711539149284363
test_02386,2.396449781372212e-05
test_02387,0.9999954700469971
test_02388,1.7741398039561318e-07
test_02389,3.352200073081235e-09
test_02390,0.0695289745926857
test_02391,0.00012267212150618434
test_02392,0.9957727789878845
test_02393,0.0008647111244499683
test_02394,0.46038833260536194
test_02395,0.9992287158966064
test_02396,0.22567619383335114
test_02397,0.9530946016311646
test_02398,0.9999498128890991
test_02399,0.9606565833091736
test_02400,1.0
test_02401,0.9999804496765137
test_02402,0.9999731779098511
test_02403,0.04225891828536987
test_02404,0.9301148056983948
test_02405,0.573940098285675
test_02406,0.6278191208839417
test_02407,0.9999923706054688
test_02408,0.1126464232802391
test_02409,0.31738388538360596
test_02410,0.715386152267456
test_02411,0.9988357424736023
test_02412,0.9625598192214966
test_02413,0.9766437411308289
test_02414,0.833558201789856
test_02415,0.9735959768295288
test_02416,0.010734321549534798
test_02417,0.9935938715934753
test_02418,0.21977850794792175
test_02419,0.8821796178817749
test_02420,0.010824445635080338
test_02421,0.9975714087486267
test_02422,0.009626753628253937
test_02423,0.9995693564414978
test_02424,0.29063519835472107
test_02425,3.623400334618054e-05
test_02426,1.0
test_02427,0.9546746611595154
test_02428,4.209813596389722e-06
test_02429,3.430772994761355e-05
test_02430,0.9997283816337585
test_02431,0.0154401371255517
test_02432,0.9607800245285034
test_02433,0.9998347759246826
test_02434,0.9879958033561707
test_02435,0.03188873454928398
test_02436,0.8173386454582214
test_02437,0.024440040811896324
test_02438,0.9949473142623901
test_02439,0.9985290765762329
test_02440,0.9979374408721924
test_02441,0.6433796882629395
test_02442,0.0235495176166296
test_02443,0.9821425080299377
test_02444,0.4422529637813568
test_02445,0.32994747161865234
test_02446,0.3104249835014343
test_02447,0.4652882218360901
test_02448,0.9999524354934692
test_02449,5.529247726343556e-09
test_02450,0.9593305587768555
test_02451,1.0
test_02452,1.1095166883023921e-06
test_02453,0.7229544520378113
test_02454,0.9715714454650879
test_02455,0.8638361096382141
test_02456,0.2567342221736908
test_02457,0.050934165716171265
test_02458,0.0016354067483916879
test_02459,2.1652460418408737e-05
test_02460,0.8957604169845581
test_02461,0.9965168237686157
test_02462,0.9999896287918091
test_02463,0.03995285555720329
test_02464,0.40639960765838623
test_02465,0.14330251514911652
test_02466,0.004154101479798555
test_02467,2.6532004994805902e-05
test_02468,0.13791827857494354
test_02469,0.6506263017654419
test_02470,0.9991276860237122
test_02471,0.8369574546813965
test_02472,0.00018380033725406975
test_02473,0.9989147186279297
test_02474,0.017392631620168686
test_02475,0.05363798886537552
test_02476,0.6011337041854858
test_02477,0.01925862766802311
test_02478,0.5417423844337463
test_02479,0.9999995231628418
test_02480,0.999998927116394
test_02481,0.9999946355819702
test_02482,0.8694628477096558
test_02483,0.22879211604595184
test_02484,0.6124374866485596
test_02485,0.15533284842967987
test_02486,0.9997434020042419
test_02487,0.9053782224655151
test_02488,0.0013201991096138954
test_02489,0.994417667388916
test_02490,0.9449629187583923
test_02491,0.06522031128406525
test_02492,0.015218520537018776
test_02493,0.002376158256083727
test_02494,0.9988886713981628
test_02495,4.731213994091377e-05
test_02496,0.9999644756317139
test_02497,0.8977003693580627
test_02498,0.16789114475250244
test_02499,0.058399174362421036
test_02500,0.6375343203544617
test_02501,0.0007631788612343371
test_02502,8.966437599156052e-05
test_02503,0.4027867019176483
test_02504,0.9887720942497253
test_02505,0.48396846652030945
test_02506,0.7322174310684204
test_02507,0.5186569690704346
test_02508,0.007880537770688534
test_02509,0.994114100933075
test_02510,0.0149013577029109
test_02511,0.12906982004642487
test_02512,0.9958886504173279
test_02513,0.9999916553497314
test_02514,0.7059198021888733
test_02515,0.9999078512191772
test_02516,0.9998749494552612
test_02517,0.024583809077739716
test_02518,6.889335054438561e-05
test_02519,0.8232992887496948
test_02520,1.0019739420386031e-06
test_02521,0.0026067059952765703
test_02522,0.9625222086906433
test_02523,0.021614575758576393
test_02524,0.9915037751197815
test_02525,0.5838900208473206
test_02526,0.8408392667770386
test_02527,0.4855758249759674
test_02528,0.9743031859397888
test_02529,0.7677834033966064
test_02530,0.5019193291664124
test_02531,0.9999722242355347
test_02532,0.04882125183939934
test_02533,0.010639593005180359
test_02534,0.11220301687717438
test_02535,0.2559622526168823
test_02536,0.9999915361404419
test_02537,0.7243727445602417
test_02538,0.4615834951400757
test_02539,0.10904479026794434
test_02540,5.048844968769117e-07
test_02541,0.19417500495910645
test_02542,0.953040361404419
test_02543,0.6993827819824219
test_02544,0.5328351259231567
test_02545,0.41928932070732117
test_02546,1.841153971327003e-05
test_02547,0.9998906850814819
test_02548,0.12270128726959229
test_02549,0.9999707937240601
test_02550,0.9717398285865784
test_02551,9.252279414795339e-05
test_02552,0.9997542500495911
test_02553,0.9997727274894714
test_02554,0.9955551028251648
test_02555,0.9763962626457214
test_02556,0.21970954537391663
test_02557,0.956475555896759
test_02558,0.9998238682746887
test_02559,8.769796841079369e-05
test_02560,0.03524867817759514
test_02561,0.8839020729064941
test_02562,0.40730348229408264
test_02563,0.9999841451644897
test_02564,0.6221604347229004
test_02565,0.9920744895935059
test_02566,0.2204034924507141
test_02567,0.09726028889417648
test_02568,0.0589202381670475
test_02569,0.0015489174984395504
test_02570,0.5019944906234741
test_02571,0.005558972246944904
test_02572,0.9984111785888672
test_02573,0.022373108193278313
test_02574,0.4837137758731842
test_02575,0.36111128330230713
test_02576,0.9999558925628662
test_02577,0.7336925864219666
test_02578,1.0
test_02579,4.6042441681493074e-05
test_02580,0.0008441804675385356
test_02581,0.48814886808395386
test_02582,0.4889715313911438
test_02583,0.47582390904426575
test_02584,0.9798849821090698
test_02585,0.02637537755072117
test_02586,0.5037336349487305
test_02587,0.3148581385612488
test_02588,0.0011021412210538983
test_02589,0.002967503387480974
test_02590,0.9956580400466919
test_02591,0.4983866512775421
test_02592,0.7228346467018127
test_02593,0.9619414210319519
test_02594,0.9987780451774597
test_02595,0.9850637912750244
test_02596,3.169840510963695e-06
test_02597,0.9997095465660095
test_02598,0.9983622431755066
test_02599,0.22950394451618195
test_02600,0.9928648471832275
test_02601,4.477117556689336e-07
test_02602,0.01834224723279476
test_02603,0.2785162031650543
test_02604,0.0017489176243543625
test_02605,2.0839615899603814e-06
test_02606,0.21247796714305878
test_02607,0.9994096755981445
test_02608,0.9881188273429871
test_02609,0.9999959468841553
test_02610,0.17269334197044373
test_02611,0.36232784390449524
test_02612,0.608458936214447
test_02613,0.00495294900611043
test_02614,0.8136926889419556
test_02615,0.5694171786308289
test_02616,0.518146276473999
test_02617,0.9999995231628418
test_02618,0.3246161937713623
test_02619,0.9988868832588196
test_02620,0.0022914905566722155
test_02621,0.9194570183753967
test_02622,0.7627766728401184
test_02623,0.968643069267273
test_02624,0.9998787641525269
test_02625,1.899774906632956e-05
test_02626,0.9999369382858276
test_02627,0.9998553991317749
test_02628,0.04939107224345207
test_02629,0.0008263725903816521
test_02630,0.8084686994552612
test_02631,5.522966603166424e-05
test_02632,0.060449741780757904
test_02633,1.0
test_02634,0.5619298815727234
test_02635,0.25223737955093384
test_02636,0.10241615027189255
test_02637,0.7462370991706848
test_02638,0.8856489062309265
test_02639,0.018374763429164886
test_02640,0.6123037934303284
test_02641,0.999967098236084
test_02642,4.064307358930819e-05
test_02643,0.9999984502792358
test_02644,0.5445150136947632
test_02645,0.5865763425827026
test_02646,0.0029771532863378525
test_02647,0.00045787295675836504
test_02648,0.32206037640571594
test_02649,0.9999161958694458
test_02650,0.5420129299163818
test_02651,0.9859545826911926
test_02652,0.44412848353385925
test_02653,0.9981958270072937
test_02654,0.9835174083709717
test_02655,0.004079092759639025
test_02656,0.8626030087471008
test_02657,0.012349236756563187
test_02658,0.7244870662689209
test_02659,0.983178973197937
test_02660,0.4422103464603424
test_02661,0.9999910593032837
test_02662,0.9915184378623962
test_02663,1.1631570941972313e-06
test_02664,0.9959761500358582
test_02665,0.9999949932098389
test_02666,0.8635075688362122
test_02667,0.4120635688304901
test_02668,0.9994490742683411
test_02669,0.13179418444633484
test_02670,0.5511816740036011
test_02671,1.0476085662958212e-05
test_02672,0.999993085861206
test_02673,0.9998854398727417
test_02674,0.7256708145141602
test_02675,0.3160569667816162
test_02676,0.9999945163726807
test_02677,0.04620639607310295
test_02678,0.9999833106994629
test_02679,0.9924485683441162
test_02680,0.0033917005639523268
test_02681,0.0017812158912420273
test_02682,0.0031424909830093384
test_02683,0.995110809803009
test_02684,9.918866999214515e-05
test_02685,0.0706038549542427
test_02686,0.7556313276290894
test_02687,0.45174717903137207
test_02688,0.8555454611778259
test_02689,0.9586763381958008
test_02690,0.5618796348571777
test_02691,0.2102563977241516
test_02692,0.5974563956260681
test_02693,0.9557884335517883
test_02694,0.9999998807907104
test_02695,0.9978610873222351
test_02696,0.9895144701004028
test_02697,0.0011112415231764317
test_02698,3.999975433544023e-06
test_02699,0.9943485856056213
test_02700,0.00028868266963399947
test_02701,0.0048175714910030365
test_02702,0.8680238723754883
test_02703,0.0991571843624115
test_02704,0.00010507647675694898
test_02705,0.9999961853027344
test_02706,0.48749664425849915
test_02707,1.0
test_02708,0.987026035785675
test_02709,0.9991607666015625
test_02710,0.9999827146530151
test_02711,0.6785331964492798
test_02712,0.9984381794929504
test_02713,0.07844389230012894
test_02714,0.12504875659942627
test_02715,0.9994303584098816
test_02716,0.5754279494285583
test_02717,0.2348928451538086
test_02718,0.00040071632247418165
test_02719,0.9661187529563904
test_02720,4.338729559094645e-05
test_02721,0.017426230013370514
test_02722,4.674565388995688e-06
test_02723,0.999995231628418
test_02724,0.7721644639968872
test_02725,0.4072919189929962
test_02726,0.9997959733009338
test_02727,0.0033329129219055176
test_02728,0.03781189024448395
test_02729,0.0370858795940876
test_02730,0.9973970651626587
test_02731,0.2520676255226135
test_02732,0.9921733140945435
test_02733,0.8450869917869568
test_02734,3.9768991655364516e-08
test_02735,0.9999440908432007
test_02736,0.4520661532878876
test_02737,0.995280921459198
test_02738,0.9969416260719299
test_02739,0.5918346643447876
test_02740,0.9999943971633911
test_02741,0.623327374458313
test_02742,0.5270584225654602
test_02743,1.5111325410543941e-05
test_02744,0.0002655012649483979
test_02745,0.9960364699363708
test_02746,0.32048460841178894
test_02747,0.0015470145735889673
test_02748,0.00032382647623308003
test_02749,0.9638205170631409
test_02750,0.9027501344680786
test_02751,0.7203584313392639
test_02752,0.9998366832733154
test_02753,0.9706751704216003
test_02754,4.307392202917981e-07
test_02755,0.9207348227500916
test_02756,0.8766987919807434
test_02757,0.020853839814662933
test_02758,0.9192349314689636
test_02759,0.9891471862792969
test_02760,2.9453644856403116e-07
test_02761,0.9389960169792175
test_02762,0.007257938850671053
test_02763,0.0014264141209423542
test_02764,0.9878591895103455
test_02765,5.51775792700937e-06
test_02766,0.5417536497116089
test_02767,0.13115370273590088
test_02768,0.776273250579834
test_02769,8.280210295197321e-08
test_02770,0.605246901512146
test_02771,0.999091625213623
test_02772,0.9511486291885376
test_02773,0.0007984901894815266
test_02774,0.7696704268455505
test_02775,0.6819797158241272
test_02776,0.9494064450263977
test_02777,0.9998226761817932
test_02778,0.06574902683496475
test_02779,0.001654481515288353
test_02780,0.7995293736457825
test_02781,0.9568473696708679
test_02782,0.9740622043609619
test_02783,0.047638025134801865
test_02784,0.4110732674598694
test_02785,0.3630029857158661
test_02786,2.871209835575428e-05
test_02787,0.6454964876174927
test_02788,0.9999455213546753
test_02789,0.030143994837999344
test_02790,0.1468459814786911
test_02791,3.2502477552043274e-05
test_02792,0.446213960647583
test_02793,0.00502750976011157
test_02794,0.011075408197939396
test_02795,0.9989256262779236
test_02796,0.6286517381668091
test_02797,0.00039397142245434225
test_02798,0.23731358349323273
test_02799,0.05085425451397896
test_02800,7.226770685520023e-05
test_02801,1.0870064670598367e-07
test_02802,0.6189246773719788
test_02803,0.0024162980262190104
test_02804,0.08690831065177917
test_02805,0.0005773348966613412
test_02806,0.5971217155456543
test_02807,1.3234025573183317e-06
test_02808,0.012024140916764736
test_02809,0.4695311188697815
test_02810,0.9365581274032593
test_02811,6.154653231504881e-09
test_02812,0.31191346049308777
test_02813,0.682323157787323
test_02814,1.0
test_02815,0.035916779190301895
test_02816,0.8785061836242676
test_02817,0.0017923811683431268
test_02818,0.002828860655426979
test_02819,0.25684651732444763
test_02820,0.0008895242935977876
test_02821,0.4492183327674866
test_02822,0.9698634743690491
test_02823,0.9662172198295593
test_02824,2.9114492008375237e-06
test_02825,0.5667489171028137
test_02826,0.999980092048645
test_02827,0.9853644967079163
test_02828,1.0
test_02829,0.9962445497512817
test_02830,0.9971160888671875
test_02831,0.7177929878234863
test_02832,0.01654721610248089
test_02833,0.001621459610760212
test_02834,0.5866338610649109
test_02835,1.1987625302134486e-11
test_02836,0.9999978542327881
test_02837,0.9985640645027161
test_02838,2.6435247491463087e-05
test_02839,0.999998927116394
test_02840,0.9995478987693787
test_02841,0.9110787510871887
test_02842,0.999996542930603
test_02843,0.014150704257190228
test_02844,0.16415230929851532
test_02845,0.640530526638031
test_02846,0.9830567240715027
test_02847,0.7869077324867249
test_02848,0.0016263106372207403
test_02849,0.6466324329376221
test_02850,0.00033296371111646295
test_02851,0.9999825954437256
test_02852,1.126372772830564e-09
test_02853,0.36217471957206726
test_02854,0.4335854947566986
test_02855,0.9999686479568481
test_02856,0.006176237482577562
test_02857,0.999893069267273
test_02858,0.9999866485595703
test_02859,0.9082269072532654
test_02860,0.019595917314291
test_02861,0.9999984502792358
test_02862,0.05826599895954132
test_02863,0.10008075833320618
test_02864,0.3258398473262787
test_02865,0.5587974190711975
test_02866,0.9999969005584717
test_02867,0.7291286587715149
test_02868,0.0024993654806166887
test_02869,0.9950430393218994
test_02870,0.4528564214706421
test_02871,0.9999953508377075
test_02872,0.327130526304245
test_02873,0.808555006980896
test_02874,0.9999969005584717
test_02875,0.4145512282848358
test_02876,0.9583170413970947
test_02877,0.2946292757987976
test_02878,0.0004779515729751438
test_02879,0.006556787062436342
test_02880,0.6959884166717529
test_02881,0.007239196915179491
test_02882,0.00021344993729144335
test_02883,0.8732266426086426
test_02884,0.5813770294189453
test_02885,0.7074064612388611
test_02886,0.51261967420578
test_02887,0.1484837383031845
test_02888,1.981264904316049e-05
test_02889,0.3398731052875519
test_02890,7.279569724794044e-10
test_02891,0.0064222551882267
test_02892,0.16428840160369873
test_02893,0.17925164103507996
test_02894,0.003114903112873435
test_02895,0.8061951398849487
test_02896,0.9945488572120667
test_02897,0.09306937456130981
test_02898,0.5835801959037781
test_02899,0.3013419508934021
test_02900,0.5404513478279114
test_02901,0.6269665360450745
test_02902,2.6439032808411866e-05
test_02903,0.6022094488143921
test_02904,0.41808342933654785
test_02905,0.9999983310699463
test_02906,0.994998574256897
test_02907,0.9811182618141174
test_02908,0.6207095384597778
test_02909,0.4693552553653717
test_02910,0.0017250297823920846
test_02911,0.08155103027820587
test_02912,0.981734037399292
test_02913,0.022650234401226044
test_02914,0.48539021611213684
test_02915,0.9999995231628418
test_02916,0.9983763694763184
test_02917,0.32167160511016846
test_02918,0.4181264340877533
test_02919,0.0012604058720171452
test_02920,2.360457385108816e-09
test_02921,0.6286877393722534
test_02922,0.9889182448387146
test_02923,0.019815944135189056
test_02924,0.45103535056114197
test_02925,0.0006238266942091286
test_02926,0.9592708945274353
test_02927,0.32054403424263
test_02928,0.7363207936286926
test_02929,3.146492235828191e-05
test_02930,0.9998890161514282
test_02931,0.9999128580093384
test_02932,0.912054717540741
test_02933,0.27964240312576294
test_02934,0.06184858828783035
test_02935,0.9190962314605713
test_02936,0.9705318808555603
test_02937,0.00030643437639810145
test_02938,0.5960776805877686
test_02939,0.9999998807907104
test_02940,0.5802999138832092
test_02941,0.5822473764419556
test_02942,0.0016746448818594217
test_02943,0.7477274537086487
test_02944,0.003868815954774618
test_02945,0.4311453104019165
test_02946,1.719060116478488e-09
test_02947,0.12600845098495483
test_02948,0.0012232046574354172
test_02949,0.6604160070419312
test_02950,0.03689417615532875
test_02951,0.0002746797981671989
test_02952,0.8760161399841309
test_02953,0.9988769888877869
test_02954,0.9972466230392456
test_02955,0.0029647815972566605
test_02956,0.0008686238434165716
test_02957,0.16653312742710114
test_02958,0.9987784028053284
test_02959,0.40676629543304443
test_02960,0.23879998922348022
test_02961,6.604357622563839e-05
test_02962,0.25392818450927734
test_02963,0.19848228991031647
test_02964,0.6904005408287048
test_02965,0.40882235765457153
test_02966,0.0005417952197603881
test_02967,0.3002764582633972
test_02968,1.0
test_02969,0.9999274015426636
test_02970,0.27627983689308167
test_02971,0.6240921020507812
test_02972,0.9999043941497803
test_02973,0.0004228144825901836
test_02974,0.9877246022224426
test_02975,0.4749451279640198
test_02976,0.9992576241493225
test_02977,0.41477128863334656
test_02978,0.9999854564666748
test_02979,0.9985589385032654
test_02980,5.06288415635936e-06
test_02981,0.9999533891677856
test_02982,0.3376144766807556
test_02983,0.9130042195320129
test_02984,0.3874038755893707
test_02985,0.0530562549829483
test_02986,0.3809399902820587
test_02987,0.00035997043596580625
test_02988,0.4741731286048889
test_02989,0.25526946783065796
test_02990,0.881482720375061
test_02991,0.999804675579071
test_02992,1.1068358674037881e-07
test_02993,0.001016189344227314
test_02994,0.9987291693687439
test_02995,0.0032488189171999693
test_02996,0.6988662481307983
test_02997,0.9835424423217773
test_02998,0.060523491352796555
test_02999,0.9999977350234985
test_03000,0.6970294713973999
test_03001,0.9999998807907104
test_03002,0.8875705599784851
test_03003,0.924582839012146
test_03004,0.009824761189520359
test_03005,0.20648139715194702
test_03006,0.9349955320358276
test_03007,0.06744828820228577
test_03008,0.09519170224666595
test_03009,0.013536401093006134
test_03010,0.9990376234054565
test_03011,0.9788580536842346
test_03012,8.202519219402404e-10
test_03013,0.6437188386917114
test_03014,0.7048711776733398
test_03015,3.007198529303423e-06
test_03016,1.1347852932885871e-06
test_03017,0.026604274287819862
test_03018,1.5801738584286795e-07
test_03019,0.30462127923965454
test_03020,0.14940021932125092
test_03021,0.14676128327846527
test_03022,0.9998764991760254
test_03023,0.05242013558745384
test_03024,0.9999998807907104
test_03025,0.7338801026344299
test_03026,0.03564602509140968
test_03027,0.009896381758153439
test_03028,0.6493799686431885
test_03029,0.004487766418606043
test_03030,0.3558812439441681
test_03031,0.11817900836467743
test_03032,0.002496668603271246
test_03033,0.8212751746177673
test_03034,0.0008894254569895566
test_03035,0.1597648411989212
test_03036,0.010026195086538792
test_03037,0.4392543435096741
test_03038,0.3361276090145111
test_03039,0.0018345260759815574
test_03040,0.9930399656295776
test_03041,0.9998112320899963
test_03042,0.5755353569984436
test_03043,0.11118253320455551
test_03044,0.9492434859275818
test_03045,0.9600375890731812
test_03046,0.9199382662773132
test_03047,0.9996892213821411
test_03048,0.0005671621765941381
test_03049,0.10305619984865189
test_03050,0.37662893533706665
test_03051,1.7178770576720126e-05
test_03052,0.481602281332016
test_03053,0.004395018797367811
test_03054,0.2551157474517822
test_03055,0.9912041425704956
test_03056,0.9999998807907104
test_03057,0.07149682193994522
test_03058,0.05721668154001236
test_03059,0.9998992681503296
test_03060,0.9978355765342712
test_03061,0.999987006187439
test_03062,0.9999998807907104
test_03063,0.016938209533691406
test_03064,0.9948117733001709
test_03065,0.004823461640626192
test_03066,0.999919056892395
test_03067,0.9581739902496338
test_03068,0.04442010447382927
test_03069,0.988193690776825
test_03070,0.9998218417167664
test_03071,0.9999943971633911
test_03072,0.34009087085723877
test_03073,1.461878014197282e-06
test_03074,0.9967136383056641
test_03075,0.9999773502349854
test_03076,0.00023517977388110012
test_03077,0.2644709348678589
test_03078,0.006964477710425854
test_03079,0.00016623316332697868
test_03080,0.002612481126561761
test_03081,0.14429962635040283
test_03082,0.9987899661064148
test_03083,0.8543332815170288
test_03084,0.4215015769004822
test_03085,0.362457275390625
test_03086,0.07411801815032959
test_03087,0.4902164340019226
test_03088,0.9111942052841187
test_03089,0.00017360471247229725
test_03090,0.9905052781105042
test_03091,0.954975962638855
test_03092,0.031065138056874275
test_03093,0.8837704658508301
test_03094,0.9999334812164307
test_03095,0.9884780049324036
test_03096,0.7219599485397339
test_03097,0.0031480793841183186
test_03098,6.566173397004604e-06
test_03099,0.38546329736709595
test_03100,0.41763877868652344
test_03101,0.5535799860954285
test_03102,0.7032871246337891
test_03103,0.0537661574780941
test_03104,0.02472923882305622
test_03105,0.9868311882019043
test_03106,0.00013347624917514622
test_03107,7.140670277294703e-08
test_03108,4.0757038277661195e-07
test_03109,0.02449134550988674
test_03110,0.5483124256134033
test_03111,5.351676009013318e-07
test_03112,8.519704715581611e-05
test_03113,0.003151199547573924
test_03114,0.005052055697888136
test_03115,0.4414372742176056
test_03116,0.9999110698699951
test_03117,0.0009020869038067758
test_03118,0.006594599224627018
test_03119,0.9999969005584717
test_03120,0.02644907496869564
test_03121,3.876853682527326e-08
test_03122,0.2184450328350067
test_03123,0.9981813430786133
test_03124,1.0
test_03125,0.5791387557983398
test_03126,0.9359326362609863
test_03127,0.8551821112632751
test_03128,9.290281468565809e-07
test_03129,0.44576627016067505
test_03130,1.0
test_03131,0.5677248239517212
test_03132,0.9998956918716431
test_03133,0.16301006078720093
test_03134,0.5354584455490112
test_03135,0.9995600581169128
test_03136,0.05027587339282036
test_03137,0.8085145950317383
test_03138,8.44252134868384e-09
test_03139,0.029828786849975586
test_03140,0.0028685061261057854
test_03141,0.8954756259918213
test_03142,0.9902355074882507
test_03143,0.022438857704401016
test_03144,0.9983920454978943
test_03145,1.0
test_03146,1.1868269211845472e-06
test_03147,0.6704085469245911
test_03148,0.5249166488647461
test_03149,0.10780636221170425
test_03150,0.38729262351989746
test_03151,0.06095031276345253
test_03152,0.199082612991333
test_03153,0.23695889115333557
test_03154,0.8227105140686035
test_03155,0.7978087663650513
test_03156,0.9996747970581055
test_03157,0.03360407426953316
test_03158,0.9961957931518555
test_03159,0.9996390342712402
test_03160,0.5015630722045898
test_03161,0.014019765891134739
test_03162,0.999589741230011
test_03163,0.004247939679771662
test_03164,0.9904714822769165
test_03165,0.9680987000465393
test_03166,2.2042181058168353e-07
test_03167,0.07832933217287064
test_03168,2.2515278033097275e-05
test_03169,0.01045218575745821
test_03170,0.006250049453228712
test_03171,0.9973238706588745
test_03172,0.9999290704727173
test_03173,0.998502254486084
test_03174,0.6094825267791748
test_03175,0.3521047830581665
test_03176,0.9999929666519165
test_03177,0.032553382217884064
test_03178,0.9997844099998474
test_03179,0.022287989035248756
test_03180,0.9999850988388062
test_03181,0.9999927282333374
test_03182,6.666279972478151e-08
test_03183,0.9996461868286133
test_03184,0.9997166991233826
test_03185,0.9962708950042725
test_03186,1.8863469449570403e-05
test_03187,0.9365922212600708
test_03188,0.03157038986682892
test_03189,0.9825546145439148
test_03190,0.10229715704917908
test_03191,0.012006372213363647
test_03192,0.9595372080802917
test_03193,0.0003479305887594819
test_03194,0.993685781955719
test_03195,0.04419831931591034
test_03196,0.05522720515727997
test_03197,2.3739195967209525e-05
test_03198,0.16516487300395966
test_03199,0.23622716963291168
test_03200,0.0016487184911966324
test_03201,0.07212075591087341
test_03202,0.5401350855827332
test_03203,0.0002458368835505098
test_03204,0.9999322891235352
test_03205,0.5695661306381226
test_03206,0.0013370513916015625
test_03207,0.8266566395759583
test_03208,0.001961485017091036
test_03209,0.6633630394935608
test_03210,0.9562467932701111
test_03211,8.773843873655096e-09
test_03212,0.8735613822937012
test_03213,0.9985529780387878
test_03214,0.621392011642456
test_03215,1.0
test_03216,0.05174242705106735
test_03217,0.1823974996805191
test_03218,1.775815938742653e-09
test_03219,0.9998487234115601
test_03220,0.9026006460189819
test_03221,0.7198809385299683
test_03222,0.004321248270571232
test_03223,0.004808214493095875
test_03224,0.9056016206741333
test_03225,0.9999958276748657
test_03226,2.1737497912788228e-10
test_03227,0.9972793459892273
test_03228,0.9018160104751587
test_03229,0.003710075281560421
test_03230,0.992874264717102
test_03231,0.9999998807907104
test_03232,0.9994592070579529
test_03233,3.5988985473522916e-05
test_03234,0.07675892114639282
test_03235,0.053593654185533524
test_03236,0.004532954655587673
test_03237,0.9890422224998474
test_03238,0.018399890512228012
test_03239,0.0123940110206604
test_03240,0.00019629830785561353
test_03241,0.8274275660514832
test_03242,2.528090772102587e-05
test_03243,0.8535491824150085
test_03244,0.5995418429374695
test_03245,0.9950807094573975
test_03246,0.9708097577095032
test_03247,0.9396263360977173
test_03248,0.04995257034897804
test_03249,0.9393691420555115
test_03250,0.0012848793994635344
test_03251,2.3754686480970122e-05
test_03252,0.9999637603759766
test_03253,0.9989644289016724
test_03254,0.02858567237854004
test_03255,0.0008115295204333961
test_03256,0.9863449335098267
test_03257,0.35008326172828674
test_03258,0.5505756735801697
test_03259,0.9940851926803589
test_03260,0.02656407840549946
test_03261,3.159031092270226e-10
test_03262,0.999147891998291
test_03263,0.4916234314441681
test_03264,0.2344532012939453
test_03265,0.00017674817354418337
test_03266,1.0
test_03267,1.0
test_03268,0.7036099433898926
test_03269,0.9991618394851685
test_03270,0.0008827001438476145
test_03271,0.20817095041275024
test_03272,0.9992320537567139
test_03273,3.982648649980547e-06
test_03274,0.49128732085227966
test_03275,0.18516694009304047
test_03276,2.8002824592476827e-07
test_03277,0.06326431035995483
test_03278,0.9534513354301453
test_03279,0.7807393670082092
test_03280,0.5888378024101257
test_03281,1.0
test_03282,0.8685526847839355
test_03283,0.16674800217151642
test_03284,0.000157615912030451
test_03285,0.9999860525131226
test_03286,0.6203464269638062
test_03287,0.9999300241470337
test_03288,0.31760600209236145
test_03289,0.9559808969497681
test_03290,0.0018606422236189246
test_03291,0.9276649355888367
test_03292,0.5970788598060608
test_03293,0.6440573930740356
test_03294,0.9998863935470581
test_03295,8.75303794600768e-06
test_03296,0.0030710920691490173
test_03297,0.5106476545333862
test_03298,0.04815113916993141
test_03299,0.9990046620368958
test_03300,0.8825168013572693
test_03301,0.31092390418052673
test_03302,0.5413939952850342
test_03303,0.0007688755285926163
test_03304,0.015135759487748146
test_03305,0.9997497200965881
test_03306,0.9682166576385498
test_03307,0.95713210105896
test_03308,0.999170184135437
test_03309,0.0004324108886066824
test_03310,1.0
test_03311,0.002493948210030794
test_03312,0.886578381061554
test_03313,0.0801926851272583
test_03314,0.0003458727151155472
test_03315,0.6895153522491455
test_03316,0.9996732473373413
test_03317,0.9993403553962708
test_03318,0.7965670824050903
test_03319,0.00023556129599455744
test_03320,0.9950100183486938
test_03321,0.9367335438728333
test_03322,0.9999977350234985
test_03323,0.9989833235740662
test_03324,0.003766621695831418
test_03325,0.02665012702345848
test_03326,0.7215203642845154
test_03327,0.9050524234771729
test_03328,0.5430448651313782
test_03329,0.006543934810906649
test_03330,0.9866928458213806
test_03331,0.16750898957252502
test_03332,0.9987589120864868
test_03333,0.5077815055847168
test_03334,0.9745879769325256
test_03335,0.0844225138425827
test_03336,0.025330552831292152
test_03337,0.3395029306411743
test_03338,0.9054043889045715
test_03339,0.9875426292419434
test_03340,0.9842448830604553
test_03341,2.7504788135956915e-07
test_03342,0.015834122896194458
test_03343,0.005352899432182312
test_03344,0.9988834261894226
test_03345,8.298934517370071e-06
test_03346,3.6656805605161935e-05
test_03347,0.0016488675028085709
test_03348,0.3522650897502899
test_03349,0.9999969005584717
test_03350,0.9658529758453369
test_03351,0.753961443901062
test_03352,0.9999682903289795
test_03353,0.07940510660409927
test_03354,3.140772241749801e-05
test_03355,0.9999145269393921
test_03356,0.6269317269325256
test_03357,0.9913529753684998
test_03358,0.6648630499839783
test_03359,0.9999970197677612
test_03360,0.9500208497047424
test_03361,0.00024597381707280874
test_03362,0.9999862909317017
test_03363,0.8252901434898376
test_03364,0.8414149284362793
test_03365,0.9100046753883362
test_03366,0.3739314079284668
test_03367,0.8573494553565979
test_03368,0.8392975926399231
test_03369,0.05113065987825394
test_03370,0.007211538963019848
test_03371,0.174874410033226
test_03372,0.19329580664634705
test_03373,0.02112654410302639
test_03374,0.7010837197303772
test_03375,0.0004903808585368097
test_03376,0.44742488861083984
test_03377,0.0034415479749441147
test_03378,0.026655562222003937
test_03379,0.9997357726097107
test_03380,1.0
test_03381,0.9999997615814209
test_03382,0.9888279438018799
test_03383,0.0005523725412786007
test_03384,0.4674081802368164
test_03385,0.8841157555580139
test_03386,0.5542987585067749
test_03387,0.9810241460800171
test_03388,0.37199684977531433
test_03389,0.5372341871261597
test_03390,0.5187906622886658
test_03391,0.9996494054794312
test_03392,0.3167722821235657
test_03393,0.21420437097549438
test_03394,0.15182428061962128
test_03395,0.06925603747367859
test_03396,0.017611252143979073
test_03397,0.0017423450481146574
test_03398,0.9830478429794312
test_03399,0.8107080459594727
test_03400,3.4434578992659226e-05
test_03401,0.01123232115060091
test_03402,0.9262528419494629
test_03403,4.579022788675502e-05
test_03404,0.012609295547008514
test_03405,0.9995704293251038
test_03406,0.051337216049432755
test_03407,8.046295261010528e-05
test_03408,0.07256484031677246
test_03409,0.0017813609447330236
test_03410,0.09910218417644501
test_03411,0.90554279088974
test_03412,0.500298798084259
test_03413,0.009769325144588947
test_03414,6.229852189676421e-09
test_03415,0.9998871088027954
test_03416,0.09903521835803986
test_03417,0.010051699355244637
test_03418,0.027406074106693268
test_03419,0.22899547219276428
test_03420,0.9997956156730652
test_03421,0.0014016844797879457
test_03422,0.9403973817825317
test_03423,0.00018879456911236048
test_03424,0.05396447330713272
test_03425,9.60464035415498e-07
test_03426,0.13337038457393646
test_03427,0.9999055862426758
test_03428,0.4415031671524048
test_03429,0.6678287982940674
test_03430,0.33615854382514954
test_03431,1.0
test_03432,0.026479996740818024
test_03433,0.9987792372703552
test_03434,0.04397927597165108
test_03435,0.6155076622962952
test_03436,0.7560575008392334
test_03437,0.019852567464113235
test_03438,0.042322397232055664
test_03439,0.999879002571106
test_03440,0.6091006398200989
test_03441,0.9876261353492737
test_03442,0.962583601474762
test_03443,0.9808502793312073
test_03444,0.3122031092643738
test_03445,0.0005652037798427045
test_03446,0.9999305009841919
test_03447,0.9987640380859375
test_03448,0.9813659191131592
test_03449,0.9999958276748657
test_03450,0.5989766120910645
test_03451,0.8377804756164551
test_03452,7.83945566240618e-08
test_03453,4.759805597132072e-05
test_03454,0.030688174068927765
test_03455,0.5496548414230347
test_03456,0.019697561860084534
test_03457,0.023327095434069633
test_03458,0.3076293468475342
test_03459,0.1401183307170868
test_03460,2.0242019672878087e-05
test_03461,0.7859398722648621
test_03462,1.0
test_03463,0.0004835382860619575
test_03464,0.999832272529602
test_03465,0.5631168484687805
test_03466,0.0007842918275855482
test_03467,0.19110970199108124
test_03468,9.892094254837502e-09
test_03469,0.10328950732946396
test_03470,0.3798888027667999
test_03471,0.26990842819213867
test_03472,0.9990547299385071
test_03473,0.9740557670593262
test_03474,0.9999371767044067
test_03475,0.4857131540775299
test_03476,0.1940232813358307
test_03477,0.05661991983652115
test_03478,0.7875353693962097
test_03479,1.943748429766856e-06
test_03480,0.999996542930603
test_03481,0.9389351606369019
test_03482,0.6551042199134827
test_03483,0.410393089056015
test_03484,0.023067891597747803
test_03485,0.05924953520298004
test_03486,0.998779833316803
test_03487,0.9999169111251831
test_03488,0.1997317671775818
test_03489,0.02963479794561863
test_03490,0.9999265670776367
test_03491,0.9927178621292114
test_03492,0.991231381893158
test_03493,0.9999916553497314
test_03494,0.6398231983184814
test_03495,0.031991105526685715
test_03496,0.0002954034716822207
test_03497,0.6170712113380432
test_03498,0.9999998807907104
test_03499,0.9999901056289673
test_03500,0.8664865493774414
test_03501,0.43607380986213684
test_03502,0.022856226190924644
test_03503,0.02977924607694149
test_03504,0.001558386953547597
test_03505,0.0016608956502750516
test_03506,0.03292301297187805
test_03507,0.9633103609085083
test_03508,0.029280027374625206
test_03509,0.506922721862793
test_03510,0.9707995653152466
test_03511,2.3223727112053894e-05
test_03512,0.6107660531997681
test_03513,0.6566683053970337
test_03514,0.9448626637458801
test_03515,0.7406344413757324
test_03516,0.0017253318801522255
test_03517,0.9999573230743408
test_03518,0.002046286826953292
test_03519,0.5743261575698853
test_03520,0.8794440627098083
test_03521,0.6556839346885681
test_03522,0.8123016357421875
test_03523,1.0
test_03524,0.0012630365090444684
test_03525,0.996177077293396
test_03526,1.0
test_03527,0.433432400226593
test_03528,0.5925129055976868
test_03529,0.0015578616876155138
test_03530,8.752035682846326e-06
test_03531,0.01571117714047432
test_03532,0.9992091059684753
test_03533,0.016956251114606857
test_03534,0.9994243383407593
test_03535,8.860370144248009e-05
test_03536,0.9999986886978149
test_03537,0.03327427804470062
test_03538,0.17560480535030365
test_03539,0.057543862611055374
test_03540,0.5465676188468933
test_03541,0.35255542397499084
test_03542,0.26288774609565735
test_03543,0.9998140931129456
test_03544,0.22382526099681854
test_03545,1.1329922017466743e-05
test_03546,0.9868814945220947
test_03547,1.0
test_03548,0.9999985694885254
test_03549,0.0024704893585294485
test_03550,0.8971913456916809
test_03551,0.9999295473098755
test_03552,0.9886643290519714
test_03553,0.4884921610355377
test_03554,0.8196843862533569
test_03555,0.0004194971115794033
test_03556,0.00924899522215128
test_03557,0.530878484249115
test_03558,0.9667239785194397
test_03559,0.12081379443407059
test_03560,0.9830631017684937
test_03561,0.07032984495162964
test_03562,0.9998123049736023
test_03563,0.977091372013092
test_03564,0.9999970197677612
test_03565,0.9999542236328125
test_03566,0.0005351175204850733
test_03567,0.6592012047767639
test_03568,0.3690597116947174
test_03569,0.0006801065756008029
test_03570,0.9200437068939209
test_03571,0.3401583433151245
test_03572,0.4907384216785431
test_03573,0.9745556712150574
test_03574,0.9794803857803345
test_03575,0.9924140572547913
test_03576,0.9999992847442627
test_03577,0.5282544493675232
test_03578,9.108749310371422e-09
test_03579,9.929333373293048e-07
test_03580,0.42232996225357056
test_03581,0.008318373933434486
test_03582,0.6152389645576477
test_03583,1.0
test_03584,0.0015280363149940968
test_03585,0.974183201789856
test_03586,0.1898624151945114
test_03587,0.22226081788539886
test_03588,0.014524783939123154
test_03589,0.3801537752151489
test_03590,0.001324010663665831
test_03591,8.754172085900791e-06
test_03592,0.9840191602706909
test_03593,0.9992374181747437
test_03594,8.242355397669598e-05
test_03595,0.9986841082572937
test_03596,0.9999651908874512
test_03597,0.7188531756401062
test_03598,0.5196993947029114
test_03599,0.9968721270561218
test_03600,0.09915074706077576
test_03601,0.43968459963798523
test_03602,0.0011669786181300879
test_03603,0.9999985694885254
test_03604,1.0
test_03605,0.28119930624961853
test_03606,0.00022802221064921468
test_03607,2.290376670543992e-07
test_03608,0.9992792010307312
test_03609,2.1589099560515024e-05
test_03610,0.7693866491317749
test_03611,0.8884050250053406
test_03612,0.9996650218963623
test_03613,0.5871515870094299
test_03614,0.009777161292731762
test_03615,0.9634820222854614
test_03616,0.0059331557713449
test_03617,0.6655136346817017
test_03618,0.9737657308578491
test_03619,0.4236530363559723
test_03620,0.00030492478981614113
test_03621,0.001852570683695376
test_03622,0.007112210150808096
test_03623,1.553302908519072e-08
test_03624,0.16291987895965576
test_03625,1.0
test_03626,0.45244231820106506
test_03627,0.4302046597003937
test_03628,0.044242825359106064
test_03629,0.6885537505149841
test_03630,0.2343222200870514
test_03631,0.6183146238327026
test_03632,0.9992318153381348
test_03633,0.6284449100494385
test_03634,0.9335327744483948
test_03635,0.9999237060546875
test_03636,0.24829226732254028
test_03637,0.0005559176788665354
test_03638,0.04100089147686958
test_03639,0.0692255049943924
test_03640,0.1788441240787506
test_03641,0.7377393841743469
test_03642,0.7595285177230835
test_03643,0.9941161870956421
test_03644,1.4897934306645766e-05
test_03645,0.9999109506607056
test_03646,0.994634747505188
test_03647,0.08647457510232925
test_03648,0.7937650084495544
test_03649,0.9464904069900513
test_03650,0.9999418258666992
test_03651,0.0026486318092793226
test_03652,0.6525603532791138
test_03653,0.9763834476470947
test_03654,0.9995926022529602
test_03655,0.9961869120597839
test_03656,0.5056877732276917
test_03657,0.016968121752142906
test_03658,0.24355921149253845
test_03659,0.9999977350234985
test_03660,0.586889922618866
test_03661,0.0007950864383019507
test_03662,0.9893732666969299
test_03663,0.7399766445159912
test_03664,0.9975591897964478
test_03665,0.9938276410102844
test_03666,0.49566271901130676
test_03667,0.007468199823051691
test_03668,0.8628690242767334
test_03669,0.9999991655349731
test_03670,0.8124367594718933
test_03671,0.5787333250045776
test_03672,0.5321929454803467
test_03673,0.9572620391845703
test_03674,0.7201281189918518
test_03675,0.9998890161514282
test_03676,0.9946698546409607
test_03677,0.9754085540771484
test_03678,0.954685628414154
test_03679,0.047652918845415115
test_03680,0.9993834495544434
test_03681,0.12281795591115952
test_03682,0.993870735168457
test_03683,1.0
test_03684,1.0
test_03685,0.2781527638435364
test_03686,0.9999480247497559
test_03687,0.5910605192184448
test_03688,0.997112512588501
test_03689,0.7124014496803284
test_03690,0.9923416376113892
test_03691,0.9999767541885376
test_03692,0.00013096733891870826
test_03693,0.9373317360877991
test_03694,0.9994827508926392
test_03695,0.36320000886917114
test_03696,0.3116379976272583
test_03697,0.6513530611991882
test_03698,0.997433602809906
test_03699,0.9999862909317017
test_03700,0.9994902610778809
test_03701,0.002355392323806882
test_03702,0.983366072177887
test_03703,0.48702675104141235
test_03704,0.009941045194864273
test_03705,0.2067268192768097
test_03706,1.3535343896364793e-05
test_03707,0.9958522319793701
test_03708,0.0026589201297611
test_03709,0.9999994039535522
test_03710,0.8489596843719482
test_03711,0.46585094928741455
test_03712,0.9903061389923096
test_03713,0.05212752893567085
test_03714,0.042373400181531906
test_03715,0.9999954700469971
test_03716,0.8979461789131165
test_03717,2.5479803298367187e-06
test_03718,0.6101282238960266
test_03719,0.6258103251457214
test_03720,0.07973942905664444
test_03721,0.4464769959449768
test_03722,0.002084158593788743
test_03723,0.011120853945612907
test_03724,0.9885879755020142
test_03725,0.029644636437296867
test_03726,0.9970292448997498
test_03727,4.812296197087562e-07
test_03728,0.07452768087387085
test_03729,0.32669076323509216
test_03730,0.6708851456642151
test_03731,0.04643642529845238
test_03732,0.32176434993743896
test_03733,0.9959046244621277
test_03734,0.99437415599823
test_03735,0.001163404667750001
test_03736,1.1721908776962664e-05
test_03737,0.9273017644882202
test_03738,0.5809628367424011
test_03739,0.500179648399353
test_03740,1.8506227661418961e-06
test_03741,0.002995056565850973
test_03742,0.550090491771698
test_03743,0.9996558427810669
test_03744,0.9998490810394287
test_03745,0.9972172975540161
test_03746,0.00011099005496362224
test_03747,0.7879924178123474
test_03748,0.009785751812160015
test_03749,0.8377963900566101
test_03750,0.9999992847442627
test_03751,0.612270712852478
test_03752,0.9282716512680054
test_03753,0.9999821186065674
test_03754,0.0559590719640255
test_03755,0.4972881078720093
test_03756,0.9987177848815918
test_03757,0.1782425343990326
test_03758,0.9944261312484741
test_03759,0.0016943184891715646
test_03760,0.14107151329517365
test_03761,0.5295175909996033
test_03762,0.9999995231628418
test_03763,0.1501765251159668
test_03764,0.9996718168258667
test_03765,0.0003044292388949543
test_03766,0.9999309778213501
test_03767,0.5523252487182617
test_03768,2.880336069210898e-06
test_03769,0.3121952712535858
test_03770,0.9948662519454956
test_03771,0.9774972796440125
test_03772,0.9461801648139954
test_03773,0.000933574337977916
test_03774,0.9685757756233215
test_03775,0.715003490447998
test_03776,1.1083633211228516e-07
test_03777,0.0005565178580582142
test_03778,0.9999431371688843
test_03779,0.0001737458078423515
test_03780,0.0001929530262714252
test_03781,0.07386816293001175
test_03782,1.433636640513214e-07
test_03783,0.00382345006801188
test_03784,0.17101900279521942
test_03785,0.9995681643486023
test_03786,0.0708698108792305
test_03787,0.0008775765891186893
test_03788,0.0002117106778314337
test_03789,0.3043641746044159
test_03790,0.6062993407249451
test_03791,0.3374203145503998
test_03792,0.9999444484710693
test_03793,0.0002748382685240358
test_03794,0.9999903440475464
test_03795,0.9858717322349548
test_03796,0.8925515413284302
test_03797,4.304347021388821e-05
test_03798,0.9999115467071533
test_03799,0.00011693070700857788
test_03800,0.999998927116394
test_03801,4.4667824113275856e-05
test_03802,0.06163705512881279
test_03803,0.39856868982315063
test_03804,0.0005160447326488793
test_03805,0.9420821070671082
test_03806,2.1395962903625332e-05
test_03807,0.6522666811943054
test_03808,0.34870651364326477
test_03809,0.5694903135299683
test_03810,0.07384498417377472
test_03811,0.0022750122006982565
test_03812,4.204673314234242e-05
test_03813,0.9999285936355591
test_03814,1.584832716616802e-06
test_03815,0.4922495186328888
test_03816,0.01024398859590292
test_03817,0.8684021830558777
test_03818,0.11730583757162094
test_03819,0.8575181365013123
test_03820,0.9991137385368347
test_03821,0.9999426603317261
test_03822,0.9945064187049866
test_03823,2.7257267447566846e-06
test_03824,0.9013185501098633
test_03825,0.1875745952129364
test_03826,0.9883086681365967
test_03827,0.07849368453025818
test_03828,0.9535211324691772
test_03829,0.005201942753046751
test_03830,0.7346745729446411
test_03831,1.0435536523800693e-06
test_03832,2.0432742076081922e-06
test_03833,0.023727361112833023
test_03834,0.9999065399169922
test_03835,0.6515084505081177
test_03836,0.9327863454818726
test_03837,0.0040637715719640255
test_03838,0.005599661264568567
test_03839,0.4889126121997833
test_03840,0.9999964237213135
test_03841,1.0
test_03842,0.20565064251422882
test_03843,0.502314567565918
test_03844,0.00016871387197170407
test_03845,0.8322888016700745
test_03846,0.999998927116394
test_03847,0.006052750162780285
test_03848,0.667978823184967
test_03849,0.982526957988739
test_03850,0.03372533991932869
test_03851,0.009832488372921944
test_03852,0.505513608455658
test_03853,0.9999732971191406
test_03854,0.9862418174743652
test_03855,4.1109749872703105e-05
test_03856,0.031289782375097275
test_03857,0.006056336686015129
test_03858,1.327386598859448e-06
test_03859,0.0013540023937821388
test_03860,1.2393177257763455e-06
test_03861,0.0674482062458992
test_03862,0.4868013858795166
test_03863,0.9999434947967529
test_03864,0.9995995163917542
test_03865,0.9406178593635559
test_03866,1.0
test_03867,0.0002735499874688685
test_03868,5.507887408384704e-07
test_03869,0.9984173774719238
test_03870,0.14248910546302795
test_03871,0.00034035599674098194
test_03872,1.165156027127523e-05
test_03873,0.08545748889446259
test_03874,0.5502279996871948
test_03875,0.037455469369888306
test_03876,1.0
test_03877,0.007131091319024563
test_03878,0.5679771304130554
test_03879,0.854928731918335
test_03880,0.9742923974990845
test_03881,0.9526131749153137
test_03882,0.9168446660041809
test_03883,0.04000559449195862
test_03884,0.9938469529151917
test_03885,0.4390500485897064
test_03886,7.71217601140961e-05
test_03887,0.5138669610023499
test_03888,0.9190523624420166
test_03889,7.26308943543863e-11
test_03890,0.4711098372936249
test_03891,1.4739769540028647e-05
test_03892,0.0022129537537693977
test_03893,1.6144701930898009e-06
test_03894,0.5530238151550293
test_03895,0.49812793731689453
test_03896,0.981486976146698
test_03897,0.9997046589851379
test_03898,0.00774392019957304
test_03899,0.9829506278038025
test_03900,0.5530761480331421
test_03901,0.0008688671514391899
test_03902,0.15472732484340668
test_03903,0.8702556490898132
test_03904,9.008315373648657e-07
test_03905,0.9461145401000977
test_03906,0.07890723645687103
test_03907,0.9999902248382568
test_03908,0.8809115290641785
test_03909,0.5527534484863281
test_03910,0.0930466428399086
test_03911,0.7087839841842651
test_03912,0.9835662245750427
test_03913,0.005267529282718897
test_03914,0.9541931748390198
test_03915,0.053780607879161835
test_03916,0.41579246520996094
test_03917,0.9966663718223572
test_03918,0.7342755198478699
test_03919,0.8660786151885986
test_03920,0.8826313614845276
test_03921,0.08834347873926163
test_03922,5.093816980661359e-06
test_03923,0.28617721796035767
test_03924,0.8693171739578247
test_03925,1.3614548777240998e-07
test_03926,0.8315365314483643
test_03927,0.0003903302422259003
test_03928,0.0007525191176682711
test_03929,0.5189594626426697
test_03930,0.9933844208717346
test_03931,0.18357667326927185
test_03932,4.388510569697246e-05
test_03933,3.901556283381069e-06
test_03934,0.9563835859298706
test_03935,0.6089270114898682
test_03936,0.17080405354499817
test_03937,0.002619098173454404
test_03938,0.850024938583374
test_03939,0.007259650155901909
test_03940,0.0016369777731597424
test_03941,0.32651400566101074
test_03942,0.0032748731318861246
test_03943,0.2970339059829712
test_03944,0.9950982928276062
test_03945,0.9999885559082031
test_03946,0.008572807535529137
test_03947,0.5601778030395508
test_03948,0.9991488456726074
test_03949,0.5723955035209656
test_03950,0.9958783388137817
test_03951,0.16730491816997528
test_03952,0.4810923933982849
test_03953,0.789306640625
test_03954,0.9977733492851257
test_03955,0.0004194497305434197
test_03956,0.09279341995716095
test_03957,0.2503012418746948
test_03958,0.7723655104637146
test_03959,0.45215219259262085
test_03960,1.0872156963159796e-05
test_03961,0.8837750554084778
test_03962,1.0
test_03963,0.13511188328266144
test_03964,0.9990870952606201
test_03965,4.798090458280058e-07
test_03966,0.023783763870596886
test_03967,2.6897711791207257e-07
test_03968,0.9997197985649109
test_03969,0.9986592531204224
test_03970,0.5039342641830444
test_03971,8.252304542111233e-05
test_03972,0.037287455052137375
test_03973,0.9999915361404419
test_03974,0.21469704806804657
test_03975,0.12768039107322693
test_03976,0.9999339580535889
test_03977,0.9999996423721313
test_03978,0.01024944894015789
test_03979,0.999977707862854
test_03980,0.8260631561279297
test_03981,0.9974491000175476
test_03982,0.48736873269081116
test_03983,0.9997124075889587
test_03984,0.207917258143425
test_03985,0.22051459550857544
test_03986,0.0006600067135877907
test_03987,0.5241708755493164
test_03988,0.7577744722366333
test_03989,0.3807653486728668
test_03990,0.12866131961345673
test_03991,0.1278350055217743
test_03992,0.8632416129112244
test_03993,0.9699214100837708
test_03994,0.021085351705551147
test_03995,0.5164614319801331
test_03996,0.9072376489639282
test_03997,0.370532363653183
test_03998,0.4989294111728668
test_03999,0.9992384910583496
test_04000,0.2648279368877411
test_04001,0.6466471552848816
test_04002,0.9998496770858765
test_04003,0.18147486448287964
test_04004,0.24437375366687775
test_04005,0.1638984978199005
test_04006,0.05116209760308266
test_04007,0.6340288519859314
test_04008,0.5359174013137817
test_04009,7.425865478083438e-10
test_04010,0.26503950357437134
test_04011,0.0006231281440705061
test_04012,6.49816778164336e-09
test_04013,0.21690469980239868
test_04014,0.9770234227180481
test_04015,0.9999325275421143
test_04016,0.4731000065803528
test_04017,0.5045682787895203
test_04018,0.999901533126831
test_04019,0.9999055862426758
test_04020,1.0
test_04021,0.0018193748546764255
test_04022,2.7855929829456727e-07
test_04023,0.7352450489997864
test_04024,4.838863787881564e-06
test_04025,0.0006631510914303362
test_04026,0.3539348244667053
test_04027,5.898870085729868e-07
test_04028,0.1545277088880539
test_04029,0.09239490330219269
test_04030,0.9995768666267395
test_04031,4.754644322702006e-08
test_04032,0.43668004870414734
test_04033,0.9999082088470459
test_04034,0.9997537732124329
test_04035,0.99863201379776
test_04036,0.9989228844642639
test_04037,0.9990187883377075
test_04038,0.5789725184440613
test_04039,0.04317086562514305
test_04040,0.9845031499862671
test_04041,0.990635097026825
test_04042,0.999937891960144
test_04043,0.03908972442150116
test_04044,0.0006396488170139492
test_04045,0.4493643641471863
test_04046,0.37994518876075745
test_04047,0.993640124797821
test_04048,0.9941596984863281
test_04049,0.9989081621170044
test_04050,0.002746234880760312
test_04051,0.9798175692558289
test_04052,0.9835477471351624
test_04053,0.027870915830135345
test_04054,7.563138524346869e-07
test_04055,0.8765519857406616
test_04056,0.999971866607666
test_04057,0.9958193302154541
test_04058,0.3080849051475525
test_04059,0.39529556035995483
test_04060,0.9907271862030029
test_04061,0.1651955395936966
test_04062,0.7579247355461121
test_04063,0.4850556254386902
test_04064,0.4322343170642853
test_04065,0.8388460278511047
test_04066,0.999990701675415
test_04067,0.26929938793182373
test_04068,0.029350481927394867
test_04069,6.024478352628648e-05
test_04070,0.00011790177086368203
test_04071,0.6545588970184326
test_04072,0.646145761013031
test_04073,0.21319791674613953
test_04074,0.01793263852596283
test_04075,0.9999719858169556
test_04076,0.9637575149536133
test_04077,0.9053307175636292
test_04078,0.6173020601272583
test_04079,0.009165174327790737
test_04080,0.40164002776145935
test_04081,0.8017855882644653
test_04082,5.081296694697812e-05
test_04083,0.03293119743466377
test_04084,0.9678322076797485
test_04085,0.5346117615699768
test_04086,0.5323591232299805
test_04087,0.9947478175163269
test_04088,0.5155243277549744
test_04089,0.0025722819846123457
test_04090,0.8535959124565125
test_04091,0.9805926084518433
test_04092,0.9999841451644897
test_04093,0.9962761402130127
test_04094,0.00015161493502091616
test_04095,0.28240692615509033
test_04096,0.4209705591201782
test_04097,0.9519644379615784
test_04098,7.302140875253826e-05
test_04099,0.9999802112579346
test_04100,1.0
test_04101,0.0010261592688038945
test_04102,5.847223816246583e-10
test_04103,1.8743079408523045e-06
test_04104,0.9019263982772827
test_04105,0.33539217710494995
test_04106,0.06059623882174492
test_04107,0.4641075134277344
test_04108,0.9943808913230896
test_04109,0.9998238682746887
test_04110,0.440230131149292
test_04111,0.9999914169311523
test_04112,0.11695403605699539
test_04113,0.24246612191200256
test_04114,0.4706154763698578
test_04115,0.0016656970838084817
test_04116,0.9994516968727112
test_04117,0.9675601124763489
test_04118,0.0059298803098499775
test_04119,0.015573270618915558
test_04120,0.9776269197463989
test_04121,0.24358685314655304
test_04122,0.0032085624989122152
test_04123,0.9999979734420776
test_04124,0.5572802424430847
test_04125,0.5618813633918762
test_04126,0.0038387312088161707
test_04127,0.0002935152151621878
test_04128,0.3470369577407837
test_04129,0.7776588797569275
test_04130,0.10491368919610977
test_04131,0.0046537755988538265
test_04132,0.0011496071238070726
test_04133,2.6520547180552967e-05
test_04134,0.44572192430496216
test_04135,0.9999990463256836
test_04136,0.6264007687568665
test_04137,0.5051659941673279
test_04138,0.37650978565216064
test_04139,0.27329137921333313
test_04140,0.9999909400939941
test_04141,0.012977433390915394
test_04142,0.4230038523674011
test_04143,0.15892218053340912
test_04144,0.9577328562736511
test_04145,0.29012995958328247
test_04146,0.2474404126405716
test_04147,0.00024941127048805356
test_04148,0.9587467908859253
test_04149,0.9980915188789368
test_04150,0.0005696689477190375
test_04151,0.6299014091491699
test_04152,0.5123576521873474
test_04153,0.14598795771598816
test_04154,0.0002628696383908391
test_04155,0.004137970972806215
test_04156,0.3509969413280487
test_04157,0.9873973727226257
test_04158,0.999526858329773
test_04159,0.007389613427221775
test_04160,0.936427652835846
test_04161,0.001180902705527842
test_04162,0.41962930560112
test_04163,0.05205252766609192
test_04164,0.9998667240142822
test_04165,0.9999434947967529
test_04166,0.0003014463291037828
test_04167,4.4251773942960426e-05
test_04168,9.174045408144593e-05
test_04169,0.9996825456619263
test_04170,0.18028059601783752
test_04171,0.9973746538162231
test_04172,0.1551935225725174
test_04173,0.9994124174118042
test_04174,8.707694178156089e-06
test_04175,0.5206203460693359
test_04176,0.2838664650917053
test_04177,0.003476441139355302
test_04178,0.9157243371009827
test_04179,0.1893039345741272
test_04180,0.00011345800157869235
test_04181,0.9760248064994812
test_04182,0.9997500777244568
test_04183,0.0388450063765049
test_04184,0.817497968673706
test_04185,0.8927098512649536
test_04186,0.9677183032035828
test_04187,0.9998278617858887
test_04188,0.009641936048865318
test_04189,0.0004443657526280731
test_04190,0.9999997615814209
test_04191,0.9402024149894714
test_04192,9.601942292647436e-05
test_04193,0.006275933235883713
test_04194,0.0097479447722435
test_04195,0.0030114641413092613
test_04196,0.9639905095100403
test_04197,7.1790607762523e-05
test_04198,0.9986101388931274
test_04199,0.13319435715675354
test_04200,0.006854341831058264
test_04201,0.5382164120674133
test_04202,0.999951958656311
test_04203,0.9677971005439758
test_04204,0.7393895387649536
test_04205,0.0002412180620012805
test_04206,2.0747938833665103e-05
test_04207,0.9879189133644104
test_04208,2.9375396479736082e-05
test_04209,0.31399551033973694
test_04210,0.09709238260984421
test_04211,0.619777262210846
test_04212,0.7886961102485657
test_04213,0.0803050622344017
test_04214,0.9999946355819702
test_04215,0.025115473195910454
test_04216,0.37809455394744873
test_04217,1.0
test_04218,0.0005780077772215009
test_04219,0.8531308770179749
test_04220,8.901308319764212e-05
test_04221,0.5482895970344543
test_04222,0.9999877214431763
test_04223,0.9999998807907104
test_04224,0.9998716115951538
test_04225,0.37552881240844727
test_04226,0.999618411064148
test_04227,0.8077101111412048
test_04228,0.9999986886978149
test_04229,0.6294531226158142
test_04230,0.049035489559173584
test_04231,0.02652493305504322
test_04232,0.9656534194946289
test_04233,0.9999864101409912
test_04234,0.9999955892562866
test_04235,0.9999058246612549
test_04236,2.4228626216427074e-07
test_04237,0.04692825302481651
test_04238,0.041672687977552414
test_04239,0.4932610094547272
test_04240,0.5215888619422913
test_04241,0.9999018907546997
test_04242,0.5037118792533875
test_04243,0.0408300906419754
test_04244,0.6986342668533325
test_04245,0.9955978989601135
test_04246,0.9999982118606567
test_04247,0.9774571657180786
test_04248,0.9934366345405579
test_04249,0.8401499390602112
test_04250,0.5860930681228638
test_04251,0.9999208450317383
test_04252,0.2614280879497528
test_04253,0.08004149049520493
test_04254,0.0013264643494039774
test_04255,0.9111646413803101
test_04256,0.999991774559021
test_04257,0.10296232998371124
test_04258,0.004243557341396809
test_04259,0.9970024228096008
test_04260,0.06247942894697189
test_04261,0.9991831183433533
test_04262,0.11894523352384567
test_04263,0.5654916763305664
test_04264,0.9995729327201843
test_04265,0.9916427135467529
test_04266,0.4237002730369568
test_04267,0.15914124250411987
test_04268,0.9994780421257019
test_04269,0.9992204904556274
test_04270,0.004422697238624096
test_04271,0.03612092137336731
test_04272,0.00016465970838908106
test_04273,0.4570065140724182
test_04274,0.019278375431895256
test_04275,0.16811852157115936
test_04276,0.9994725584983826
test_04277,0.0005130124045535922
test_04278,0.25161534547805786
test_04279,3.8797574234195054e-05
test_04280,6.49530846885682e-08
test_04281,0.9998164772987366
test_04282,0.25524550676345825
test_04283,4.063864707859466e-06
test_04284,0.00022846550564281642
test_04285,0.9960854053497314
test_04286,0.00015832552162464708
test_04287,0.9999735355377197
test_04288,0.49277690052986145
test_04289,1.0
test_04290,0.00012562144547700882
test_04291,1.6783094451966463e-06
test_04292,0.15873244404792786
test_04293,0.9999771118164062
test_04294,0.3185688555240631
test_04295,4.1697944652696606e-07
test_04296,0.4967978298664093
test_04297,0.9838882088661194
test_04298,0.9416312575340271
test_04299,0.7820335626602173
test_04300,0.04502708092331886
test_04301,0.9657074213027954
test_04302,0.05012146383523941
test_04303,0.8017748594284058
test_04304,0.9996622800827026
test_04305,0.7613369226455688
test_04306,7.238945158860588e-07
test_04307,0.9737059473991394
test_04308,0.16507908701896667
test_04309,0.9997300505638123
test_04310,1.0
test_04311,0.3016349673271179
test_04312,0.42664480209350586
test_04313,0.0002496768138371408
test_04314,0.5476126074790955
test_04315,0.982410192489624
test_04316,0.08962319046258926
test_04317,0.00040670798625797033
test_04318,0.0501958429813385
test_04319,7.473239293176448e-06
test_04320,0.030309975147247314
test_04321,0.9978840947151184
test_04322,0.7204927802085876
test_04323,0.01760231889784336
test_04324,0.9929929971694946
test_04325,0.9734825491905212
test_04326,0.9018666744232178
test_04327,0.21441930532455444
test_04328,1.6877423547612125e-07
test_04329,0.999984622001648
test_04330,0.4203213155269623
test_04331,0.8499132990837097
test_04332,0.003073797095566988
test_04333,0.9936457872390747
test_04334,0.9990060925483704
test_04335,0.0011580223217606544
test_04336,0.41961267590522766
test_04337,0.7053001523017883
test_04338,0.9697372317314148
test_04339,0.9988886713981628
test_04340,0.1387980431318283
test_04341,0.9747499227523804
test_04342,0.3346146047115326
test_04343,0.8880984783172607
test_04344,0.06150854378938675
test_04345,0.9877759218215942
test_04346,3.1358791602542624e-05
test_04347,0.03840605542063713
test_04348,0.9237509369850159
test_04349,0.8203616738319397
test_04350,0.9887934327125549
test_04351,0.12000469118356705
test_04352,0.16494497656822205
test_04353,0.35849714279174805
test_04354,0.007457660045474768
test_04355,0.9975540041923523
test_04356,0.5123878717422485
test_04357,0.9663451313972473
test_04358,0.00016485970991197973
test_04359,0.3470555245876312
test_04360,0.04610781371593475
test_04361,0.6451826691627502
test_04362,0.001032420783303678
test_04363,0.9947752952575684
test_04364,0.9724466800689697
test_04365,0.00015427493781317025
test_04366,0.14722588658332825
test_04367,0.022843865677714348
test_04368,9.984611824620515e-05
test_04369,0.8447918891906738
test_04370,0.037996381521224976
test_04371,0.9995887875556946
test_04372,0.8467328548431396
test_04373,0.10048012435436249
test_04374,0.00011275038559688255
test_04375,0.9979054927825928
test_04376,0.06273011118173599
test_04377,0.002342724474146962
test_04378,0.9995290040969849
test_04379,0.007148347329348326
test_04380,0.11785023659467697
test_04381,0.997880220413208
test_04382,6.234831380425021e-05
test_04383,0.9936394095420837
test_04384,0.4492495656013489
test_04385,0.8474205136299133
test_04386,0.49899232387542725
test_04387,5.303783473209478e-05
test_04388,0.051495082676410675
test_04389,0.0017187526682391763
test_04390,0.7776784896850586
test_04391,0.9997630715370178
test_04392,0.9946565628051758
test_04393,0.9990259408950806
test_04394,0.9769967198371887
test_04395,0.02416940964758396
test_04396,0.07183978706598282
test_04397,0.4836907386779785
test_04398,9.544390195515007e-06
test_04399,0.0001789649686543271
test_04400,0.6756025552749634
test_04401,0.002603202825412154
test_04402,0.9989321827888489
test_04403,0.7038319706916809
test_04404,0.4797624349594116
test_04405,0.9963716268539429
test_04406,0.9999978542327881
test_04407,7.947429381260918e-09
test_04408,0.9860429763793945
test_04409,0.99986732006073
test_04410,0.5304292440414429
test_04411,0.5007041096687317
test_04412,0.7736111879348755
test_04413,1.0
test_04414,0.9995415210723877
test_04415,5.897902610740857e-08
test_04416,0.30448785424232483
test_04417,0.4155224561691284
test_04418,0.0008503265562467277
test_04419,0.1451742947101593
test_04420,0.00020882276294287294
test_04421,0.9955964684486389
test_04422,0.4909556210041046
test_04423,0.04429927468299866
test_04424,0.10718165338039398
test_04425,0.9984682202339172
test_04426,0.4214417636394501
test_04427,0.9939735531806946
test_04428,0.0008911857730709016
test_04429,1.0
test_04430,0.876359224319458
test_04431,0.999984622001648
test_04432,0.00016272430366370827
test_04433,0.5539331436157227
test_04434,1.0
test_04435,0.11489401757717133
test_04436,0.36158889532089233
test_04437,0.984459400177002
test_04438,0.9984708428382874
test_04439,2.1558793378062546e-05
test_04440,0.9998155236244202
test_04441,0.6799532771110535
test_04442,0.9363189935684204
test_04443,6.018875637892052e-07
test_04444,0.7987508177757263
test_04445,0.9999997615814209
test_04446,0.00023741062614135444
test_04447,0.9998842477798462
test_04448,7.210751937236637e-05
test_04449,0.2313215136528015
test_04450,0.5319017171859741
test_04451,0.00099320022854954
test_04452,0.0018382241250947118
test_04453,0.9969991445541382
test_04454,3.178560291416943e-05
test_04455,0.5960789322853088
test_04456,0.19226454198360443
test_04457,0.6426520347595215
test_04458,0.9998584985733032
test_04459,0.007557420525699854
test_04460,3.3217515920114238e-06
test_04461,0.9999960660934448
test_04462,0.01298541110008955
test_04463,0.9799142479896545
test_04464,0.9999983310699463
test_04465,0.09496699273586273
test_04466,0.9408595561981201
test_04467,0.9805248975753784
test_04468,1.3369633052207064e-05
test_04469,0.037615757435560226
test_04470,0.5218639373779297
test_04471,0.4948194622993469
test_04472,0.9992471933364868
test_04473,7.213145727291703e-05
test_04474,0.00014070251199882478
test_04475,0.40783464908599854
test_04476,0.00013274667435325682
test_04477,0.3798255920410156
test_04478,0.47011101245880127
test_04479,0.9554400444030762
test_04480,0.9621680378913879
test_04481,0.9998776912689209
test_04482,5.082692587166093e-05
test_04483,0.9999945163726807
test_04484,0.994325578212738
test_04485,0.4900253117084503
test_04486,0.9999992847442627
test_04487,9.190105565437534e-09
test_04488,0.9974015951156616
test_04489,0.00030653984867967665
test_04490,0.9812894463539124
test_04491,0.4903089702129364
test_04492,5.585711551248096e-05
test_04493,0.012830421328544617
test_04494,0.001759640290401876
test_04495,0.9445191621780396
test_04496,2.330271087203073e-09
test_04497,0.004462207201868296
test_04498,0.007414916064590216
test_04499,6.383100753737381e-06
test_04500,0.9946765899658203
test_04501,1.029839040711522e-06
test_04502,0.9946171641349792
test_04503,0.019017988815903664
test_04504,0.004123995546251535
test_04505,0.0532500259578228
test_04506,0.9999998807907104
test_04507,3.1940908229444176e-05
test_04508,1.5224408400626999e-07
test_04509,2.7850941478391178e-05
test_04510,4.739604264614172e-08
test_04511,3.297895091236569e-06
test_04512,0.9825673699378967
test_04513,0.06110060214996338
test_04514,0.9971997737884521
test_04515,0.0004904458182863891
test_04516,0.5383885502815247
test_04517,0.8672483563423157
test_04518,0.06493350118398666
test_04519,0.4536908268928528
test_04520,0.00690107885748148
test_04521,0.9992039799690247
test_04522,0.9996531009674072
test_04523,0.03784569352865219
test_04524,0.9989473223686218
test_04525,0.0007365369820035994
test_04526,0.9890177249908447
test_04527,0.44567281007766724
test_04528,0.9903610944747925
test_04529,0.6356103420257568
test_04530,9.962953839703914e-08
test_04531,0.15186546742916107
test_04532,0.49659112095832825
test_04533,3.055466368095949e-05
test_04534,0.045477863401174545
test_04535,0.9948683977127075
test_04536,1.1217170481359062e-07
test_04537,0.0007447167299687862
test_04538,0.871079683303833
test_04539,0.9968185424804688
test_04540,0.9999876022338867
test_04541,0.9890574812889099
test_04542,0.999397873878479
test_04543,0.05709467828273773
test_04544,0.48431873321533203
test_04545,0.9700722098350525
test_04546,0.9998846054077148
test_04547,0.9994000196456909
test_04548,0.999930739402771
test_04549,0.4603623151779175
test_04550,0.5760870575904846
test_04551,0.9999681711196899
test_04552,0.2964470088481903
test_04553,0.00033429419272579253
test_04554,0.28398391604423523
test_04555,0.018093205988407135
test_04556,0.28210631012916565
test_04557,0.000671535381115973
test_04558,0.5706161856651306
test_04559,0.03732433170080185
test_04560,0.6491676568984985
test_04561,2.5612675926822703e-06
test_04562,0.16383780539035797
test_04563,0.9999815225601196
test_04564,0.0055739120580255985
test_04565,0.5238823294639587
test_04566,0.38921916484832764
test_04567,0.9626790285110474
test_04568,0.14774465560913086
test_04569,0.9954902529716492
test_04570,0.11226838827133179
test_04571,3.3898908124996296e-09
test_04572,0.9999994039535522
test_04573,0.9754016399383545
test_04574,0.10216277837753296
test_04575,0.02658788487315178
test_04576,0.8781201243400574
test_04577,0.09270299971103668
test_04578,0.9884358644485474
test_04579,0.014075996354222298
test_04580,0.0010662894928827882
test_04581,0.10152275115251541
test_04582,0.00023773183056619018
test_04583,0.41089779138565063
test_04584,0.6181939840316772
test_04585,0.8063569664955139
test_04586,0.881166398525238
test_04587,0.8263639211654663
test_04588,0.737019956111908
test_04589,0.8813205361366272
test_04590,0.5833613872528076
test_04591,0.9995887875556946
test_04592,1.898918162623886e-05
test_04593,0.5016900300979614
test_04594,0.0003003404999617487
test_04595,0.21825072169303894
test_04596,0.0004393785784486681
test_04597,0.004622607957571745
test_04598,0.3640936315059662
test_04599,0.21837526559829712
test_04600,0.175380140542984
test_04601,0.011792059056460857
test_04602,0.1159331426024437
test_04603,1.0
test_04604,0.4354472756385803
test_04605,0.8031367659568787
test_04606,0.8464134335517883
test_04607,0.06466647982597351
test_04608,0.6116101145744324
test_04609,0.8801339864730835
test_04610,1.8476427499081183e-07
test_04611,0.17321887612342834
test_04612,0.9981932044029236
test_04613,0.8932466506958008
test_04614,0.9999980926513672
test_04615,0.9999818801879883
test_04616,0.9999997615814209
test_04617,4.789774266100721e-07
test_04618,0.9999911785125732
test_04619,0.37552061676979065
test_04620,0.04077187553048134
test_04621,0.9943610429763794
test_04622,0.43934133648872375
test_04623,0.8791889548301697
test_04624,0.4092155992984772
test_04625,0.7537848949432373
test_04626,0.3003193438053131
test_04627,0.40081602334976196
test_04628,0.9969696402549744
test_04629,0.9736161828041077
test_04630,0.9996484518051147
test_04631,0.9999926090240479
test_04632,0.0004599195090122521
test_04633,0.06894446909427643
test_04634,0.9998186230659485
test_04635,0.9998125433921814
test_04636,0.9999926090240479
test_04637,0.3923138976097107
test_04638,0.8596455454826355
test_04639,0.9998608827590942
test_04640,0.9999997615814209
test_04641,0.9996891021728516
test_04642,0.0033439460676163435
test_04643,0.8622920513153076
test_04644,0.48528268933296204
test_04645,0.912261962890625
test_04646,0.551421582698822
test_04647,0.9929593801498413
test_04648,0.5421557426452637
test_04649,0.9906874299049377
test_04650,0.12189115583896637
test_04651,0.9999810457229614
test_04652,0.00017448094149585813
test_04653,0.7635148763656616
test_04654,2.479006980138365e-06
test_04655,0.019863996654748917
test_04656,0.017387326806783676
test_04657,0.9965987801551819
test_04658,0.9999840259552002
test_04659,0.9999598264694214
test_04660,0.34739309549331665
test_04661,4.032245487906039e-05
test_04662,0.1184072196483612
test_04663,0.0020240528974682093
test_04664,0.8182764649391174
test_04665,0.9999984502792358
test_04666,0.0016601573443040252
test_04667,0.9999920129776001
test_04668,0.0033938223496079445
test_04669,0.9999324083328247
test_04670,0.9946516752243042
test_04671,0.008478273637592793
test_04672,0.057107746601104736
test_04673,0.0374060682952404
test_04674,0.0037711295299232006
test_04675,0.00023279311426449567
test_04676,0.020329177379608154
test_04677,0.5846945643424988
test_04678,0.6356679797172546
test_04679,0.05216421186923981
test_04680,0.9359910488128662
test_04681,0.9999990463256836
test_04682,0.16075485944747925
test_04683,0.00018562319746706635
test_04684,0.00010335481056245044
test_04685,0.9990664124488831
test_04686,0.5712827444076538
test_04687,0.9860149621963501
test_04688,0.3449919521808624
test_04689,0.9032721519470215
test_04690,0.9373266100883484
test_04691,0.002581515582278371
test_04692,0.0002051185438176617
test_04693,0.9991453886032104
test_04694,0.8595361709594727
test_04695,0.5786871910095215
test_04696,0.6732879877090454
test_04697,0.0009207474067807198
test_04698,0.00027168638189323246
test_04699,0.042941201478242874
test_04700,0.9683212637901306
test_04701,0.022504296153783798
test_04702,0.4290863573551178
test_04703,0.9998114705085754
test_04704,0.23792210221290588
test_04705,3.811459100688808e-05
test_04706,0.011436539702117443
test_04707,0.9427276849746704
test_04708,0.0004544337571132928
test_04709,0.00017838369240052998
test_04710,0.7467346787452698
test_04711,0.4450446665287018
test_04712,0.834152340888977
test_04713,0.9162718653678894
test_04714,0.1576758772134781
test_04715,0.9391521215438843
test_04716,1.0454628863953985e-05
test_04717,0.002787987468764186
test_04718,0.04999706894159317
test_04719,0.0025002476759254932
test_04720,0.2029421627521515
test_04721,0.9999991655349731
test_04722,0.9965534210205078
test_04723,0.8895605802536011
test_04724,0.924796998500824
test_04725,0.5293720364570618
test_04726,0.3287131190299988
test_04727,0.9999997615814209
test_04728,0.9790496230125427
test_04729,0.051520634442567825
test_04730,0.0144217349588871
test_04731,0.05548714101314545
test_04732,0.9887556433677673
test_04733,0.33568379282951355
test_04734,0.9999903440475464
test_04735,0.9999998807907104
test_04736,5.9939411585219204e-06
test_04737,0.5243890881538391
test_04738,8.824020915199071e-05
test_04739,0.01659737154841423
test_04740,0.9826237559318542
test_04741,0.9903647303581238
test_04742,0.9999172687530518
test_04743,0.997612476348877
test_04744,0.42667698860168457
test_04745,0.24488574266433716
test_04746,0.0064245956018567085
test_04747,0.059523068368434906
test_04748,0.9768335819244385
test_04749,0.19834469258785248
test_04750,0.5825667977333069
test_04751,0.9999849796295166
test_04752,0.18675367534160614
test_04753,0.9990252256393433
test_04754,0.029350237920880318
test_04755,0.12229449301958084
test_04756,2.449307885399321e-07
test_04757,2.614599907246884e-06
test_04758,2.089057488774415e-06
test_04759,0.9995504021644592
test_04760,0.9728378653526306
test_04761,0.9312690496444702
test_04762,0.029659844934940338
test_04763,0.07078404724597931
test_04764,0.9999946355819702
test_04765,0.999806821346283
test_04766,1.0858603673113976e-05
test_04767,0.715743362903595
test_04768,0.0013433964923024178
test_04769,0.9116478562355042
test_04770,0.9990994930267334
test_04771,0.005919666029512882
test_04772,0.6080377101898193
test_04773,0.9997974038124084
test_04774,8.124312444124371e-05
test_04775,0.8122682571411133
test_04776,0.999988317489624
test_04777,0.0004819309979211539
test_04778,0.8346400856971741
test_04779,0.9099816679954529
test_04780,0.9778723120689392
test_04781,0.012948933988809586
test_04782,0.002425462007522583
test_04783,0.9866694211959839
test_04784,0.0005935562658123672
test_04785,0.9994702935218811
test_04786,0.008587656542658806
test_04787,0.9950249791145325
test_04788,0.6002235412597656
test_04789,0.00021284025569912046
test_04790,0.99029541015625
test_04791,1.014660119835753e-05
test_04792,0.5663794279098511
test_04793,0.9999997615814209
test_04794,0.0070253838784992695
test_04795,2.6763482310343534e-06
test_04796,0.005348991136997938
test_04797,1.0
test_04798,0.9999325275421143
test_04799,0.007272919174283743
test_04800,1.0
test_04801,0.5519949197769165
test_04802,0.012401129119098186
test_04803,0.9999991655349731
test_04804,0.9906314611434937
test_04805,0.00013050893903709948
test_04806,0.02481466718018055
test_04807,0.5238312482833862
test_04808,0.40981316566467285
test_04809,0.8461048007011414
test_04810,0.3620411455631256
test_04811,3.5577439660983146e-08
test_04812,0.5585746169090271
test_04813,0.9999548196792603
test_04814,0.40770599246025085
test_04815,0.5336408019065857
test_04816,0.42495930194854736
test_04817,8.976720710052177e-05
test_04818,0.0075352075509727
test_04819,0.005899599753320217
test_04820,0.0037980047054588795
test_04821,0.9954296350479126
test_04822,0.9988915324211121
test_04823,0.9991924166679382
test_04824,0.00041892402805387974
test_04825,0.04398152977228165
test_04826,0.8842004537582397
test_04827,5.757186158916738e-07
test_04828,0.9964525699615479
test_04829,0.9991325736045837
test_04830,0.0028389410581439734
test_04831,0.07427399605512619
test_04832,0.9875218272209167
test_04833,0.0658300369977951
test_04834,0.0018380002584308386
test_04835,0.9730926156044006
test_04836,0.4037274122238159
test_04837,0.9675433039665222
test_04838,0.00928517896682024
test_04839,0.964383065700531
test_04840,2.141681989087374e-06
test_04841,0.10409624129533768
test_04842,0.9723404049873352
test_04843,0.06580356508493423
test_04844,0.00012500808225013316
test_04845,0.9992892742156982
test_04846,0.029090043157339096
test_04847,0.9760493040084839
test_04848,0.567101776599884
test_04849,0.43399500846862793
test_04850,0.5023931860923767
test_04851,0.8479195237159729
test_04852,0.9999996423721313
test_04853,0.24058814346790314
test_04854,0.04018985107541084
test_04855,0.9986349940299988
test_04856,0.7870880961418152
test_04857,0.00012466180487535894
test_04858,0.9996869564056396
test_04859,0.9827372431755066
test_04860,0.019451573491096497
test_04861,0.496396005153656
test_04862,0.03765318915247917
test_04863,0.59621262550354
test_04864,0.9951445460319519
test_04865,0.07878103852272034
test_04866,3.1267263693735003e-05
test_04867,0.002732001943513751
test_04868,1.1261905456194654e-05
test_04869,0.4414949119091034
test_04870,0.9999703168869019
test_04871,0.982680082321167
test_04872,0.9371044635772705
test_04873,0.9999288320541382
test_04874,0.0010778281139209867
test_04875,0.9633458852767944
test_04876,0.0012068834621459246
test_04877,0.7270231246948242
test_04878,0.0010752155212685466
test_04879,0.9115296602249146
test_04880,2.7989153750240803e-05
test_04881,2.552256773924455e-05
test_04882,0.859168529510498
test_04883,0.999983549118042
test_04884,0.28991398215293884
test_04885,0.20204617083072662
test_04886,0.9883846044540405
test_04887,4.458713374333456e-05
test_04888,0.00032743162591941655
test_04889,0.6228799223899841
test_04890,9.863237210083753e-05
test_04891,0.5823750495910645
test_04892,0.0925707295536995
test_04893,0.5228451490402222
test_04894,0.7114093899726868
test_04895,0.32499462366104126
test_04896,8.95213325691202e-09
test_04897,0.0030561601743102074
test_04898,0.606300413608551
test_04899,0.6819975972175598
test_04900,0.9999986886978149
test_04901,0.9550355076789856
test_04902,0.00021521130111068487
test_04903,0.9999997615814209
test_04904,0.9776671528816223
test_04905,0.06358329206705093
test_04906,0.999416708946228
test_04907,0.5950803756713867
test_04908,0.021849770098924637
test_04909,0.9997488856315613
test_04910,0.8730988502502441
test_04911,0.9821366667747498
test_04912,0.9999892711639404
test_04913,0.9977667331695557
test_04914,0.00011749256373150274
test_04915,0.9999722242355347
test_04916,0.4779570400714874
test_04917,0.9962770342826843
test_04918,0.9999294281005859
test_04919,0.3512779474258423
test_04920,0.1832641214132309
test_04921,0.5458712577819824
test_04922,1.555280960019445e-06
test_04923,0.06433303654193878
test_04924,0.003807126311585307
test_04925,0.9725809693336487
test_04926,0.9995946288108826
test_04927,0.13111472129821777
test_04928,2.2602018361794762e-05
test_04929,0.9533429145812988
test_04930,0.001264767604880035
test_04931,0.577613353729248
test_04932,0.6873247623443604
test_04933,0.995042085647583
test_04934,0.3399305045604706
test_04935,1.1809813571517225e-07
test_04936,0.9964411854743958
test_04937,0.11474607139825821
test_04938,0.009615771472454071
test_04939,0.09335943311452866
test_04940,0.21562200784683228
test_04941,0.7890002727508545
test_04942,0.0825815200805664
test_04943,0.9728623628616333
test_04944,0.572698712348938
test_04945,0.0006279479712247849
test_04946,0.03776257485151291
test_04947,0.9998935461044312
test_04948,0.9999699592590332
test_04949,0.9999974966049194
test_04950,0.13237117230892181
test_04951,0.9467412233352661
test_04952,0.6312440037727356
test_04953,5.122432776261121e-05
test_04954,0.999775230884552
test_04955,0.9999849796295166
test_04956,0.9935950636863708
test_04957,0.8972845077514648
test_04958,0.029645321890711784
test_04959,0.18037906289100647
test_04960,0.5172577500343323
test_04961,0.044651731848716736
test_04962,0.9984326958656311
test_04963,0.7027270793914795
test_04964,0.4704807698726654
test_04965,0.9857996702194214
test_04966,0.9977814555168152
test_04967,0.6224822402000427
test_04968,0.04416973143815994
test_04969,0.06578263640403748
test_04970,0.9999927282333374
test_04971,0.6308700442314148
test_04972,7.25279824109748e-05
test_04973,0.5163456201553345
test_04974,0.6815968751907349
test_04975,0.3792753219604492
test_04976,0.037297897040843964
test_04977,0.006803750991821289
test_04978,0.017796620726585388
test_04979,0.54794842004776
test_04980,0.9813684821128845
test_04981,0.8779240250587463
test_04982,0.7226842045783997
test_04983,0.004741681274026632
test_04984,0.9905068874359131
test_04985,0.9301995038986206
test_04986,0.7721496820449829
test_04987,0.9149408936500549
test_04988,0.47474557161331177
test_04989,7.093065335084248e-08
test_04990,0.9969145059585571
test_04991,3.823886800091714e-06
test_04992,0.7857250571250916
test_04993,0.9999990463256836
test_04994,0.2648731470108032
test_04995,0.9963117241859436
test_04996,0.1671016365289688
test_04997,1.2328611774137244e-05
test_04998,0.00026252324460074306
test_04999,8.906356015359052e-06
test_05000,0.9999980926513672
test_05001,0.9999711513519287
test_05002,0.915217399597168
test_05003,0.9901054501533508
test_05004,0.7364481687545776
test_05005,0.9898545145988464
test_05006,9.256537225610373e-08
test_05007,0.43149876594543457
test_05008,0.9964700937271118
test_05009,0.9167153239250183
test_05010,0.013709043152630329
test_05011,0.74275141954422
test_05012,0.8126698136329651
test_05013,0.9999921321868896
test_05014,0.9999998807907104
test_05015,0.9977153539657593
test_05016,0.4195963144302368
test_05017,0.8117987513542175
test_05018,0.6185334920883179
test_05019,0.6228189468383789
test_05020,0.9997394680976868
test_05021,0.6780275106430054
test_05022,0.9999998807907104
test_05023,0.9226347208023071
test_05024,0.9852712154388428
test_05025,0.11620880663394928
test_05026,0.484483003616333
test_05027,0.514277994632721
test_05028,0.9999998807907104
test_05029,0.8505073189735413
test_05030,0.9989588260650635
test_05031,0.0005108474870212376
test_05032,0.9994029998779297
test_05033,0.9997238516807556
test_05034,0.2034219354391098
test_05035,0.026404201984405518
test_05036,0.6519033312797546
test_05037,0.9748868346214294
test_05038,0.00016001977201085538
test_05039,0.6965952515602112
test_05040,0.7106579542160034
test_05041,0.9999234676361084
test_05042,0.9948005676269531
test_05043,0.9781663417816162
test_05044,0.9782124161720276
test_05045,0.9549036622047424
test_05046,0.0026885338593274355
test_05047,0.9999982118606567
test_05048,0.0038211606442928314
test_05049,0.544198751449585
test_05050,0.4319572448730469
test_05051,0.6333855986595154
test_05052,0.5358656048774719
test_05053,0.9263015389442444
test_05054,0.2470664530992508
test_05055,2.8777328680007486e-06
test_05056,0.9681270718574524
test_05057,0.9986420273780823
test_05058,0.9976143836975098
test_05059,0.007667104247957468
test_05060,0.9467702507972717
test_05061,0.999982476234436
test_05062,0.06840905547142029
test_05063,1.0
test_05064,0.9102598428726196
test_05065,5.47613381058909e-05
test_05066,1.6887785022845492e-05
test_05067,0.9991395473480225
test_05068,0.9987208247184753
test_05069,0.6299351453781128
test_05070,0.16270051896572113
test_05071,0.0005755185848101974
test_05072,0.5158703923225403
test_05073,0.895396888256073
test_05074,0.008596882224082947
test_05075,0.9853851199150085
test_05076,0.9943734407424927
test_05077,0.02940816804766655
test_05078,0.9975535273551941
test_05079,0.1664608269929886
test_05080,1.0
test_05081,0.3029375672340393
test_05082,0.02259625494480133
test_05083,0.9950660467147827
test_05084,0.9999949932098389
test_05085,0.9999594688415527
test_05086,0.5611146092414856
test_05087,0.5233270525932312
test_05088,0.9997643828392029
test_05089,0.35315534472465515
test_05090,0.8625993728637695
test_05091,0.9987378716468811
test_05092,7.879750114625494e-07
test_05093,3.374024890945293e-05
test_05094,0.5051678419113159
test_05095,0.9999778270721436
test_05096,0.00021246838150545955
test_05097,0.9999475479125977
test_05098,9.410965503775515e-06
test_05099,1.0
test_05100,8.837181667331606e-06
test_05101,0.6100521087646484
test_05102,5.197661398503861e-11
test_05103,0.9997565150260925
test_05104,0.06410535424947739
test_05105,0.8458855152130127
test_05106,0.9990535378456116
test_05107,8.494873213749088e-07
test_05108,0.03370175138115883
test_05109,0.002592377131804824
test_05110,0.998896598815918
test_05111,0.9997885823249817
test_05112,0.7207140326499939
test_05113,0.7519451379776001
test_05114,0.08397910743951797
test_05115,0.006380480248481035
test_05116,0.005060182884335518
test_05117,0.09278781712055206
test_05118,4.300252385291969e-06
test_05119,0.9999920129776001
test_05120,0.9997193217277527
test_05121,0.04902738332748413
test_05122,0.07649759203195572
test_05123,0.5116987824440002
test_05124,0.034999947994947433
test_05125,0.9335201382637024
test_05126,0.9992566704750061
test_05127,0.999932050704956
test_05128,0.21274030208587646
test_05129,0.5535856485366821
test_05130,0.0005034728092141449
test_05131,0.8476741313934326
test_05132,0.15078160166740417
test_05133,0.6269416213035583
test_05134,0.521196722984314
test_05135,0.04784376174211502
test_05136,0.6664703488349915
test_05137,0.9999984502792358
test_05138,0.8016489744186401
test_05139,0.8498097658157349
test_05140,0.3801823556423187
test_05141,0.18258437514305115
test_05142,0.9968909621238708
test_05143,0.6474936604499817
test_05144,0.21610966324806213
test_05145,0.8886319398880005
test_05146,0.9118602275848389
test_05147,0.5686885714530945
test_05148,0.46413499116897583
test_05149,0.0008000764064490795
test_05150,0.0014680568128824234
test_05151,0.9867796897888184
test_05152,0.9998601675033569
test_05153,0.8077338337898254
test_05154,0.09668847173452377
test_05155,0.9369543790817261
test_05156,0.9997161030769348
test_05157,0.36459794640541077
test_05158,0.9999443292617798
test_05159,1.5849833289394155e-05
test_05160,0.5684457421302795
test_05161,0.8100379705429077
test_05162,0.02108694240450859
test_05163,4.89617787025054e-06
test_05164,0.02006882056593895
test_05165,0.00010012508573709056
test_05166,0.9998176693916321
test_05167,0.9926542043685913
test_05168,0.9637137651443481
test_05169,0.9989683628082275
test_05170,0.00751522509381175
test_05171,0.9462783336639404
test_05172,0.9464241862297058
test_05173,4.969685323885642e-05
test_05174,0.9365673661231995
test_05175,0.2545512616634369
test_05176,0.07363618910312653
test_05177,0.9983870983123779
test_05178,0.5063959360122681
test_05179,0.000250269309617579
test_05180,0.00040726884617470205
test_05181,0.06745897233486176
test_05182,0.09471657872200012
test_05183,0.0067948694340884686
test_05184,0.9999709129333496
test_05185,0.9926571249961853
test_05186,0.872425377368927
test_05187,1.0
test_05188,0.9997186064720154
test_05189,0.5031498670578003
test_05190,0.9999358654022217
test_05191,0.6907155513763428
test_05192,0.0012771489564329386
test_05193,0.00040275504579767585
test_05194,0.5011598467826843
test_05195,0.0022776892874389887
test_05196,0.1631302535533905
test_05197,0.004297024570405483
test_05198,0.9999227523803711
test_05199,0.9741289019584656
test_05200,0.9973974227905273
test_05201,1.0
test_05202,0.015605072490870953
test_05203,0.8427167534828186
test_05204,0.001064507756382227
test_05205,0.1389271318912506
test_05206,0.008662544190883636
test_05207,0.008906128816306591
test_05208,0.935558021068573
test_05209,0.6372766494750977
test_05210,0.9998550415039062
test_05211,0.47914519906044006
test_05212,0.9999985694885254
test_05213,5.234113632468507e-05
test_05214,0.009419924579560757
test_05215,0.9999375343322754
test_05216,0.7839486002922058
test_05217,0.6570239663124084
test_05218,0.9999998807907104
test_05219,0.4658273756504059
test_05220,1.0
test_05221,0.0016821230528876185
test_05222,0.7891170978546143
test_05223,0.396791011095047
test_05224,0.6873660087585449
test_05225,0.9527802467346191
test_05226,0.012495706789195538
test_05227,0.11867478489875793
test_05228,0.5998015403747559
test_05229,0.10544391721487045
test_05230,0.8065490126609802
test_05231,0.9086763262748718
test_05232,0.024129366502165794
test_05233,0.9568275809288025
test_05234,0.47756436467170715
test_05235,0.9996906518936157
test_05236,0.861588716506958
test_05237,0.9967013001441956
test_05238,0.0009068688959814608
test_05239,0.9522887468338013
test_05240,0.9994364380836487
test_05241,0.005995136220008135
test_05242,0.49553537368774414
test_05243,0.9303317666053772
test_05244,0.8573468327522278
test_05245,0.00021010795899201185
test_05246,0.2626290023326874
test_05247,0.1945614218711853
test_05248,0.031193774193525314
test_05249,0.8688669204711914
test_05250,0.9681692123413086
test_05251,0.9999967813491821
test_05252,2.932490133389365e-05
test_05253,0.6247674822807312
test_05254,0.9999392032623291
test_05255,0.9845938682556152
test_05256,0.0003613409062381834
test_05257,0.7419452667236328
test_05258,0.028412483632564545
test_05259,0.16437552869319916
test_05260,0.3585047423839569
test_05261,0.9999963045120239
test_05262,0.9844993948936462
test_05263,1.0
test_05264,0.6091650128364563
test_05265,0.4137932062149048
test_05266,0.9999344348907471
test_05267,0.999997615814209
test_05268,0.9942927360534668
test_05269,0.8167079091072083
test_05270,0.9307482838630676
test_05271,0.9975675344467163
test_05272,0.9999961853027344
test_05273,2.6664922188501805e-05
test_05274,0.0007427558884955943
test_05275,0.03830895200371742
test_05276,0.9964755177497864
test_05277,0.23929525911808014
test_05278,0.8835238218307495
test_05279,0.009642345830798149
test_05280,0.09492523968219757
test_05281,0.33519479632377625
test_05282,0.9546157717704773
test_05283,0.9995554089546204
test_05284,0.6305456161499023
test_05285,0.003054247470572591
test_05286,0.9999186992645264
test_05287,2.46625697641889e-09
test_05288,0.9135903120040894
test_05289,0.9999991655349731
test_05290,0.5976825952529907
test_05291,0.0008829903090372682
test_05292,0.9928691983222961
test_05293,0.29879030585289
test_05294,0.9379409551620483
test_05295,0.9999983310699463
test_05296,0.10641620308160782
test_05297,0.03757339343428612
test_05298,0.9792875051498413
test_05299,0.9598718285560608
test_05300,0.12345083802938461
test_05301,1.8659227496442554e-09
test_05302,2.3148208683210214e-08
test_05303,0.9999880790710449
test_05304,0.0007118522189557552
test_05305,0.9856283664703369
test_05306,0.05945926159620285
test_05307,0.9980308413505554
test_05308,1.0
test_05309,0.0007878250326029956
test_05310,0.00016135537589434534
test_05311,0.9992952346801758
test_05312,0.9998742341995239
test_05313,0.9999624490737915
test_05314,0.8506956696510315
test_05315,0.000492311839479953
test_05316,0.9998974800109863
test_05317,0.905275821685791
test_05318,0.5174198150634766
test_05319,0.8727134466171265
test_05320,0.6200186610221863
test_05321,0.9999996423721313
test_05322,0.46570974588394165
test_05323,0.9029779434204102
test_05324,1.0
test_05325,0.9989049434661865
test_05326,0.9958413243293762
test_05327,0.9948508143424988
test_05328,0.00025902659399434924
test_05329,0.9896766543388367
test_05330,2.0979216060368344e-05
test_05331,0.6196133494377136
test_05332,0.015336799435317516
test_05333,0.6743053197860718
test_05334,0.00038510971353389323
test_05335,0.18428482115268707
test_05336,0.9998958110809326
test_05337,0.6336482167243958
test_05338,0.5835855007171631
test_05339,0.9665515422821045
test_05340,0.8917410373687744
test_05341,0.02705821581184864
test_05342,9.741536632645875e-05
test_05343,0.9927678108215332
test_05344,6.350116746034473e-05
test_05345,0.6773989200592041
test_05346,0.9990473389625549
test_05347,0.26119375228881836
test_05348,0.6962850093841553
test_05349,0.5289651155471802
test_05350,0.0009044182952493429
test_05351,0.9999998807907104
test_05352,0.03684653714299202
test_05353,0.0002361562947044149
test_05354,0.08638570457696915
test_05355,0.0017743794014677405
test_05356,0.8079643249511719
test_05357,0.8481760621070862
test_05358,0.8110916018486023
test_05359,1.5967198396804605e-10
test_05360,0.03630058094859123
test_05361,0.9981099367141724
test_05362,0.9656742215156555
test_05363,0.0022250493057072163
test_05364,0.9999988079071045
test_05365,0.06959711015224457
test_05366,0.14744383096694946
test_05367,0.8275811076164246
test_05368,0.576357364654541
test_05369,0.0002656349679455161
test_05370,0.9912419319152832
test_05371,0.08350148051977158
test_05372,0.5669077038764954
test_05373,0.5409639477729797
test_05374,0.7179198265075684
test_05375,0.013081184588372707
test_05376,0.030353950336575508
test_05377,0.9812433123588562
test_05378,0.999996542930603
test_05379,0.999992847442627
test_05380,0.005463291425257921
test_05381,0.7399476766586304
test_05382,0.6788939833641052
test_05383,0.8564040660858154
test_05384,0.558036208152771
test_05385,0.8899279832839966
test_05386,0.05319182202219963
test_05387,0.999996542930603
test_05388,0.9999935626983643
test_05389,1.826327434173436e-06
test_05390,0.9997244477272034
test_05391,0.9945940375328064
test_05392,0.9249595403671265
test_05393,0.9995637536048889
test_05394,0.9971457123756409
test_05395,0.5717393755912781
test_05396,0.6838086247444153
test_05397,0.004052924923598766
test_05398,0.9999178647994995
test_05399,0.8461872339248657
test_05400,0.929006814956665
test_05401,0.4463134706020355
test_05402,0.9829668998718262
test_05403,0.9906140565872192
test_05404,0.9427523016929626
test_05405,8.518802496837452e-05
test_05406,0.44123461842536926
test_05407,0.449869841337204
test_05408,0.9923595786094666
test_05409,0.1634296327829361
test_05410,0.9999992847442627
test_05411,0.9999629259109497
test_05412,0.9999986886978149
test_05413,9.737750588101335e-06
test_05414,0.009387999773025513
test_05415,0.002959092613309622
test_05416,0.6036308407783508
test_05417,0.05806119367480278
test_05418,0.9999997615814209
test_05419,0.19748447835445404
test_05420,0.08118479698896408
test_05421,0.9514195322990417
test_05422,0.2150176614522934
test_05423,0.22651568055152893
test_05424,2.2456642909673974e-06
test_05425,0.3960477411746979
test_05426,9.532414537716249e-07
test_05427,0.0003949218080379069
test_05428,0.9999995231628418
test_05429,0.9998995065689087
test_05430,1.0
test_05431,0.033614952117204666
test_05432,0.9999397993087769
test_05433,0.3124600648880005
test_05434,0.9999078512191772
test_05435,0.5576377511024475
test_05436,0.04452553018927574
test_05437,0.9980297684669495
test_05438,0.009065350517630577
test_05439,0.1166931688785553
test_05440,5.6590506574139e-06
test_05441,0.9964715242385864
test_05442,0.5153735876083374
test_05443,0.0010907447431236506
test_05444,0.9716517925262451
test_05445,0.12378329783678055
test_05446,0.017459522932767868
test_05447,0.8670802712440491
test_05448,0.9246662259101868
test_05449,0.02407412976026535
test_05450,0.9573237895965576
test_05451,0.03629545867443085
test_05452,0.9944126009941101
test_05453,0.9971856474876404
test_05454,0.0011016714852303267
test_05455,0.0003811243805103004
test_05456,0.003007512539625168
test_05457,0.7280201315879822
test_05458,0.31599926948547363
test_05459,0.008807186968624592
test_05460,0.9992559552192688
test_05461,0.003056582994759083
test_05462,1.0
test_05463,0.948960542678833
test_05464,0.9991353154182434
test_05465,0.45866066217422485
test_05466,0.9958479404449463
test_05467,0.00307189067825675
test_05468,0.9991342425346375
test_05469,0.6586933732032776
test_05470,0.0004492139269132167
test_05471,0.0003131076809950173
test_05472,0.9201125502586365
test_05473,0.7532514929771423
test_05474,0.05089493840932846
test_05475,0.0011452673934400082
test_05476,0.0009758561500348151
test_05477,0.8196321725845337
test_05478,0.44758397340774536
test_05479,0.8780222535133362
test_05480,0.0003569787950254977
test_05481,0.7535426616668701
test_05482,1.8194126027992752e-07
test_05483,0.9991268515586853
test_05484,0.006919377483427525
test_05485,5.242095994617557e-06
test_05486,0.511094331741333
test_05487,0.523067057132721
test_05488,0.4357735216617584
test_05489,0.06606857478618622
test_05490,0.002034222474321723
test_05491,0.34336912631988525
test_05492,1.273279281122086e-06
test_05493,0.0020035477355122566
test_05494,0.9803526401519775
test_05495,0.999969482421875
test_05496,0.995915949344635
test_05497,5.190892693462956e-07
test_05498,0.00034585900721140206
test_05499,0.00213140738196671
test_05500,0.4064459204673767
test_05501,0.7758962512016296
test_05502,2.5837002795014996e-06
test_05503,4.4685039028991014e-05
test_05504,0.999958872795105
test_05505,0.9644877314567566
test_05506,0.002346177352592349
test_05507,9.262149251298979e-05
test_05508,0.9490197896957397
test_05509,0.0023658403661102057
test_05510,0.9996870756149292
test_05511,0.9940496683120728
test_05512,0.007519963197410107
test_05513,0.0006407464388757944
test_05514,3.806437007369823e-06
test_05515,0.00013193412451073527
test_05516,0.5014814138412476
test_05517,0.0015914138639345765
test_05518,0.5683503746986389
test_05519,0.44819727540016174
test_05520,0.7517073750495911
test_05521,0.9974460601806641
test_05522,0.44637531042099
test_05523,0.9989245533943176
test_05524,0.9918785095214844
test_05525,0.009116013534367085
test_05526,0.32512202858924866
test_05527,0.9883930087089539
test_05528,1.7606989786145277e-06
test_05529,0.9989367127418518
test_05530,0.004505880642682314
test_05531,3.9132575579969853e-07
test_05532,0.9998233914375305
test_05533,0.4698157012462616
test_05534,0.9999939203262329
test_05535,0.998627781867981
test_05536,0.06409374624490738
test_05537,0.9820257425308228
test_05538,0.6309909224510193
test_05539,0.999479353427887
test_05540,0.9797006249427795
test_05541,0.09683842211961746
test_05542,0.021146787330508232
test_05543,1.264156690439222e-08
test_05544,0.9992300271987915
test_05545,0.0008952590869739652
test_05546,0.0014245470520108938
test_05547,0.0010034115985035896
test_05548,0.5105379819869995
test_05549,0.32896697521209717
test_05550,0.3096311390399933
test_05551,0.13855984807014465
test_05552,0.11118947714567184
test_05553,0.9993738532066345
test_05554,0.9960667490959167
test_05555,0.9999998807907104
test_05556,0.5033982992172241
test_05557,0.9614858031272888
test_05558,0.38923510909080505
test_05559,9.20549467764431e-08
test_05560,0.9510193467140198
test_05561,0.0008880815585143864
test_05562,0.6444360017776489
test_05563,0.7701886892318726
test_05564,0.5704799890518188
test_05565,0.8163970112800598
test_05566,1.1821473890449852e-05
test_05567,0.9999517202377319
test_05568,0.968420684337616
test_05569,0.8244372010231018
test_05570,1.2215883771204972e-06
test_05571,0.9999511241912842
test_05572,0.6421465277671814
test_05573,0.9994102716445923
test_05574,0.7470241189002991
test_05575,0.9993890523910522
test_05576,0.017858797684311867
test_05577,0.8286712169647217
test_05578,0.9345275163650513
test_05579,0.15652108192443848
test_05580,0.004448143299669027
test_05581,0.008921184577047825
test_05582,0.9619260430335999
test_05583,7.08454663822522e-08
test_05584,0.9997096657752991
test_05585,0.00020479220256675035
test_05586,0.3008037507534027
test_05587,6.255619155126624e-06
test_05588,0.9999585151672363
test_05589,5.923120934697712e-12
test_05590,0.9660418629646301
test_05591,0.0043807243928313255
test_05592,0.09737305343151093
test_05593,1.0
test_05594,0.6999697089195251
test_05595,1.0
test_05596,0.5091785192489624
test_05597,0.156046524643898
test_05598,0.9632906913757324
test_05599,0.002987425774335861
test_05600,0.9999995231628418
test_05601,1.0
test_05602,0.5530341863632202
test_05603,0.37647494673728943
test_05604,0.9999867677688599
test_05605,0.9457679390907288
test_05606,2.262807174702175e-05
test_05607,0.16164365410804749
test_05608,0.10200687497854233
test_05609,0.0015470439102500677
test_05610,0.993904173374176
test_05611,0.0025853959377855062
test_05612,0.09722114354372025
test_05613,0.2169421911239624
test_05614,0.6038139462471008
test_05615,0.8438395261764526
test_05616,0.0002903758722823113
test_05617,5.1888760026486125e-06
test_05618,0.011596049182116985
test_05619,0.20255088806152344
test_05620,0.0040792785584926605
test_05621,0.08863923698663712
test_05622,0.9975523352622986
test_05623,0.7059091925621033
test_05624,0.5282326936721802
test_05625,0.0896548330783844
test_05626,0.9631987810134888
test_05627,0.0039856624789536
test_05628,0.9919660091400146
test_05629,1.2417714287948911e-06
test_05630,1.5610852699410316e-07
test_05631,0.00020096123625990003
test_05632,0.999783456325531
test_05633,0.9999997615814209
test_05634,0.9990586638450623
test_05635,0.8057652115821838
test_05636,0.9996585845947266
test_05637,0.21997661888599396
test_05638,0.7880437970161438
test_05639,0.923478364944458
test_05640,0.9999992847442627
test_05641,0.11413193494081497
test_05642,0.999998927116394
test_05643,0.07350874692201614
test_05644,0.4605298936367035
test_05645,0.03303923457860947
test_05646,0.5269016623497009
test_05647,0.00045231389231048524
test_05648,0.0001599955139681697
test_05649,0.0002331485302420333
test_05650,0.9554136395454407
test_05651,0.018102992326021194
test_05652,0.839332103729248
test_05653,0.0005207611829973757
test_05654,0.9474079608917236
test_05655,0.9999436140060425
test_05656,0.4957437515258789
test_05657,0.028583837673068047
test_05658,4.785176770383259e-06
test_05659,0.5406891703605652
test_05660,0.977957010269165
test_05661,0.2363465428352356
test_05662,0.9999983310699463
test_05663,0.9582860469818115
test_05664,0.9999996423721313
test_05665,0.010400841943919659
test_05666,0.4880289137363434
test_05667,2.751089880348445e-07
test_05668,0.47615817189216614
test_05669,0.9998918771743774
test_05670,0.003796866163611412
test_05671,0.29923215508461
test_05672,0.9927725195884705
test_05673,0.5489376783370972
test_05674,0.0002796937187667936
test_05675,0.49255213141441345
test_05676,1.0735062687672325e-06
test_05677,6.0304275393718854e-05
test_05678,0.00341216754168272
test_05679,0.996159553527832
test_05680,1.1157399057992734e-06
test_05681,4.620073923433665e-06
test_05682,0.6844077706336975
test_05683,0.0011978431139141321
test_05684,0.04181533679366112
test_05685,0.7063114047050476
test_05686,0.9993929862976074
test_05687,8.402792445849627e-05
test_05688,0.29939764738082886
test_05689,0.9999842643737793
test_05690,1.918631369335344e-06
test_05691,0.3326748311519623
test_05692,0.5033727288246155
test_05693,0.9966199398040771
test_05694,0.5334560871124268
test_05695,0.09470510482788086
test_05696,0.9993336796760559
test_05697,0.5067691802978516
test_05698,2.726857815105177e-07
test_05699,0.9886975288391113
test_05700,0.9999992847442627
test_05701,0.9998143315315247
test_05702,0.21808980405330658
test_05703,0.9999756813049316
test_05704,0.7187725901603699
test_05705,0.2265988290309906
test_05706,0.011087615042924881
test_05707,0.03830469399690628
test_05708,0.07320364564657211
test_05709,0.014186276122927666
test_05710,0.9716100096702576
test_05711,0.0018351749749854207
test_05712,0.9999858140945435
test_05713,0.15295396745204926
test_05714,0.9999891519546509
test_05715,0.1298224776983261
test_05716,0.9990249872207642
test_05717,0.08880620449781418
test_05718,0.98392254114151
test_05719,4.5064089704283106e-07
test_05720,0.4023248255252838
test_05721,0.7615793347358704
test_05722,0.990581214427948
test_05723,1.5944121400934819e-07
test_05724,0.9822478890419006
test_05725,0.0013593684416264296
test_05726,0.5749261975288391
test_05727,0.9333263039588928
test_05728,0.6758406758308411
test_05729,4.046732101414818e-06
test_05730,0.9967004656791687
test_05731,0.9974616765975952
test_05732,3.2719693621174883e-08
test_05733,0.996519923210144
test_05734,0.49124109745025635
test_05735,0.04791002348065376
test_05736,0.23136083781719208
test_05737,0.004714648704975843
test_05738,0.2037092000246048
test_05739,0.12076378613710403
test_05740,0.6665657758712769
test_05741,0.009199137799441814
test_05742,7.452246791217476e-05
test_05743,6.9612733568646945e-06
test_05744,0.28363075852394104
test_05745,0.8643298149108887
test_05746,0.00672477250918746
test_05747,0.9442346692085266
test_05748,0.00117128633428365
test_05749,0.9832914471626282
test_05750,0.00038142953417263925
test_05751,0.0023260056041181087
test_05752,0.04189712926745415
test_05753,1.3808980838803109e-06
test_05754,0.9994006156921387
test_05755,0.9918671250343323
test_05756,0.1248018890619278
test_05757,0.7904200553894043
test_05758,0.01235446147620678
test_05759,0.009973706677556038
test_05760,0.9816992282867432
test_05761,0.6500877737998962
test_05762,0.32900843024253845
test_05763,0.9833727478981018
test_05764,0.9985179305076599
test_05765,0.9999873638153076
test_05766,0.4484088122844696
test_05767,0.5288710594177246
test_05768,0.0006006491021253169
test_05769,0.49690893292427063
test_05770,0.9999998807907104
test_05771,0.9895452857017517
test_05772,0.7699207663536072
test_05773,0.9715682864189148
test_05774,0.9282183647155762
test_05775,0.5122352242469788
test_05776,0.35304638743400574
test_05777,0.8615520000457764
test_05778,0.9893609881401062
test_05779,0.7816150188446045
test_05780,0.4213548004627228
test_05781,0.4534386694431305
test_05782,0.010461654514074326
test_05783,0.7758437395095825
test_05784,0.9940088987350464
test_05785,0.9871286153793335
test_05786,0.45969483256340027
test_05787,0.6201205849647522
test_05788,0.9766472578048706
test_05789,0.9190297722816467
test_05790,0.5958366394042969
test_05791,4.418468233780004e-05
test_05792,0.4060518741607666
test_05793,0.9986464381217957
test_05794,0.7683911323547363
test_05795,0.9771172404289246
test_05796,0.9999628067016602
test_05797,0.9999986886978149
test_05798,0.6744885444641113
test_05799,0.9777982234954834
test_05800,0.49998486042022705
test_05801,0.3338129222393036
test_05802,0.027683891355991364
test_05803,0.7533594965934753
test_05804,0.9832277297973633
test_05805,0.9997521042823792
test_05806,4.6889563236618415e-05
test_05807,1.5607798559358343e-05
test_05808,0.9587915539741516
test_05809,0.7224137187004089
test_05810,0.9803918600082397
test_05811,0.033945482224226
test_05812,0.9878308176994324
test_05813,0.9983490705490112
test_05814,0.952156662940979
test_05815,0.8760570287704468
test_05816,0.15270854532718658
test_05817,0.36736831068992615
test_05818,0.9989905953407288
test_05819,0.9999943971633911
test_05820,0.0023534230422228575
test_05821,0.3944348692893982
test_05822,8.242174953920767e-05
test_05823,0.6151347756385803
test_05824,0.0008104073931463063
test_05825,9.158626198768616e-05
test_05826,0.5800593495368958
test_05827,2.3667284949624445e-06
test_05828,0.00014960227417759597
test_05829,0.0023418006021529436
test_05830,0.025740837678313255
test_05831,0.42713993787765503
test_05832,0.9617509245872498
test_05833,0.9250689744949341
test_05834,3.964516508858651e-05
test_05835,0.9998210072517395
test_05836,0.5508675575256348
test_05837,0.10679243505001068
test_05838,0.0021395485382527113
test_05839,0.9960536956787109
test_05840,0.20995135605335236
test_05841,0.3018924593925476
test_05842,0.3312689960002899
test_05843,0.6219082474708557
test_05844,1.5847496115384274e-07
test_05845,4.860281421770196e-08
test_05846,0.5383675694465637
test_05847,0.9995343685150146
test_05848,0.001474364078603685
test_05849,7.01563258189708e-05
test_05850,0.0018981104949489236
test_05851,0.7759843468666077
test_05852,0.9990200996398926
test_05853,0.600046694278717
test_05854,0.9730373024940491
test_05855,0.9975171089172363
test_05856,0.9986268281936646
test_05857,0.8402463793754578
test_05858,0.010446244850754738
test_05859,0.005475934129208326
test_05860,0.5561421513557434
test_05861,3.4759798381855944e-06
test_05862,0.43213215470314026
test_05863,0.18060852587223053
test_05864,0.02341046929359436
test_05865,0.03205009922385216
test_05866,0.5744413137435913
test_05867,0.9216981530189514
test_05868,0.4432973861694336
test_05869,0.9997581839561462
test_05870,0.0034331895876675844
test_05871,0.997685432434082
test_05872,0.9998761415481567
test_05873,0.0014466970460489392
test_05874,0.026591787114739418
test_05875,0.08460216969251633
test_05876,0.24133770167827606
test_05877,0.9984442591667175
test_05878,0.8439247012138367
test_05879,0.6001072525978088
test_05880,0.9979390501976013
test_05881,0.9992464780807495
test_05882,0.9999574422836304
test_05883,0.9892954230308533
test_05884,0.8824219107627869
test_05885,0.06648354977369308
test_05886,0.04547944664955139
test_05887,0.0006196508184075356
test_05888,0.3750914931297302
test_05889,0.00012667010014411062
test_05890,0.0014775559538975358
test_05891,0.0015697366325184703
test_05892,0.9970800280570984
test_05893,1.5309188938772422e-07
test_05894,0.4759161174297333
test_05895,0.001681391499005258
test_05896,0.9999904632568359
test_05897,0.4322495460510254
test_05898,1.6615985032331082e-07
test_05899,1.0
test_05900,0.6045351028442383
test_05901,0.9438361525535583
test_05902,0.9987083673477173
test_05903,0.534201979637146
test_05904,0.00023322990455199033
test_05905,0.459055632352829
test_05906,0.0037587368860840797
test_05907,0.621837854385376
test_05908,2.4185892470995896e-05
test_05909,0.7873589396476746
test_05910,0.9966632723808289
test_05911,8.621377105555439e-07
test_05912,0.010623964481055737
test_05913,0.009734578430652618
test_05914,1.1789395237826739e-08
test_05915,0.3795495927333832
test_05916,0.06868971884250641
test_05917,0.8336096405982971
test_05918,0.8234282732009888
test_05919,0.9997144341468811
test_05920,0.017383627593517303
test_05921,1.0
test_05922,0.9611954092979431
test_05923,0.9995279312133789
test_05924,0.3818880319595337
test_05925,0.0001896360336104408
test_05926,2.5040815671673045e-05
test_05927,0.00019740700372494757
test_05928,0.9999911785125732
test_05929,6.831880341451324e-07
test_05930,0.009837113320827484
test_05931,0.9978834986686707
test_05932,1.542500882578679e-07
test_05933,0.9164353013038635
test_05934,1.89562160812784e-05
test_05935,3.888217634084867e-06
test_05936,0.5567615032196045
test_05937,0.31266120076179504
test_05938,0.9999953508377075
test_05939,1.523044943496643e-07
test_05940,0.3608425259590149
test_05941,1.0
test_05942,7.925011757947686e-09
test_05943,0.9958470463752747
test_05944,0.9386668801307678
test_05945,0.04203622415661812
test_05946,0.003293751273304224
test_05947,0.9995194673538208
test_05948,0.9998944997787476
test_05949,0.9459105134010315
test_05950,0.00010277602996211499
test_05951,0.31611281633377075
test_05952,0.0029818888287991285
test_05953,0.9999333620071411
test_05954,0.07819312065839767
test_05955,0.6536062359809875
test_05956,0.3346676528453827
test_05957,0.00012249387509655207
test_05958,2.4537547341219046e-11
test_05959,0.9999940395355225
test_05960,0.0009374003857374191
test_05961,0.971835732460022
test_05962,0.6447005867958069
test_05963,0.7046405076980591
test_05964,0.7134605050086975
test_05965,0.15515732765197754
test_05966,1.6160573068191297e-05
test_05967,0.5834941864013672
test_05968,0.9963125586509705
test_05969,5.823917490488384e-06
test_05970,0.9935038685798645
test_05971,0.0017598530976101756
test_05972,0.9386315941810608
test_05973,1.2205044086499583e-08
test_05974,0.021183814853429794
test_05975,0.9992780089378357
test_05976,0.7867568731307983
test_05977,0.9997430443763733
test_05978,0.4116052985191345
test_05979,0.0032081264071166515
test_05980,0.011132890358567238
test_05981,0.9648780226707458
test_05982,0.9994381070137024
test_05983,0.01905275695025921
test_05984,0.6920256614685059
test_05985,0.0034407712519168854
test_05986,0.9985917210578918
test_05987,0.9999929666519165
test_05988,0.8896228671073914
test_05989,0.970823347568512
test_05990,0.9851711392402649
test_05991,0.9898793697357178
test_05992,0.2539205551147461
test_05993,0.9502705931663513
test_05994,0.31322845816612244
test_05995,0.41659823060035706
test_05996,0.24418291449546814
test_05997,0.9236057996749878
test_05998,0.3795807361602783
test_05999,0.10894030332565308
test_06000,0.9996211528778076
test_06001,0.9796192646026611
test_06002,0.7916319370269775
test_06003,1.0
test_06004,7.400326185180717e-11
test_06005,0.9999926090240479
test_06006,0.9999933242797852
test_06007,0.29729926586151123
test_06008,0.04400261864066124
test_06009,0.0001882903161458671
test_06010,0.9999916553497314
test_06011,0.3826730251312256
test_06012,0.9994843006134033
test_06013,0.5793408751487732
test_06014,0.4783925712108612
test_06015,0.0005840695812366903
test_06016,0.0005045446450822055
test_06017,0.013216557912528515
test_06018,0.21529212594032288
test_06019,0.9971363544464111
test_06020,0.666496217250824
test_06021,0.009091672487556934
test_06022,0.0001700985012575984
test_06023,0.5296100378036499
test_06024,0.4963572323322296
test_06025,0.9902192950248718
test_06026,0.024026507511734962
test_06027,0.9970460534095764
test_06028,1.2789891368214512e-09
test_06029,5.3838091844227165e-05
test_06030,0.9914907813072205
test_06031,0.5308837890625
test_06032,6.098477115301648e-06
test_06033,0.11755666881799698
test_06034,0.8802902698516846
test_06035,2.194747423800436e-07
test_06036,0.9779704213142395
test_06037,0.12164641171693802
test_06038,0.9995025396347046
test_06039,0.02041010372340679
test_06040,0.02211502566933632
test_06041,0.10837012529373169
test_06042,0.9676789045333862
test_06043,0.0008509978069923818
test_06044,0.9993958473205566
test_06045,0.9595299363136292
test_06046,0.03920697793364525
test_06047,0.00964812096208334
test_06048,0.9997850060462952
test_06049,0.006776988506317139
test_06050,0.007473004516214132
test_06051,0.49466025829315186
test_06052,0.9997772574424744
test_06053,0.004107272252440453
test_06054,0.22817252576351166
test_06055,2.2684482701151865e-06
test_06056,0.9513976573944092
test_06057,0.9984305500984192
test_06058,0.9792836308479309
test_06059,0.9999932050704956
test_06060,1.0
test_06061,8.238389137549262e-11
test_06062,0.9034631848335266
test_06063,0.9987236857414246
test_06064,0.9999194145202637
test_06065,0.014024815522134304
test_06066,0.391104131937027
test_06067,0.41388335824012756
test_06068,0.3964318037033081
test_06069,0.7086946368217468
test_06070,0.10032942146062851
test_06071,0.00023002851230558008
test_06072,0.9999990463256836
test_06073,0.998124897480011
test_06074,0.20153167843818665
test_06075,3.4577880114738946e-07
test_06076,0.9998593330383301
test_06077,0.6890388131141663
test_06078,0.6945996880531311
test_06079,0.3191137909889221
test_06080,0.9813327789306641
test_06081,0.9796549677848816
test_06082,0.3270677328109741
test_06083,0.7088444232940674
test_06084,8.221320513257524e-07
test_06085,0.9999994039535522
test_06086,0.000324465858284384
test_06087,0.9267541766166687
test_06088,5.641731604555389e-06
test_06089,0.9870848059654236
test_06090,0.9999948740005493
test_06091,0.6055960655212402
test_06092,5.790333671029657e-05
test_06093,0.01541053969413042
test_06094,0.9999959468841553
test_06095,0.9739442467689514
test_06096,0.9999833106994629
test_06097,7.2389298111374956e-06
test_06098,0.02465275675058365
test_06099,0.020703405141830444
test_06100,0.9435341954231262
test_06101,1.210644950333517e-05
test_06102,0.7555038928985596
test_06103,0.9999954700469971
test_06104,1.0
test_06105,0.7579866647720337
test_06106,0.9999992847442627
test_06107,0.9491548538208008
test_06108,0.9207971096038818
test_06109,0.0033609759993851185
test_06110,0.9116042852401733
test_06111,5.489055432406076e-09
test_06112,0.5597632527351379
test_06113,0.0002431806642562151
test_06114,2.84914472103992e-06
test_06115,0.9999983310699463
test_06116,0.9580413103103638
test_06117,0.15968233346939087
test_06118,0.21812976896762848
test_06119,0.4372138977050781
test_06120,0.29129403829574585
test_06121,0.9750354290008545
test_06122,0.050515443086624146
test_06123,0.03478134796023369
test_06124,0.81211256980896
test_06125,0.8100848197937012
test_06126,0.28856635093688965
test_06127,0.001786921638995409
test_06128,0.8421946167945862
test_06129,0.5522761344909668
test_06130,0.27168703079223633
test_06131,0.6762732863426208
test_06132,1.0
test_06133,0.4232962727546692
test_06134,9.706778882900835e-07
test_06135,1.4111566137842146e-08
test_06136,0.9796088337898254
test_06137,0.9997168183326721
test_06138,0.9936184883117676
test_06139,1.0
test_06140,0.9820564985275269
test_06141,0.9890907406806946
test_06142,0.8014275431632996
test_06143,3.615086896502362e-08
test_06144,0.9993463158607483
test_06145,0.0015145650831982493
test_06146,0.16500243544578552
test_06147,0.45428210496902466
test_06148,0.08123138546943665
test_06149,1.3602623312181095e-06
test_06150,2.4390506951021962e-05
test_06151,0.7639779448509216
test_06152,3.231493565181154e-06
test_06153,0.9936708211898804
test_06154,0.9607763886451721
test_06155,0.09223807603120804
test_06156,0.00035084609407931566
test_06157,0.3788900673389435
test_06158,0.007467751391232014
test_06159,0.4041401743888855
test_06160,0.9584774374961853
test_06161,0.4110409617424011
test_06162,0.5225801467895508
test_06163,0.9980435371398926
test_06164,0.37174108624458313
test_06165,0.0033689492847770452
test_06166,0.23598526418209076
test_06167,0.35687607526779175
test_06168,0.5629002451896667
test_06169,0.5905404686927795
test_06170,0.5262175798416138
test_06171,0.04163529723882675
test_06172,0.998205304145813
test_06173,0.9999964237213135
test_06174,0.5569480061531067
test_06175,0.051342882215976715
test_06176,0.7585418224334717
test_06177,0.9999997615814209
test_06178,0.18332648277282715
test_06179,0.8939505815505981
test_06180,0.17874637246131897
test_06181,0.0017038924852386117
test_06182,0.08113694936037064
test_06183,1.0
test_06184,0.7855724096298218
test_06185,0.27685678005218506
test_06186,0.6402162909507751
test_06187,0.004634053446352482
test_06188,0.30290257930755615
test_06189,4.0464095945935696e-05
test_06190,0.3077423870563507
test_06191,0.0016330929938703775
test_06192,0.6225172281265259
test_06193,0.9622216820716858
test_06194,0.9684330821037292
test_06195,0.010413458570837975
test_06196,0.0012164099607616663
test_06197,0.9999080896377563
test_06198,0.5573235154151917
test_06199,0.7713631987571716
test_06200,0.9994403719902039
test_06201,0.9998254179954529
test_06202,0.21074028313159943
test_06203,4.2781564843608066e-05
test_06204,0.15724842250347137
test_06205,0.966311514377594
test_06206,0.028952157124876976
test_06207,0.5519781112670898
test_06208,0.21908842027187347
test_06209,0.08994074165821075
test_06210,0.9999994039535522
test_06211,0.6829444169998169
test_06212,0.9358536005020142
test_06213,0.002055906457826495
test_06214,0.24879838526248932
test_06215,0.999782145023346
test_06216,0.9981970191001892
test_06217,0.7720493674278259
test_06218,0.7702768445014954
test_06219,0.4893017113208771
test_06220,1.5524993841609103e-06
test_06221,0.14741022884845734
test_06222,0.028788737952709198
test_06223,4.165886639384553e-05
test_06224,0.47319549322128296
test_06225,0.9999289512634277
test_06226,0.8635446429252625
test_06227,1.3248749382910319e-05
test_06228,0.9136176705360413
test_06229,7.025673312455183e-06
test_06230,0.8431671857833862
test_06231,0.0004932719748467207
test_06232,0.015590501949191093
test_06233,0.254030704498291
test_06234,0.99782395362854
test_06235,5.190840202118352e-09
test_06236,0.07458826899528503
test_06237,0.78328937292099
test_06238,0.002220775466412306
test_06239,0.9993815422058105
test_06240,0.9697872996330261
test_06241,0.6249005198478699
test_06242,0.8978240489959717
test_06243,1.0
test_06244,0.4313126802444458
test_06245,0.9675696492195129
test_06246,0.9998983144760132
test_06247,0.9997603297233582
test_06248,0.9999994039535522
test_06249,0.9994465708732605
test_06250,0.9999995231628418
test_06251,0.0005247711669653654
test_06252,0.8498805165290833
test_06253,0.44894009828567505
test_06254,0.999040424823761
test_06255,0.00030326846172101796
test_06256,0.9240972399711609
test_06257,0.9997990727424622
test_06258,0.9978035092353821
test_06259,0.9754512906074524
test_06260,0.9995529055595398
test_06261,0.0020761052146553993
test_06262,0.6507208943367004
test_06263,0.96645188331604
test_06264,0.7844576239585876
test_06265,0.9666237235069275
test_06266,0.9998569488525391
test_06267,0.47587502002716064
test_06268,0.832411527633667
test_06269,0.5214583873748779
test_06270,0.9235973358154297
test_06271,0.9949159622192383
test_06272,0.9858531951904297
test_06273,0.772102952003479
test_06274,0.994640588760376
test_06275,0.999351441860199
test_06276,0.6651793718338013
test_06277,0.9993565678596497
test_06278,0.037336524575948715
test_06279,0.008002093061804771
test_06280,8.355777390534058e-05
test_06281,0.9884944558143616
test_06282,0.9996292591094971
test_06283,0.46206891536712646
test_06284,0.08894100040197372
test_06285,0.318621963262558
test_06286,0.7884775400161743
test_06287,0.0013387430226430297
test_06288,0.9952687621116638
test_06289,0.37253159284591675
test_06290,0.12487433105707169
test_06291,0.5019007921218872
test_06292,1.852009434699653e-09
test_06293,2.4239601771114394e-05
test_06294,0.9699851274490356
test_06295,3.9888714553626414e-08
test_06296,0.014037573710083961
test_06297,0.8469626903533936
test_06298,0.9199354648590088
test_06299,0.9977595806121826
test_06300,0.7263203859329224
test_06301,0.6599103808403015
test_06302,0.962541401386261
test_06303,0.46609166264533997
test_06304,0.998469889163971
test_06305,0.01567513681948185
test_06306,0.007654848508536816
test_06307,0.8591023087501526
test_06308,0.24725982546806335
test_06309,0.999983549118042
test_06310,1.4743302134689884e-09
test_06311,0.0033776843920350075
test_06312,0.021633554250001907
test_06313,0.7289100885391235
test_06314,0.03688744455575943
test_06315,0.837257981300354
test_06316,0.1478889286518097
test_06317,0.9774354100227356
test_06318,1.0
test_06319,0.22054487466812134
test_06320,0.9999912977218628
test_06321,0.6707994937896729
test_06322,0.9995810389518738
test_06323,0.19180655479431152
test_06324,2.6852147129829973e-05
test_06325,0.9999998807907104
test_06326,0.9998859167098999
test_06327,1.0442870006954763e-05
test_06328,0.9968281388282776
test_06329,0.2626782953739166
test_06330,5.26008299417402e-11
test_06331,0.05600099638104439
test_06332,0.00027526781195774674
test_06333,0.3645123243331909
test_06334,0.0006447828491218388
test_06335,0.1483413130044937
test_06336,0.5311627984046936
test_06337,0.0485183484852314
test_06338,0.7335112690925598
test_06339,0.9998149275779724
test_06340,0.9499373435974121
test_06341,3.0653282010462135e-05
test_06342,0.988377034664154
test_06343,0.005942353513091803
test_06344,6.046424095984548e-05
test_06345,0.4409329891204834
test_06346,0.9993671774864197
test_06347,0.7423180937767029
test_06348,0.6015901565551758
test_06349,0.2811342775821686
test_06350,0.09601789712905884
test_06351,0.9472469687461853
test_06352,0.6955879926681519
test_06353,0.06094851344823837
test_06354,0.9134680032730103
test_06355,0.3567889928817749
test_06356,0.4909983277320862
test_06357,0.2877725660800934
test_06358,0.6583908796310425
test_06359,0.9975785613059998
test_06360,0.9333103895187378
test_06361,0.6669273376464844
test_06362,0.0006300428649410605
test_06363,0.7329472899436951
test_06364,0.23864580690860748
test_06365,5.189205694478005e-05
test_06366,0.2147199511528015
test_06367,0.9973345994949341
test_06368,0.7537981271743774
test_06369,0.9879932403564453
test_06370,0.9994584918022156
test_06371,0.006235456559807062
test_06372,0.9999334812164307
test_06373,0.972754955291748
test_06374,0.6110080480575562
test_06375,0.003942915238440037
test_06376,8.222580800065771e-05
test_06377,0.9990314245223999
test_06378,0.23460820317268372
test_06379,0.10739541798830032
test_06380,0.06807093322277069
test_06381,5.864670811206452e-07
test_06382,0.9999570846557617
test_06383,0.6932259798049927
test_06384,0.5030648112297058
test_06385,0.6017138361930847
test_06386,0.9999346733093262
test_06387,0.999987006187439
test_06388,0.9888824820518494
test_06389,0.007132698781788349
test_06390,0.8953782320022583
test_06391,0.0005930060870014131
test_06392,0.04659442603588104
test_06393,0.011544451117515564
test_06394,0.9206366539001465
test_06395,0.939182460308075
test_06396,0.3659481108188629
test_06397,0.6947706341743469
test_06398,0.9646357893943787
test_06399,0.4038282632827759
test_06400,1.0612667189491276e-08
test_06401,0.5589593648910522
test_06402,0.9999899864196777
test_06403,0.1023998036980629
test_06404,0.06870342791080475
test_06405,0.0023186777252703905
test_06406,0.0003067664219997823
test_06407,0.1415322721004486
test_06408,1.8105352864949964e-05
test_06409,0.9999957084655762
test_06410,0.9669647812843323
test_06411,0.74029141664505
test_06412,0.5938004851341248
test_06413,0.003713951911777258
test_06414,0.9999927282333374
test_06415,0.5102012157440186
test_06416,0.9992778897285461
test_06417,0.7956927418708801
test_06418,0.005569763947278261
test_06419,0.3435225486755371
test_06420,0.11753883957862854
test_06421,0.9987525939941406
test_06422,0.08845311403274536
test_06423,0.9222976565361023
test_06424,0.9999121427536011
test_06425,0.2515314817428589
test_06426,0.002007079543545842
test_06427,0.4294605255126953
test_06428,0.8765765428543091
test_06429,0.8777062296867371
test_06430,0.8173161745071411
test_06431,0.9986458420753479
test_06432,3.0758361191374206e-08
test_06433,0.5156794190406799
test_06434,0.998970627784729
test_06435,0.7432718276977539
test_06436,0.004583561327308416
test_06437,0.660761296749115
test_06438,7.3419028012722265e-06
test_06439,0.9999998807907104
test_06440,0.003137466963380575
test_06441,0.9481161236763
test_06442,0.01035087089985609
test_06443,0.023684144020080566
test_06444,3.24086659020395e-06
test_06445,0.0007606528815813363
test_06446,0.9319633841514587
test_06447,0.9128701090812683
test_06448,0.9998297691345215
test_06449,0.0007134821498766541
test_06450,0.6068786978721619
test_06451,0.9999910593032837
test_06452,0.9999370574951172
test_06453,0.695860743522644
test_06454,0.7983190417289734
test_06455,0.9995355606079102
test_06456,0.0048957462422549725
test_06457,0.8497800230979919
test_06458,0.034552328288555145
test_06459,0.7214056253433228
test_06460,0.049119774252176285
test_06461,4.2455206994418404e-07
test_06462,0.9120283722877502
test_06463,0.9950110912322998
test_06464,9.21388273127377e-05
test_06465,0.0001722357264952734
test_06466,0.13620871305465698
test_06467,0.17286205291748047
test_06468,2.1360358459787676e-06
test_06469,0.9999942779541016
test_06470,0.9994319081306458
test_06471,0.2942596971988678
test_06472,0.19469930231571198
test_06473,1.0
test_06474,1.346198246210406e-06
test_06475,0.9996168613433838
test_06476,0.001790506998077035
test_06477,4.612686552718515e-06
test_06478,0.9993158578872681
test_06479,0.48628702759742737
test_06480,0.9997854828834534
test_06481,0.0009418237605132163
test_06482,0.5787366628646851
test_06483,0.0002363137318752706
test_06484,9.285407941206358e-06
test_06485,0.9913574457168579
test_06486,0.784023106098175
test_06487,0.9588665962219238
test_06488,0.999868631362915
test_06489,1.5448842532350682e-05
test_06490,0.9799004197120667
test_06491,0.00011411574814701453
test_06492,0.04417622089385986
test_06493,5.1534570957301185e-05
test_06494,0.7638256549835205
test_06495,0.0003620653587859124
test_06496,0.42677921056747437
test_06497,0.9533332586288452
test_06498,0.9999021291732788
test_06499,5.842875907546841e-06
test_06500,0.15286609530448914
test_06501,0.02825981192290783
test_06502,0.9970502853393555
test_06503,0.006168208550661802
test_06504,2.6900101147475652e-05
test_06505,0.00019110066932626069
test_06506,0.9509087800979614
test_06507,0.9747129678726196
test_06508,0.9999992847442627
test_06509,8.317205356433988e-05
test_06510,0.4038022756576538
test_06511,0.6266463994979858
test_06512,0.42724671959877014
test_06513,0.9996851682662964
test_06514,0.007832294330000877
test_06515,0.9631057977676392
test_06516,1.0
test_06517,0.5280479192733765
test_06518,0.9155734181404114
test_06519,0.3643798232078552
test_06520,0.005072417203336954
test_06521,0.9976574182510376
test_06522,0.5020807981491089
test_06523,0.9994414448738098
test_06524,0.00010670211486285552
test_06525,0.13975147902965546
test_06526,0.9980140924453735
test_06527,0.00036037832614965737
test_06528,0.7940947413444519
test_06529,0.026423659175634384
test_06530,0.2152758240699768
test_06531,0.5530189275741577
test_06532,0.42350661754608154
test_06533,0.9922158122062683
test_06534,0.9857172966003418
test_06535,0.9807000160217285
test_06536,0.009981370531022549
test_06537,1.4580690432808296e-08
test_06538,0.9967625141143799
test_06539,0.7221817970275879
test_06540,0.7033373117446899
test_06541,0.5955058932304382
test_06542,0.004030396696180105
test_06543,0.0015105761121958494
test_06544,0.999997615814209
test_06545,0.9959895014762878
test_06546,0.6036603450775146
test_06547,0.8156920671463013
test_06548,1.0
test_06549,0.00036293556331656873
test_06550,0.21037054061889648
test_06551,0.0008124672458507121
test_06552,0.9721346497535706
test_06553,0.8219488859176636
test_06554,0.7221824526786804
test_06555,0.0036386875435709953
test_06556,0.9999933242797852
test_06557,0.24623523652553558
test_06558,0.9321334362030029
test_06559,0.039837125688791275
test_06560,0.025134552270174026
test_06561,0.4673983156681061
test_06562,0.032927900552749634
test_06563,0.001258593751117587
test_06564,0.9810741543769836
test_06565,0.9714288711547852
test_06566,0.8073091506958008
test_06567,0.5605598092079163
test_06568,0.0142457764595747
test_06569,0.057536911219358444
test_06570,0.0005293500144034624
test_06571,0.005520063918083906
test_06572,0.5621576309204102
test_06573,0.018613027408719063
test_06574,0.43628349900245667
test_06575,7.928813283797354e-05
test_06576,0.4418102502822876
test_06577,0.10324151068925858
test_06578,0.8301101922988892
test_06579,0.10648201406002045
test_06580,0.547768771648407
test_06581,0.006021049804985523
test_06582,0.9807666540145874
test_06583,0.5012219548225403
test_06584,0.9208260178565979
test_06585,0.04992023482918739
test_06586,0.4138760566711426
test_06587,1.0
test_06588,0.0002040807157754898
test_06589,0.22703278064727783
test_06590,3.3979567888309248e-06
test_06591,0.11252050846815109
test_06592,0.8914385437965393
test_06593,0.9424432516098022
test_06594,0.9822790622711182
test_06595,0.7855733036994934
test_06596,0.304278165102005
test_06597,0.1170976385474205
test_06598,2.1365276552387513e-05
test_06599,3.422380359552335e-06
test_06600,0.0011055839713662863
test_06601,6.316281941920465e-10
test_06602,0.0011564894812181592
test_06603,0.0060028498992323875
test_06604,0.05071195214986801
test_06605,0.0001545570557937026
test_06606,0.8429063558578491
test_06607,0.023066451773047447
test_06608,1.0
test_06609,0.985144853591919
test_06610,0.2093009054660797
test_06611,0.5804594159126282
test_06612,0.00041972610051743686
test_06613,0.0002200712769990787
test_06614,0.6228566765785217
test_06615,3.960492176702246e-05
test_06616,0.9890563488006592
test_06617,0.007678918540477753
test_06618,0.0022258530370891094
test_06619,0.015078461728990078
test_06620,0.9562757611274719
test_06621,3.804224490977504e-09
test_06622,0.24717828631401062
test_06623,0.53337562084198
test_06624,0.8586447238922119
test_06625,0.2545147240161896
test_06626,1.0595418643788435e-05
test_06627,0.0001589901075931266
test_06628,0.7302209138870239
test_06629,0.48181647062301636
test_06630,9.71146728261374e-05
test_06631,0.01144309714436531
test_06632,0.0035585500299930573
test_06633,0.015926871448755264
test_06634,0.20522849261760712
test_06635,0.605562150478363
test_06636,0.00010049603588413447
test_06637,8.322648500325158e-05
test_06638,0.008820092305541039
test_06639,0.2846435308456421
test_06640,0.5141283869743347
test_06641,0.2852743864059448
test_06642,0.8630339503288269
test_06643,0.9646579623222351
test_06644,0.9998339414596558
test_06645,0.9999328851699829
test_06646,0.6746653914451599
test_06647,0.9933352470397949
test_06648,0.00012563630298245698
test_06649,0.14672118425369263
test_06650,0.9134014844894409
test_06651,0.5901855230331421
test_06652,8.564719422565759e-08
test_06653,0.9999774694442749
test_06654,0.4787765145301819
test_06655,0.10478947311639786
test_06656,0.9999641180038452
test_06657,0.9995139837265015
test_06658,0.00027597419102676213
test_06659,0.9284012913703918
test_06660,0.22073927521705627
test_06661,0.7021751999855042
test_06662,0.11842062324285507
test_06663,5.324353332980536e-05
test_06664,0.0004911216092295945
test_06665,0.153416708111763
test_06666,0.06533551216125488
test_06667,0.990830659866333
test_06668,0.4590718150138855
test_06669,5.227774408922414e-07
test_06670,0.09672655910253525
test_06671,0.9881337285041809
test_06672,0.18166205286979675
test_06673,0.19054171442985535
test_06674,0.9996065497398376
test_06675,0.39634594321250916
test_06676,0.900373101234436
test_06677,0.9999996423721313
test_06678,0.32978203892707825
test_06679,0.0012452868977561593
test_06680,0.01610143855214119
test_06681,0.9205803275108337
test_06682,0.009913946501910686
test_06683,0.5934337377548218
test_06684,0.18306051194667816
test_06685,0.9999918937683105
test_06686,0.2991194427013397
test_06687,0.20305196940898895
test_06688,0.5614690184593201
test_06689,0.889786958694458
test_06690,0.5178048014640808
test_06691,0.00011031056055799127
test_06692,0.9849401116371155
test_06693,0.167345330119133
test_06694,0.9898359179496765
test_06695,0.0005348529084585607
test_06696,0.8953152894973755
test_06697,0.9999992847442627
test_06698,0.0002347108966205269
test_06699,0.8674584031105042
test_06700,0.9939712882041931
test_06701,0.9999877214431763
test_06702,0.99293452501297
test_06703,0.0005477718077600002
test_06704,0.8421391844749451
test_06705,0.9996098875999451
test_06706,0.9088988304138184
test_06707,0.08399342000484467
test_06708,0.5301061272621155
test_06709,0.11350561678409576
test_06710,0.8184635639190674
test_06711,0.999970555305481
test_06712,0.5552604794502258
test_06713,0.640425980091095
test_06714,0.4499363601207733
test_06715,0.00019760003488045186
test_06716,0.9992868304252625
test_06717,0.944193422794342
test_06718,0.9875093102455139
test_06719,0.9528393745422363
test_06720,0.9998131394386292
test_06721,0.01758892461657524
test_06722,0.976563572883606
test_06723,0.7005478143692017
test_06724,2.1885455225856276e-08
test_06725,0.6184265613555908
test_06726,0.9804476499557495
test_06727,0.5459956526756287
test_06728,0.0002788786368910223
test_06729,4.279241238691611e-06
test_06730,0.0017039751401171088
test_06731,0.5013484954833984
test_06732,0.43700382113456726
test_06733,0.9981175661087036
test_06734,0.11143254488706589
test_06735,0.5481640100479126
test_06736,0.9990156888961792
test_06737,0.9488364458084106
test_06738,0.9908280372619629
test_06739,0.9515330791473389
test_06740,0.7245423793792725
test_06741,0.9776248931884766
test_06742,0.9996022582054138
test_06743,0.889940083026886
test_06744,0.08016066998243332
test_06745,0.00711460504680872
test_06746,0.9990229606628418
test_06747,1.0
test_06748,0.05955195054411888
test_06749,0.9999990463256836
test_06750,0.9992200136184692
test_06751,0.005407959222793579
test_06752,2.218589543190319e-06
test_06753,0.0001475386379752308
test_06754,0.016873255372047424
test_06755,0.9995800852775574
test_06756,0.0003933014231733978
test_06757,0.9999998807907104
test_06758,0.001304562552832067
test_06759,0.021006423979997635
test_06760,0.914074718952179
test_06761,0.9999783039093018
test_06762,0.9900074005126953
test_06763,0.99787437915802
test_06764,0.8646193742752075
test_06765,0.5061956644058228
test_06766,8.590843935962766e-05
test_06767,0.00013359414879232645
test_06768,0.9946933388710022
test_06769,0.17467978596687317
test_06770,0.0068114884197711945
test_06771,0.9998922348022461
test_06772,0.002801259746775031
test_06773,0.999998927116394
test_06774,0.16500887274742126
test_06775,0.00011625430488493294
test_06776,0.9829043745994568
test_06777,0.9986628293991089
test_06778,0.00013631056935992092
test_06779,0.6251522302627563
test_06780,0.9998331069946289
test_06781,0.9999922513961792
test_06782,0.9594407081604004
test_06783,0.30439549684524536
test_06784,0.1648859828710556
test_06785,0.98583984375
test_06786,0.9999902248382568
test_06787,6.132329872343689e-05
test_06788,5.209022546637243e-08
test_06789,0.8008245825767517
test_06790,0.3813748359680176
test_06791,0.9487471580505371
test_06792,0.8692004084587097
test_06793,0.004415314644575119
test_06794,0.8309770822525024
test_06795,0.08441204577684402
test_06796,0.5377908945083618
test_06797,0.3816305696964264
test_06798,0.9936969876289368
test_06799,0.7961098551750183
test_06800,1.2985240573470946e-05
test_06801,0.09677174687385559
test_06802,0.5999815464019775
test_06803,0.0013713770313188434
test_06804,0.023036103695631027
test_06805,0.028140580281615257
test_06806,0.9999500513076782
test_06807,0.9999808073043823
test_06808,0.9996426105499268
test_06809,0.33409109711647034
test_06810,0.40991705656051636
test_06811,0.937308669090271
test_06812,0.023013601079583168
test_06813,0.9816249012947083
test_06814,0.9999964237213135
test_06815,1.0
test_06816,1.0
test_06817,0.0013258731923997402
test_06818,0.9707028269767761
test_06819,0.9297987222671509
test_06820,0.6269291639328003
test_06821,0.5948095917701721
test_06822,0.054512690752744675
test_06823,0.005606494378298521
test_06824,0.6266064047813416
test_06825,0.023751072585582733
test_06826,4.709776476374827e-06
test_06827,0.8278891444206238
test_06828,0.999981164932251
test_06829,0.5935702919960022
test_06830,0.0016229045577347279
test_06831,0.5350764989852905
test_06832,0.011624088510870934
test_06833,0.026664135977625847
test_06834,3.208133057341911e-05
test_06835,2.158986171707511e-05
test_06836,0.2468976378440857
test_06837,0.000716260343324393
test_06838,0.23239727318286896
test_06839,0.2572760581970215
test_06840,0.9999986886978149
test_06841,0.501746654510498
test_06842,0.999476969242096
test_06843,0.1685461401939392
test_06844,5.7005898270290345e-05
test_06845,0.12878765165805817
test_06846,0.9724478125572205
test_06847,0.9997628331184387
test_06848,0.00026641436852514744
test_06849,0.9920693635940552
test_06850,0.5710960030555725
test_06851,0.01733383536338806
test_06852,0.30229049921035767
test_06853,0.9617021083831787
test_06854,0.6920249462127686
test_06855,0.00018983884365297854
test_06856,0.439156711101532
test_06857,0.2165771871805191
test_06858,2.3871001758379862e-05
test_06859,0.8467050194740295
test_06860,0.5940365195274353
test_06861,0.12940794229507446
test_06862,0.9390760660171509
test_06863,0.9863475561141968
test_06864,0.5616083741188049
test_06865,0.024396762251853943
test_06866,0.038264352828264236
test_06867,0.10088584572076797
test_06868,0.9239722490310669
test_06869,0.15838897228240967
test_06870,0.9999749660491943
test_06871,0.9343985915184021
test_06872,0.3911127746105194
test_06873,0.005154554266482592
test_06874,0.9993950128555298
test_06875,0.023111484944820404
test_06876,1.7585330169822555e-07
test_06877,0.9847224354743958
test_06878,0.2398647665977478
test_06879,0.9513630867004395
test_06880,0.011577040888369083
test_06881,0.9591330289840698
test_06882,0.12237545102834702
test_06883,0.7623985409736633
test_06884,3.674736209768881e-11
test_06885,0.46858516335487366
test_06886,0.0051155295222997665
test_06887,0.9995306730270386
test_06888,0.15167756378650665
test_06889,0.8170376420021057
test_06890,0.02607218362390995
test_06891,0.05133478716015816
test_06892,9.834669981501065e-06
test_06893,0.9193814992904663
test_06894,0.00010078692866954952
test_06895,0.002494724001735449
test_06896,0.9132053256034851
test_06897,0.1328440010547638
test_06898,0.019908824935555458
test_06899,0.12082678079605103
test_06900,5.9389840316725895e-05
test_06901,0.99036705493927
test_06902,0.1799512803554535
test_06903,0.999747097492218
test_06904,0.5504639744758606
test_06905,1.0
test_06906,0.5525664687156677
test_06907,0.9987781643867493
test_06908,0.998559296131134
test_06909,4.261718277120963e-05
test_06910,0.9999858140945435
test_06911,0.5331941843032837
test_06912,1.5487448479234445e-07
test_06913,0.00434889318421483
test_06914,0.9828768372535706
test_06915,0.1358482986688614
test_06916,0.9999746084213257
test_06917,0.00045164613402448595
test_06918,0.9998835325241089
test_06919,0.9999641180038452
test_06920,0.3124387562274933
test_06921,0.9995620846748352
test_06922,1.0
test_06923,0.9285697340965271
test_06924,0.29833102226257324
test_06925,0.001979105407372117
test_06926,0.05698861926794052
test_06927,0.0002843945403583348
test_06928,4.0740244511283663e-10
test_06929,0.34378543496131897
test_06930,0.00018497087876312435
test_06931,0.0005071565392427146
test_06932,0.9252555966377258
test_06933,0.9820170998573303
test_06934,0.026847664266824722
test_06935,1.8721228116191924e-05
test_06936,0.9954623579978943
test_06937,0.981083333492279
test_06938,0.0004137246578466147
test_06939,1.9166323639296934e-08
test_06940,0.9996616840362549
test_06941,0.6973710656166077
test_06942,8.725036605028436e-05
test_06943,0.12228166311979294
test_06944,0.28510046005249023
test_06945,1.5165623153734487e-05
test_06946,0.10452525317668915
test_06947,0.8962448239326477
test_06948,0.5665724873542786
test_06949,0.9990597367286682
test_06950,0.03517131507396698
test_06951,0.008944292552769184
test_06952,0.9978355765342712
test_06953,0.9011207818984985
test_06954,0.003941346425563097
test_06955,0.9999995231628418
test_06956,0.9903805255889893
test_06957,0.8772220611572266
test_06958,0.9939095973968506
test_06959,2.6187064960936368e-08
test_06960,0.4008306562900543
test_06961,0.922411322593689
test_06962,1.5081337551237084e-05
test_06963,0.42392927408218384
test_06964,0.9261285066604614
test_06965,0.05711865797638893
test_06966,7.9846579126297e-08
test_06967,0.03545676916837692
test_06968,2.315869301883211e-10
test_06969,0.3876395523548126
test_06970,0.9852199554443359
test_06971,0.9507970809936523
test_06972,3.9782342355465516e-05
test_06973,0.9952499866485596
test_06974,0.11497665196657181
test_06975,0.9991551637649536
test_06976,0.5268546938896179
test_06977,0.8393431901931763
test_06978,0.0006360560073517263
test_06979,0.7450861930847168
test_06980,0.929323136806488
test_06981,0.9999839067459106
test_06982,0.9999579191207886
test_06983,2.39422251979704e-06
test_06984,0.000542007212061435
test_06985,0.015095707960426807
test_06986,0.4904368221759796
test_06987,0.009594053030014038
test_06988,0.9368194937705994
test_06989,0.008482403121888638
test_06990,0.999804675579071
test_06991,0.9992290735244751
test_06992,0.7499194741249084
test_06993,0.14716286957263947
test_06994,5.966842131499561e-09
test_06995,0.0006097104633226991
test_06996,0.003440586617216468
test_06997,0.41137856245040894
test_06998,0.10022883862257004
test_06999,0.995590329170227
test_07000,0.06682201474905014
test_07001,0.9526168704032898
test_07002,1.0
test_07003,0.5270538926124573
test_07004,0.6187649965286255
test_07005,0.8478703498840332
test_07006,0.4284519851207733
test_07007,0.01923726312816143
test_07008,0.021931704133749008
test_07009,0.9855651259422302
test_07010,0.9942440390586853
test_07011,0.10844817757606506
test_07012,0.9371349811553955
test_07013,0.8456941843032837
test_07014,0.38616180419921875
test_07015,0.9580370783805847
test_07016,0.9992843270301819
test_07017,0.13291165232658386
test_07018,0.9989113807678223
test_07019,0.2155074179172516
test_07020,0.00021629640832543373
test_07021,0.713431179523468
test_07022,0.2674002945423126
test_07023,0.5273812413215637
test_07024,0.0027172844856977463
test_07025,0.9999858140945435
test_07026,1.0
test_07027,0.0032072162721306086
test_07028,0.6665098667144775
test_07029,0.45692014694213867
test_07030,0.05779217556118965
test_07031,0.19492872059345245
test_07032,0.9815185070037842
test_07033,0.997248113155365
test_07034,0.0007034279406070709
test_07035,0.46294209361076355
test_07036,6.732977635692805e-05
test_07037,0.7232139706611633
test_07038,0.9998020529747009
test_07039,0.1323050707578659
test_07040,9.767171286512166e-05
test_07041,0.7399892210960388
test_07042,0.9925047159194946
test_07043,0.08230376243591309
test_07044,1.0
test_07045,0.0007013849099166691
test_07046,0.992063581943512
test_07047,0.9983129501342773
test_07048,0.20525169372558594
test_07049,0.03078887239098549
test_07050,0.12949106097221375
test_07051,3.282933221271378e-06
test_07052,0.8824489116668701
test_07053,6.50778247290873e-07
test_07054,0.99613356590271
test_07055,0.9999877214431763
test_07056,0.9999591112136841
test_07057,0.0022446848452091217
test_07058,0.6339980363845825
test_07059,0.6832087635993958
test_07060,0.4512997567653656
test_07061,0.865226686000824
test_07062,0.7311550378799438
test_07063,0.0024826524313539267
test_07064,4.79338893910608e-07
test_07065,0.0431906133890152
test_07066,0.46121054887771606
test_07067,0.9999719858169556
test_07068,0.9944725632667542
test_07069,0.9999240636825562
test_07070,0.05656570568680763
test_07071,0.9186022877693176
test_07072,0.9999915361404419
test_07073,0.5910027623176575
test_07074,0.9999827146530151
test_07075,0.5711745023727417
test_07076,0.9984440207481384
test_07077,0.0016265420708805323
test_07078,0.9999996423721313
test_07079,0.9955300688743591
test_07080,0.12348908931016922
test_07081,0.9455417394638062
test_07082,0.9788424968719482
test_07083,2.4341188691323623e-06
test_07084,0.004081743769347668
test_07085,0.06726998090744019
test_07086,0.9992184638977051
test_07087,0.0006920020096004009
test_07088,0.9984028935432434
test_07089,0.020790107548236847
test_07090,0.10224098712205887
test_07091,0.05282782390713692
test_07092,0.9971988201141357
test_07093,0.8346046209335327
test_07094,0.9977757334709167
test_07095,2.1347661061099643e-07
test_07096,0.9999949932098389
test_07097,0.00014063330308999866
test_07098,0.358009934425354
test_07099,7.650529005331919e-05
test_07100,0.4870142340660095
test_07101,0.9999992847442627
test_07102,0.974545419216156
test_07103,0.9998745918273926
test_07104,0.37823188304901123
test_07105,4.7714805987197906e-05
test_07106,0.42790794372558594
test_07107,0.009383223950862885
test_07108,0.2564588487148285
test_07109,0.3140985369682312
test_07110,0.5169931650161743
test_07111,0.004450979642570019
test_07112,0.9992414712905884
test_07113,0.43136027455329895
test_07114,0.9980435371398926
test_07115,0.9995900988578796
test_07116,0.5126394033432007
test_07117,7.327594357775524e-05
test_07118,1.5872469703026582e-06
test_07119,0.024546921253204346
test_07120,0.0002341746585443616
test_07121,0.04458369314670563
test_07122,0.7441523671150208
test_07123,0.7018381953239441
test_07124,0.9999899864196777
test_07125,0.9091676473617554
test_07126,0.9941059350967407
test_07127,0.993341863155365
test_07128,0.05860655754804611
test_07129,6.344056941998133e-07
test_07130,0.998129665851593
test_07131,0.9999799728393555
test_07132,0.5241408348083496
test_07133,0.002251518191769719
test_07134,0.9791436791419983
test_07135,0.004649625159800053
test_07136,0.9632061719894409
test_07137,0.9412792325019836
test_07138,5.2846240578219295e-05
test_07139,6.020234650350176e-05
test_07140,0.020883919671177864
test_07141,0.0004573122423607856
test_07142,5.643278200295754e-05
test_07143,0.03643280267715454
test_07144,0.00996109563857317
test_07145,0.00014375864702742547
test_07146,0.9553282856941223
test_07147,0.8366753458976746
test_07148,0.9922882318496704
test_07149,0.24929577112197876
test_07150,0.45658689737319946
test_07151,0.718205451965332
test_07152,0.995697021484375
test_07153,0.630024254322052
test_07154,0.9085161089897156
test_07155,0.19016531109809875
test_07156,0.12830647826194763
test_07157,0.9948223829269409
test_07158,0.9981755018234253
test_07159,0.1528778374195099
test_07160,3.75564195564948e-05
test_07161,1.2772070476785302e-05
test_07162,0.9925734996795654
test_07163,0.9958892464637756
test_07164,0.8070424199104309
test_07165,0.001426295260898769
test_07166,0.999992847442627
test_07167,1.951023114088457e-05
test_07168,0.9998144507408142
test_07169,3.817046308540739e-05
test_07170,0.44936782121658325
test_07171,0.5449597835540771
test_07172,0.9992014765739441
test_07173,0.9999997615814209
test_07174,0.9819415807723999
test_07175,0.5475467443466187
test_07176,1.4054148778086528e-05
test_07177,0.3738616704940796
test_07178,0.9186305403709412
test_07179,0.04422570765018463
test_07180,5.837958269694354e-06
test_07181,0.49803388118743896
test_07182,0.2401037961244583
test_07183,0.008161314763128757
test_07184,0.0037330305203795433
test_07185,0.990872859954834
test_07186,0.9999998807907104
test_07187,0.02170216664671898
test_07188,0.9252355098724365
test_07189,9.536419383948669e-06
test_07190,0.3136860132217407
test_07191,0.00021492133964784443
test_07192,2.0164518943488474e-08
test_07193,0.07675901800394058
test_07194,0.892916738986969
test_07195,0.9719983339309692
test_07196,0.9999856948852539
test_07197,0.7714874148368835
test_07198,0.8626953363418579
test_07199,7.475433605463877e-10
test_07200,1.0
test_07201,0.11967744678258896
test_07202,3.276676216046326e-05
test_07203,0.9999940395355225
test_07204,0.28401893377304077
test_07205,6.716266216244549e-05
test_07206,0.6014418005943298
test_07207,0.9998856782913208
test_07208,0.6396864652633667
test_07209,0.3378531336784363
test_07210,1.5049471585371066e-05
test_07211,0.1482730358839035
test_07212,0.35228875279426575
test_07213,0.028298884630203247
test_07214,0.999958872795105
test_07215,0.5262117385864258
test_07216,0.0010256124660372734
test_07217,0.025797832757234573
test_07218,0.005834036506712437
test_07219,0.1227608472108841
test_07220,0.006773659959435463
test_07221,0.9995773434638977
test_07222,0.02563652954995632
test_07223,0.035181302577257156
test_07224,0.554795503616333
test_07225,0.3003561794757843
test_07226,0.168405681848526
test_07227,0.9912762641906738
test_07228,7.3420151238678955e-06
test_07229,0.07163472473621368
test_07230,0.4918333888053894
test_07231,0.0013720112619921565
test_07232,0.31080764532089233
test_07233,1.0
test_07234,0.46616730093955994
test_07235,0.97864830493927
test_07236,0.3802441954612732
test_07237,0.9998573064804077
test_07238,9.461197805649135e-06
test_07239,0.8071461915969849
test_07240,0.044053077697753906
test_07241,7.549457677669125e-06
test_07242,0.7005185484886169
test_07243,0.0004684720770455897
test_07244,1.0
test_07245,0.8940578103065491
test_07246,0.5744577646255493
test_07247,0.9791669845581055
test_07248,0.9997554421424866
test_07249,0.32206442952156067
test_07250,0.44749295711517334
test_07251,0.00031808685162104666
test_07252,0.9988007545471191
test_07253,0.07704935222864151
test_07254,0.7166407704353333
test_07255,0.7383086681365967
test_07256,0.00023925442656036466
test_07257,0.9961264729499817
test_07258,0.10832936316728592
test_07259,0.14499886333942413
test_07260,0.9982503056526184
test_07261,0.0035435438621789217
test_07262,3.268661748734303e-05
test_07263,0.9990787506103516
test_07264,0.10497936606407166
test_07265,0.9808316826820374
test_07266,0.0032579482067376375
test_07267,0.38138455152511597
test_07268,0.5153490304946899
test_07269,0.9983478784561157
test_07270,0.2651340961456299
test_07271,0.9995982050895691
test_07272,0.7516785264015198
test_07273,0.9385620951652527
test_07274,0.7559767365455627
test_07275,0.08453772962093353
test_07276,0.0030599876772612333
test_07277,0.9999998807907104
test_07278,0.7721596360206604
test_07279,0.0023269231896847486
test_07280,2.498292417385528e-07
test_07281,2.853366640920285e-05
test_07282,0.5296897888183594
test_07283,0.002668040106073022
test_07284,0.5560712814331055
test_07285,0.03145095333456993
test_07286,0.36278751492500305
test_07287,0.3435162901878357
test_07288,0.00019269362383056432
test_07289,0.21818023920059204
test_07290,8.61047810758464e-05
test_07291,0.9379285573959351
test_07292,0.2081633061170578
test_07293,0.006105543114244938
test_07294,1.0
test_07295,0.6642161011695862
test_07296,0.6137994527816772
test_07297,0.6044883131980896
test_07298,0.214032843708992
test_07299,0.5183175802230835
test_07300,0.17366211116313934
test_07301,0.9993442893028259
test_07302,5.987633267068304e-05
test_07303,0.7014452219009399
test_07304,7.647021266166121e-05
test_07305,0.48525309562683105
test_07306,0.5203222632408142
test_07307,2.0799336652999045e-07
test_07308,1.9651008642540546e-06
test_07309,0.013406515121459961
test_07310,0.033030107617378235
test_07311,0.0024963514879345894
test_07312,0.9826651811599731
test_07313,0.18199127912521362
test_07314,0.7335360646247864
test_07315,0.41725483536720276
test_07316,0.8457947373390198
test_07317,0.9999994039535522
test_07318,5.194948971620761e-05
test_07319,0.9413012266159058
test_07320,0.9968814849853516
test_07321,0.01363323163241148
test_07322,0.5080379247665405
test_07323,0.043018825352191925
test_07324,0.3198685944080353
test_07325,0.7199040651321411
test_07326,0.9463213682174683
test_07327,0.99998939037323
test_07328,0.9999998807907104
test_07329,0.01588902436196804
test_07330,0.301623672246933
test_07331,0.0002034289063885808
test_07332,0.005126101430505514
test_07333,0.2941393256187439
test_07334,0.8024102449417114
test_07335,0.8610303401947021
test_07336,0.1287304013967514
test_07337,0.5012220144271851
test_07338,0.9744239449501038
test_07339,0.6278218626976013
test_07340,0.6818218231201172
test_07341,0.47049975395202637
test_07342,0.03159031644463539
test_07343,0.9884253740310669
test_07344,0.42359453439712524
test_07345,0.00024548437795601785
test_07346,0.006368683185428381
test_07347,0.015050346031785011
test_07348,0.5572460293769836
test_07349,0.00010459891927894205
test_07350,0.9998818635940552
test_07351,0.009670691564679146
test_07352,0.9126375317573547
test_07353,0.9549490809440613
test_07354,0.9573745727539062
test_07355,0.9998576641082764
test_07356,0.9972026348114014
test_07357,0.992225170135498
test_07358,0.8029517531394958
test_07359,0.06540341675281525
test_07360,0.9942306280136108
test_07361,0.2123192995786667
test_07362,0.06378580629825592
test_07363,0.9756991863250732
test_07364,0.020206507295370102
test_07365,0.5125289559364319
test_07366,0.8737863302230835
test_07367,0.08514908701181412
test_07368,0.2948395013809204
test_07369,0.008969027549028397
test_07370,0.9820499420166016
test_07371,1.6764757674536668e-05
test_07372,0.0006076926947571337
test_07373,0.8794669508934021
test_07374,1.7615674323678832e-06
test_07375,0.43430256843566895
test_07376,0.4259341061115265
test_07377,2.3430782221112167e-06
test_07378,0.9956995248794556
test_07379,4.036972313770093e-06
test_07380,0.6876392364501953
test_07381,0.21384410560131073
test_07382,0.06495479494333267
test_07383,0.9855523705482483
test_07384,0.6367514133453369
test_07385,0.1054593101143837
test_07386,0.0005105269374325871
test_07387,0.5259080529212952
test_07388,0.8708166480064392
test_07389,0.002232364611700177
test_07390,2.6206910774817516e-07
test_07391,0.9384021759033203
test_07392,0.35681384801864624
test_07393,0.14724597334861755
test_07394,0.4465637803077698
test_07395,0.054624658077955246
test_07396,0.0007969611906446517
test_07397,0.9999997615814209
test_07398,0.9999524354934692
test_07399,0.992510199546814
test_07400,0.9999572038650513
test_07401,0.2616134583950043
test_07402,0.9996362924575806
test_07403,0.0008249572128988802
test_07404,1.3519105550585664e-06
test_07405,0.9994087219238281
test_07406,0.006799830589443445
test_07407,0.25555601716041565
test_07408,0.35271647572517395
test_07409,0.7618264555931091
test_07410,0.9999868869781494
test_07411,0.8309900760650635
test_07412,8.05345280241454e-06
test_07413,0.9090659618377686
test_07414,0.4666980504989624
test_07415,0.7050402164459229
test_07416,0.30101916193962097
test_07417,0.00034319786936976016
test_07418,0.9999936819076538
test_07419,2.619551378302276e-05
test_07420,0.0008550806087441742
test_07421,0.614551305770874
test_07422,0.9995672106742859
test_07423,0.9999780654907227
test_07424,0.0010593892075121403
test_07425,0.2597109377384186
test_07426,0.014672702178359032
test_07427,0.0008120052516460419
test_07428,1.0174992894462775e-05
test_07429,0.8494871258735657
test_07430,0.4956350326538086
test_07431,0.9996223449707031
test_07432,5.510877235792577e-05
test_07433,0.44475436210632324
test_07434,1.705580325506162e-05
test_07435,1.060712747857906e-05
test_07436,1.4894157018829901e-08
test_07437,0.999874472618103
test_07438,0.7588826417922974
test_07439,0.7089703679084778
test_07440,0.5520371198654175
test_07441,0.0003507216752041131
test_07442,0.00016420861356891692
test_07443,0.3513354957103729
test_07444,0.5087756514549255
test_07445,0.41561323404312134
test_07446,1.1495495044755444e-07
test_07447,4.966369306202978e-05
test_07448,0.07320795208215714
test_07449,0.9984989166259766
test_07450,0.7280502319335938
test_07451,0.9994133710861206
test_07452,0.0010453884024173021
test_07453,0.00039303454104810953
test_07454,0.18388789892196655
test_07455,0.014049286022782326
test_07456,0.7540873289108276
test_07457,0.9741007685661316
test_07458,1.0
test_07459,0.9999090433120728
test_07460,0.5294843316078186
test_07461,0.9066871404647827
test_07462,0.6114720702171326
test_07463,9.621446952223778e-05
test_07464,0.5341019034385681
test_07465,0.9992565512657166
test_07466,0.054606541991233826
test_07467,0.9994685053825378
test_07468,0.867068886756897
test_07469,8.77600468811579e-05
test_07470,0.47171974182128906
test_07471,0.15697357058525085
test_07472,0.7146806120872498
test_07473,4.761936452268856e-06
test_07474,0.008135783486068249
test_07475,0.8279449939727783
test_07476,1.2382825843815226e-05
test_07477,0.00922372192144394
test_07478,0.8909003138542175
test_07479,0.9999796152114868
test_07480,0.6709246635437012
test_07481,0.518848717212677
test_07482,0.6411256790161133
test_07483,0.446247935295105
test_07484,0.763387143611908
test_07485,0.9999772310256958
test_07486,0.9999948740005493
test_07487,0.0015608371468260884
test_07488,0.0011094908695667982
test_07489,0.9999963045120239
test_07490,0.5488430857658386
test_07491,5.5787484598113224e-05
test_07492,0.9914073348045349
test_07493,0.9034428000450134
test_07494,0.9966028928756714
test_07495,0.9985438585281372
test_07496,0.0010367961367592216
test_07497,0.04121766984462738
test_07498,0.8840447068214417
test_07499,1.5150459148571827e-05
test_07500,0.00034131031134165823
test_07501,0.5014868378639221
test_07502,0.572621762752533
test_07503,0.00039330555591732264
test_07504,0.37875133752822876
test_07505,0.9942445158958435
test_07506,0.9555704593658447
test_07507,0.0008855985361151397
test_07508,3.247746178658417e-07
test_07509,0.9999673366546631
test_07510,0.09107418358325958
test_07511,0.9999675750732422
test_07512,0.14275848865509033
test_07513,0.5398932695388794
test_07514,0.9727823734283447
test_07515,0.6664381623268127
test_07516,0.9858201742172241
test_07517,0.6827580332756042
test_07518,0.26104918122291565
test_07519,0.061503563076257706
test_07520,0.9474784135818481
test_07521,0.8952909708023071
test_07522,0.999871015548706
test_07523,6.125493200670462e-06
test_07524,0.5131321549415588
test_07525,0.17580455541610718
test_07526,0.07065456360578537
test_07527,0.4522157609462738
test_07528,0.9674204587936401
test_07529,0.04972385615110397
test_07530,0.9980542659759521
test_07531,0.8054201006889343
test_07532,0.9992125034332275
test_07533,0.009630031883716583
test_07534,0.23588354885578156
test_07535,0.8884574174880981
test_07536,0.00015701081429142505
test_07537,0.039722148329019547
test_07538,0.10725077986717224
test_07539,1.0
test_07540,1.1700353752530646e-05
test_07541,0.6126764416694641
test_07542,0.32709282636642456
test_07543,0.031896915286779404
test_07544,0.9840651154518127
test_07545,0.08075892925262451
test_07546,0.9999995231628418
test_07547,0.9939206838607788
test_07548,0.12219775468111038
test_07549,0.9998189806938171
test_07550,0.9998866319656372
test_07551,0.6193075180053711
test_07552,0.6824231147766113
test_07553,0.9999872446060181
test_07554,0.9992121458053589
test_07555,1.0224641300737858e-05
test_07556,1.998377229028847e-05
test_07557,1.0
test_07558,0.9945671558380127
test_07559,0.9650394320487976
test_07560,0.7259443402290344
test_07561,0.0002949793415609747
test_07562,0.1528257131576538
test_07563,0.8798319101333618
test_07564,0.9998243451118469
test_07565,0.0007876937743276358
test_07566,0.8724657297134399
test_07567,0.0021509418729692698
test_07568,0.00027879621484316885
test_07569,0.7283592224121094
test_07570,0.8947266340255737
test_07571,0.3407347500324249
test_07572,0.5553971529006958
test_07573,0.7631982564926147
test_07574,0.9918835163116455
test_07575,0.17708347737789154
test_07576,0.0006331595359370112
test_07577,0.13378968834877014
test_07578,0.29404234886169434
test_07579,2.9130824259482324e-05
test_07580,0.9999895095825195
test_07581,0.03012966550886631
test_07582,1.5822956278555012e-09
test_07583,0.9998486042022705
test_07584,0.9996777772903442
test_07585,0.8362447619438171
test_07586,0.9999995231628418
test_07587,0.5640308856964111
test_07588,0.999997615814209
test_07589,0.9992250204086304
test_07590,0.02981804497539997
test_07591,0.9999964237213135
test_07592,8.150485086844128e-08
test_07593,0.9999827146530151
test_07594,0.6396238803863525
test_07595,7.655441004317254e-05
test_07596,7.489754239031754e-07
test_07597,0.9991470575332642
test_07598,0.4788585603237152
test_07599,0.9990532994270325
test_07600,0.005737221799790859
test_07601,0.10795289278030396
test_07602,0.015783434733748436
test_07603,0.9878180027008057
test_07604,0.007245457265526056
test_07605,0.03723880648612976
test_07606,0.01606071926653385
test_07607,0.026052825152873993
test_07608,0.8573565483093262
test_07609,0.9999239444732666
test_07610,0.09147854894399643
test_07611,0.2678062617778778
test_07612,0.4619346857070923
test_07613,0.008404095657169819
test_07614,0.9999998807907104
test_07615,0.6111026406288147
test_07616,0.7768589854240417
test_07617,0.3869979679584503
test_07618,0.9956851005554199
test_07619,0.004378210753202438
test_07620,0.01190178096294403
test_07621,2.974116250697989e-05
test_07622,0.0007146638236008584
test_07623,0.9972460269927979
test_07624,0.00012003376468783244
test_07625,2.9578633984783664e-05
test_07626,0.9997519850730896
test_07627,0.9966132044792175
test_07628,0.9991058707237244
test_07629,0.0006271214224398136
test_07630,0.9999191761016846
test_07631,0.621003270149231
test_07632,0.008285092189908028
test_07633,0.23591752350330353
test_07634,1.0
test_07635,0.9999963045120239
test_07636,0.03941481560468674
test_07637,0.41922539472579956
test_07638,0.9999256134033203
test_07639,0.0008602068992331624
test_07640,0.010241379030048847
test_07641,0.9851484298706055
test_07642,0.03806789591908455
test_07643,0.9999629259109497
test_07644,0.9804325103759766
test_07645,0.13568668067455292
test_07646,0.1396155208349228
test_07647,0.9999887943267822
test_07648,2.6805676611729723e-07
test_07649,0.9324090480804443
test_07650,0.9998583793640137
test_07651,0.1857278048992157
test_07652,0.5274826884269714
test_07653,0.5711054801940918
test_07654,0.9998314380645752
test_07655,0.028371579945087433
test_07656,0.5543975234031677
test_07657,0.8872478604316711
test_07658,6.186008363329165e-07
test_07659,0.9511094093322754
test_07660,0.09403268247842789
test_07661,0.9789772033691406
test_07662,0.0001404045760864392
test_07663,0.7993576526641846
test_07664,2.3515451175626367e-05
test_07665,0.00021409914188552648
test_07666,0.9685308933258057
test_07667,0.002071007154881954
test_07668,0.023685291409492493
test_07669,0.9999964237213135
test_07670,0.0001073574458132498
test_07671,0.005598314572125673
test_07672,5.591372428170871e-06
test_07673,2.1263418602757156e-05
test_07674,0.10941284894943237
test_07675,3.6453009670367464e-05
test_07676,0.25133585929870605
test_07677,0.11129941046237946
test_07678,0.9039190411567688
test_07679,0.3736565411090851
test_07680,0.9977709054946899
test_07681,4.779042228619801e-07
test_07682,3.3557089409441687e-06
test_07683,0.27606672048568726
test_07684,0.19486109912395477
test_07685,0.8041490912437439
test_07686,0.004004461690783501
test_07687,0.36735430359840393
test_07688,0.5127449631690979
test_07689,0.9922113418579102
test_07690,0.679743230342865
test_07691,6.942544860066846e-05
test_07692,0.9592750668525696
test_07693,0.9999651908874512
test_07694,0.4062691926956177
test_07695,0.21104444563388824
test_07696,0.07981698215007782
test_07697,0.6524683237075806
test_07698,0.9999891519546509
test_07699,1.8158818420488387e-05
test_07700,0.9958446621894836
test_07701,1.200361225528468e-06
test_07702,0.002831393154338002
test_07703,0.9799470901489258
test_07704,0.9999994039535522
test_07705,0.001502595259808004
test_07706,0.2714096009731293
test_07707,0.5949421525001526
test_07708,0.9999945163726807
test_07709,0.658406674861908
test_07710,0.868996262550354
test_07711,0.9958730340003967
test_07712,0.040962763130664825
test_07713,0.00013102928642183542
test_07714,0.0006742730620317161
test_07715,0.06911499798297882
test_07716,0.9999481439590454
test_07717,2.308479270141106e-05
test_07718,0.06446349620819092
test_07719,7.861746416892856e-05
test_07720,0.00016433157725259662
test_07721,0.007121799048036337
test_07722,0.00810606125742197
test_07723,0.0015140329487621784
test_07724,0.9998120665550232
test_07725,0.485801637172699
test_07726,0.24867486953735352
test_07727,9.720112757349852e-06
test_07728,0.3477546274662018
test_07729,0.9821574687957764
test_07730,0.16106221079826355
test_07731,0.0001145271526183933
test_07732,0.4358559846878052
test_07733,0.7290288209915161
test_07734,0.012682300992310047
test_07735,0.09833355993032455
test_07736,0.00013696070527657866
test_07737,0.9999898672103882
test_07738,0.10218164324760437
test_07739,0.8596922755241394
test_07740,0.005253635346889496
test_07741,0.5097241401672363
test_07742,0.21000799536705017
test_07743,0.9809738993644714
test_07744,0.07527083903551102
test_07745,0.2914276719093323
test_07746,0.0029069380834698677
test_07747,0.034953538328409195
test_07748,0.17283952236175537
test_07749,0.8303115963935852
test_07750,0.9005594849586487
test_07751,0.24964912235736847
test_07752,0.5738044381141663
test_07753,0.35472339391708374
test_07754,0.005846057552844286
test_07755,0.4951813519001007
test_07756,0.9996993541717529
test_07757,0.4607449471950531
test_07758,0.014678467996418476
test_07759,0.7018129825592041
test_07760,0.3813343346118927
test_07761,0.9999927282333374
test_07762,0.98445063829422
test_07763,0.9999996423721313
test_07764,0.9874656796455383
test_07765,0.4895845949649811
test_07766,1.0
test_07767,0.0001159679886768572
test_07768,0.28049802780151367
test_07769,8.142621368278924e-07
test_07770,0.8629348874092102
test_07771,0.9127435684204102
test_07772,0.47794538736343384
test_07773,0.9979705214500427
test_07774,0.6900869011878967
test_07775,0.0932847261428833
test_07776,0.5416523814201355
test_07777,0.999998927116394
test_07778,0.7577319741249084
test_07779,0.9182524681091309
test_07780,0.4798533320426941
test_07781,6.054593904991634e-05
test_07782,0.11216427385807037
test_07783,0.0009250049479305744
test_07784,0.25894179940223694
test_07785,0.6448473930358887
test_07786,0.13707202672958374
test_07787,0.0871434360742569
test_07788,0.9992384910583496
test_07789,0.6785781383514404
test_07790,0.5369864702224731
test_07791,0.15338462591171265
test_07792,0.0015761625254526734
test_07793,0.0004242760478518903
test_07794,0.024706484749913216
test_07795,0.966937780380249
test_07796,0.015436585061252117
test_07797,8.062621645876789e-07
test_07798,0.5661633610725403
test_07799,0.9999978542327881
test_07800,0.9818254709243774
test_07801,0.06188521906733513
test_07802,0.4893908202648163
test_07803,0.9900941252708435
test_07804,0.936177670955658
test_07805,1.7415993625036208e-06
test_07806,0.5047282576560974
test_07807,0.3505502939224243
test_07808,0.005622453521937132
test_07809,2.347305326111382e-06
test_07810,0.0012651880970224738
test_07811,0.9319656491279602
test_07812,0.4356515407562256
test_07813,0.9999998807907104
test_07814,0.03599229454994202
test_07815,0.0025892951525747776
test_07816,0.6411764621734619
test_07817,0.9999996423721313
test_07818,0.6936622858047485
test_07819,0.991300642490387
test_07820,0.0004087164415977895
test_07821,0.9998248219490051
test_07822,0.0001830416586017236
test_07823,0.44953060150146484
test_07824,0.9996432065963745
test_07825,0.8336390256881714
test_07826,0.0003275293274782598
test_07827,0.4799211919307709
test_07828,1.5473555322387256e-05
test_07829,0.9946288466453552
test_07830,0.10666855424642563
test_07831,0.9999856948852539
test_07832,0.9987190961837769
test_07833,0.5148332118988037
test_07834,0.8442218899726868
test_07835,0.9941436648368835
test_07836,0.12478228658437729
test_07837,0.00043985884985886514
test_07838,0.9999641180038452
test_07839,0.4050755798816681
test_07840,0.5081993937492371
test_07841,0.001221189508214593
test_07842,0.01833711750805378
test_07843,0.00012181327474536374
test_07844,0.40929192304611206
test_07845,0.9818971753120422
test_07846,0.01965980976819992
test_07847,0.5440729856491089
test_07848,4.5713804297520255e-07
test_07849,0.9995446801185608
test_07850,0.9997183680534363
test_07851,0.012652392499148846
test_07852,0.7440437078475952
test_07853,0.45436158776283264
test_07854,0.8775753974914551
test_07855,0.00041375207365490496
test_07856,0.013351052068173885
test_07857,0.4944303333759308
test_07858,0.0005057608941569924
test_07859,0.9995220899581909
test_07860,0.03269190713763237
test_07861,0.022947058081626892
test_07862,0.012828187085688114
test_07863,0.01578177697956562
test_07864,0.23031099140644073
test_07865,0.9998800754547119
test_07866,0.5081783533096313
test_07867,0.08441288024187088
test_07868,0.994468092918396
test_07869,0.867320716381073
test_07870,0.9854480624198914
test_07871,0.9929857850074768
test_07872,0.07383443415164948
test_07873,0.18495231866836548
test_07874,0.0029503381811082363
test_07875,0.00012116695870645344
test_07876,0.28815874457359314
test_07877,0.6242215037345886
test_07878,0.2998611032962799
test_07879,0.0031949863769114017
test_07880,0.9838761687278748
test_07881,0.9460093975067139
test_07882,0.9157432317733765
test_07883,0.9997740387916565
test_07884,0.7883183360099792
test_07885,0.9830836057662964
test_07886,0.004182593431323767
test_07887,0.9997671246528625
test_07888,0.003306129714474082
test_07889,0.9995937943458557
test_07890,0.8930475115776062
test_07891,0.999775230884552
test_07892,0.4960649907588959
test_07893,0.26823297142982483
test_07894,0.0003200452192686498
test_07895,0.3734317421913147
test_07896,0.9999991655349731
test_07897,0.0002124307065969333
test_07898,0.6823379397392273
test_07899,0.9998934268951416
test_07900,0.6882441639900208
test_07901,0.9998053908348083
test_07902,0.019031474366784096
test_07903,0.9821969270706177
test_07904,0.0003284915292169899
test_07905,0.7242386341094971
test_07906,0.004358666017651558
test_07907,0.458454966545105
test_07908,0.00176623510196805
test_07909,0.9936054944992065
test_07910,0.9925543665885925
test_07911,0.9999858140945435
test_07912,2.520563100461004e-07
test_07913,0.000302549364278093
test_07914,0.6958307027816772
test_07915,0.048356857150793076
test_07916,0.9998089671134949
test_07917,0.3666287362575531
test_07918,0.6592311263084412
test_07919,0.0007083892705850303
test_07920,1.6536625480512157e-05
test_07921,0.8296122550964355
test_07922,0.0974200889468193
test_07923,0.9999861717224121
test_07924,0.24514520168304443
test_07925,0.019491685554385185
test_07926,0.11598922312259674
test_07927,0.9888691902160645
test_07928,0.12049655616283417
test_07929,0.24651558697223663
test_07930,0.0002091986098093912
test_07931,0.00019912864081561565
test_07932,0.9998014569282532
test_07933,0.9158703684806824
test_07934,7.437728345394135e-05
test_07935,0.0018171725096181035
test_07936,0.009870568290352821
test_07937,0.15642741322517395
test_07938,0.2817158102989197
test_07939,1.7736789232003503e-05
test_07940,0.4391718804836273
test_07941,0.7928079962730408
test_07942,0.0015129153616726398
test_07943,0.9995948672294617
test_07944,0.00019709892512764782
test_07945,0.0005616623093374074
test_07946,0.11681054532527924
test_07947,1.0
test_07948,0.6162137389183044
test_07949,0.9999721050262451
test_07950,0.9996377229690552
test_07951,0.0003282279649283737
test_07952,0.08200636506080627
test_07953,0.1480543166399002
test_07954,0.7220029830932617
test_07955,2.7375372155802324e-05
test_07956,0.023021895438432693
test_07957,0.6081680059432983
test_07958,0.8320202827453613
test_07959,0.9974651336669922
test_07960,0.0020487820729613304
test_07961,0.9999587535858154
test_07962,0.00941014476120472
test_07963,0.9990353584289551
test_07964,0.04566565155982971
test_07965,0.3520734906196594
test_07966,0.999969482421875
test_07967,0.9163569211959839
test_07968,0.6284715533256531
test_07969,0.004047095309942961
test_07970,0.0027545359916985035
test_07971,0.7032114863395691
test_07972,0.9996250867843628
test_07973,4.492006701184437e-05
test_07974,0.40572407841682434
test_07975,0.0004151087487116456
test_07976,0.7928869128227234
test_07977,0.0002560122811701149
test_07978,0.9978364109992981
test_07979,0.004449236672371626
test_07980,0.5068410038948059
test_07981,0.004720021970570087
test_07982,0.07539573311805725
test_07983,0.49577176570892334
test_07984,0.42131707072257996
test_07985,0.9999130964279175
test_07986,0.0004101492231711745
test_07987,0.9299188256263733
test_07988,0.7093991041183472
test_07989,1.0783904826894286e-06
test_07990,0.9519831538200378
test_07991,0.5697694420814514
test_07992,0.7001999616622925
test_07993,0.9999998807907104
test_07994,0.5387428402900696
test_07995,0.999016284942627
test_07996,0.5812956094741821
test_07997,0.8519873023033142
test_07998,0.9958651065826416
test_07999,0.9999890327453613
test_08000,0.0861329510807991
test_08001,0.0002831513702403754
test_08002,0.7333005666732788
test_08003,0.49623584747314453
test_08004,0.005345187149941921
test_08005,0.8214766979217529
test_08006,0.9488739967346191
test_08007,6.467090861406177e-05
test_08008,0.7598098516464233
test_08009,0.6754716634750366
test_08010,0.8916314840316772
test_08011,0.24639099836349487
test_08012,0.9856418967247009
test_08013,0.0001819034368963912
test_08014,0.45635107159614563
test_08015,0.03473220020532608
test_08016,0.8184873461723328
test_08017,0.12123008817434311
test_08018,0.9916306138038635
test_08019,0.6023024320602417
test_08020,0.9986692667007446
test_08021,0.27040234208106995
test_08022,0.9187723994255066
test_08023,0.5755668878555298
test_08024,0.0006903486791998148
test_08025,0.501223087310791
test_08026,0.9973980188369751
test_08027,0.08836589008569717
test_08028,0.7042535543441772
test_08029,0.9975435137748718
test_08030,0.3426446318626404
test_08031,0.0211989413946867
test_08032,0.9244867563247681
test_08033,0.3411877751350403
test_08034,0.9999953508377075
test_08035,0.4213917553424835
test_08036,0.9932205677032471
test_08037,0.5595665574073792
test_08038,0.9881969094276428
test_08039,0.997307538986206
test_08040,0.8925728797912598
test_08041,0.3890402019023895
test_08042,0.9998853206634521
test_08043,0.27464741468429565
test_08044,0.13713647425174713
test_08045,0.10109050571918488
test_08046,0.3697272539138794
test_08047,0.008721218444406986
test_08048,0.6506940722465515
test_08049,0.9996398687362671
test_08050,0.9791167378425598
test_08051,0.003299322444945574
test_08052,0.984317421913147
test_08053,0.9363768696784973
test_08054,0.02998805232346058
test_08055,0.9882184863090515
test_08056,0.9567685723304749
test_08057,0.0027326608542352915
test_08058,0.000838021282106638
test_08059,0.10396486520767212
test_08060,1.0
test_08061,0.21401388943195343
test_08062,0.8322589993476868
test_08063,0.48807957768440247
test_08064,0.45256778597831726
test_08065,1.0
test_08066,0.09783961623907089
test_08067,0.9999780654907227
test_08068,0.7448689341545105
test_08069,0.8404842615127563
test_08070,0.01578233204782009
test_08071,0.9814888834953308
test_08072,1.3884292684451793e-06
test_08073,0.9849668145179749
test_08074,0.28661689162254333
test_08075,0.4675723910331726
test_08076,1.3058631793683162e-06
test_08077,0.001030494342558086
test_08078,0.5926316380500793
test_08079,0.195281982421875
test_08080,0.9996457099914551
test_08081,1.3291401756987398e-08
test_08082,0.0005854894407093525
test_08083,0.9973884224891663
test_08084,9.911189408740029e-05
test_08085,0.0009885836625471711
test_08086,0.0723801925778389
test_08087,0.571091890335083
test_08088,0.9986552000045776
test_08089,0.209274023771286
test_08090,0.005367675330489874
test_08091,0.9999505281448364
test_08092,0.568650484085083
test_08093,0.1740647703409195
test_08094,0.004831055179238319
test_08095,0.7674121260643005
test_08096,5.357180725695798e-07
test_08097,0.9994161128997803
test_08098,0.7665120959281921
test_08099,0.0032167977187782526
test_08100,0.9999996423721313
test_08101,0.0004998006043024361
test_08102,4.2439626213308657e-07
test_08103,0.9999799728393555
test_08104,0.4849095940589905
test_08105,0.9999969005584717
test_08106,0.8985110521316528
test_08107,0.6043522357940674
test_08108,0.1820831596851349
test_08109,0.9657918214797974
test_08110,0.7471036314964294
test_08111,1.364850277241203e-07
test_08112,0.8593282699584961
test_08113,0.27958735823631287
test_08114,0.00011928127059945837
test_08115,0.000151238520629704
test_08116,0.9999796152114868
test_08117,0.035327401012182236
test_08118,0.0033008623868227005
test_08119,0.42047199606895447
test_08120,0.0003509380912873894
test_08121,0.4652664065361023
test_08122,0.9858551621437073
test_08123,0.6735531091690063
test_08124,0.9732509851455688
test_08125,0.6774119138717651
test_08126,0.240747332572937
test_08127,0.0008384526590816677
test_08128,0.4669811725616455
test_08129,0.1321174055337906
test_08130,0.4525221586227417
test_08131,0.9974835515022278
test_08132,0.5662350654602051
test_08133,0.2022482305765152
test_08134,0.1246214210987091
test_08135,0.9614003300666809
test_08136,0.9986490607261658
test_08137,6.532823704219481e-07
test_08138,4.935102890582521e-13
test_08139,1.0
test_08140,0.2635533809661865
test_08141,0.9978093504905701
test_08142,0.6531442999839783
test_08143,0.16729775071144104
test_08144,0.9998719692230225
test_08145,0.00042805130942724645
test_08146,0.5542063117027283
test_08147,0.00018265671678818762
test_08148,2.1262325390125625e-05
test_08149,0.00010875183943426237
test_08150,0.9945770502090454
test_08151,0.7650865912437439
test_08152,0.044833965599536896
test_08153,0.50063556432724
test_08154,0.5866317749023438
test_08155,3.438417843426578e-05
test_08156,0.006003988906741142
test_08157,0.00020800443599000573
test_08158,3.6746896512340754e-05
test_08159,0.4419558644294739
test_08160,1.0
test_08161,0.9997783303260803
test_08162,0.1571478694677353
test_08163,0.9998301267623901
test_08164,0.0026179575361311436
test_08165,0.1436803787946701
test_08166,0.4540732800960541
test_08167,0.0005523233558051288
test_08168,0.9999986886978149
test_08169,0.9807250499725342
test_08170,0.00017806420510169119
test_08171,0.9802995920181274
test_08172,0.88337242603302
test_08173,0.04832026734948158
test_08174,0.648964524269104
test_08175,0.999283492565155
test_08176,0.9914271831512451
test_08177,0.9997578263282776
test_08178,0.9997954964637756
test_08179,0.9785135984420776
test_08180,0.4849594831466675
test_08181,0.6560728549957275
test_08182,0.0607905238866806
test_08183,0.9975950121879578
test_08184,0.837058424949646
test_08185,0.681670606136322
test_08186,0.964052677154541
test_08187,0.9971851706504822
test_08188,0.007294828072190285
test_08189,1.241449240296788e-06
test_08190,0.5005765557289124
test_08191,0.5515351891517639
test_08192,0.9747200012207031
test_08193,0.438498318195343
test_08194,0.0002631813695188612
test_08195,4.217502436176801e-08
test_08196,0.000272002856945619
test_08197,0.9998971223831177
test_08198,0.9999804496765137
test_08199,0.0002850462915375829
test_08200,0.9998568296432495
test_08201,0.0008176756673492491
test_08202,0.6073781847953796
test_08203,0.924858570098877
test_08204,0.9357580542564392
test_08205,0.9300000667572021
test_08206,0.2809164822101593
test_08207,1.0
test_08208,0.01931341364979744
test_08209,0.00111322698649019
test_08210,0.0072373938746750355
test_08211,0.0007608188898302615
test_08212,0.1036670058965683
test_08213,0.9794905781745911
test_08214,0.051606547087430954
test_08215,8.75814748724224e-06
test_08216,0.0011877267388626933
test_08217,0.9486323595046997
test_08218,0.9974971413612366
test_08219,0.41351717710494995
test_08220,0.006884302012622356
test_08221,0.00019066003733314574
test_08222,0.9738030433654785
test_08223,0.10947122424840927
test_08224,0.46940940618515015
test_08225,0.006850139703601599
test_08226,0.8772376775741577
test_08227,0.9998233914375305
test_08228,0.9970712661743164
test_08229,0.03731131553649902
test_08230,0.027270549908280373
test_08231,0.0015493347309529781
test_08232,0.005571491550654173
test_08233,0.46167856454849243
test_08234,0.03683292493224144
test_08235,0.0003091873077210039
test_08236,0.161558136343956
test_08237,0.9997640252113342
test_08238,0.9999998807907104
test_08239,0.9995455145835876
test_08240,0.7944504022598267
test_08241,0.9931477904319763
test_08242,0.9370097517967224
test_08243,0.8595854640007019
test_08244,0.9999942779541016
test_08245,0.06948470324277878
test_08246,0.3497043251991272
test_08247,0.15167735517024994
test_08248,0.07022275030612946
test_08249,0.9266800284385681
test_08250,0.32579490542411804
test_08251,0.009626057930290699
test_08252,0.9997331500053406
test_08253,0.8548078536987305
test_08254,0.04684506356716156
test_08255,1.1788994015660137e-05
test_08256,0.07581545412540436
test_08257,0.0025489404797554016
test_08258,0.5327090620994568
test_08259,0.9994015693664551
test_08260,0.40843576192855835
test_08261,0.9999122619628906
test_08262,0.9998127818107605
test_08263,0.9999998807907104
test_08264,0.9756764769554138
test_08265,0.9987899661064148
test_08266,0.5783462524414062
test_08267,1.834810791478958e-05
test_08268,0.0018393077189102769
test_08269,0.5677293539047241
test_08270,0.007531485054641962
test_08271,0.22634853422641754
test_08272,0.6086021065711975
test_08273,0.9209293127059937
test_08274,0.999990701675415
test_08275,0.6660581231117249
test_08276,0.9993632435798645
test_08277,0.3187342882156372
test_08278,0.0018979739397764206
test_08279,0.8658484220504761
test_08280,0.00023794906155671924
test_08281,0.12278787046670914
test_08282,0.33272677659988403
test_08283,0.8812533020973206
test_08284,0.9552715420722961
test_08285,0.9999996423721313
test_08286,0.02632814086973667
test_08287,0.287067711353302
test_08288,1.9257335225120187e-05
test_08289,0.0018606171943247318
test_08290,9.164950576234787e-09
test_08291,0.08180198818445206
test_08292,1.7973254671233008e-06
test_08293,0.9712125062942505
test_08294,0.16211660206317902
test_08295,0.432096004486084
test_08296,0.9930007457733154
test_08297,0.9999779462814331
test_08298,0.06156395375728607
test_08299,0.020103955641388893
test_08300,0.8242167830467224
test_08301,0.5130946636199951
test_08302,0.99835205078125
test_08303,0.9995856881141663
test_08304,0.9993283748626709
test_08305,0.24455225467681885
test_08306,0.00018329385784454644
test_08307,0.8646999597549438
test_08308,0.9988263249397278
test_08309,0.006865205708891153
test_08310,0.9948980212211609
test_08311,0.0001850414410000667
test_08312,0.8273928165435791
test_08313,0.999716579914093
test_08314,6.497349386336282e-05
test_08315,0.9999947547912598
test_08316,0.8539155125617981
test_08317,0.99549400806427
test_08318,9.725404379423708e-05
test_08319,1.0
test_08320,0.9744603633880615
test_08321,0.9611660838127136
test_08322,0.251425176858902
test_08323,0.9999969005584717
test_08324,0.25011467933654785
test_08325,0.9999992847442627
test_08326,0.00015362360863946378
test_08327,0.07856938987970352
test_08328,0.002479574177414179
test_08329,0.11365604400634766
test_08330,0.9799496531486511
test_08331,0.9002236723899841
test_08332,9.591272100806236e-05
test_08333,0.04359980300068855
test_08334,0.7173707485198975
test_08335,0.05401930212974548
test_08336,0.01508435606956482
test_08337,0.10509929805994034
test_08338,0.9983904361724854
test_08339,0.0001726263581076637
test_08340,0.00020563884754665196
test_08341,0.9974859952926636
test_08342,2.6838727080757963e-06
test_08343,0.4213680922985077
test_08344,0.9978821873664856
test_08345,0.9995715022087097
test_08346,0.007239354308694601
test_08347,0.3756929039955139
test_08348,0.9999998807907104
test_08349,3.186258254572749e-06
test_08350,0.9995237588882446
test_08351,0.9995688796043396
test_08352,4.374069995094487e-09
test_08353,0.9999475479125977
test_08354,2.3397944914904656e-08
test_08355,0.7175978422164917
test_08356,0.6643545031547546
test_08357,0.015313233248889446
test_08358,0.9973157048225403
test_08359,0.9947400689125061
test_08360,0.9967633485794067
test_08361,0.9999697208404541
test_08362,0.004768833983689547
test_08363,0.9994937181472778
test_08364,0.4831289052963257
test_08365,0.06469059735536575
test_08366,0.5086091756820679
test_08367,0.5282959342002869
test_08368,0.9994511008262634
test_08369,1.3504206435754895e-05
test_08370,0.9999774694442749
test_08371,0.03331765905022621
test_08372,0.0009499336592853069
test_08373,0.9977960586547852
test_08374,0.9999998807907104
test_08375,0.05312717333436012
test_08376,0.999756395816803
test_08377,0.021654335781931877
test_08378,0.4146994948387146
test_08379,0.9969747066497803
test_08380,0.999995231628418
test_08381,0.9872669577598572
test_08382,0.601849377155304
test_08383,0.0022548725828528404
test_08384,0.0011681407922878861
test_08385,0.021210776641964912
test_08386,0.003159403568133712
test_08387,0.4217250943183899
test_08388,8.555811655241996e-05
test_08389,0.9266976714134216
test_08390,3.874093636113685e-06
test_08391,0.8467395305633545
test_08392,0.999150276184082
test_08393,0.4844895005226135
test_08394,0.07681633532047272
test_08395,0.007996795699000359
test_08396,0.5865103602409363
test_08397,0.0012812231434509158
test_08398,0.25283417105674744
test_08399,3.5852994528795534e-07
test_08400,2.228035089757441e-09
test_08401,0.07517823576927185
test_08402,0.34481504559516907
test_08403,0.019467812031507492
test_08404,0.4125841557979584
test_08405,0.04416156932711601
test_08406,0.028226740658283234
test_08407,0.998346209526062
test_08408,0.42853379249572754
test_08409,0.37440210580825806
test_08410,0.918494462966919
test_08411,0.9699333310127258
test_08412,0.999896764755249
test_08413,1.2356733805063413e-06
test_08414,0.0005011840839870274
test_08415,0.015519252046942711
test_08416,0.9996247291564941
test_08417,0.35132840275764465
test_08418,0.19936002790927887
test_08419,0.014604480937123299
test_08420,0.1373976171016693
test_08421,0.3705463707447052
test_08422,0.9976267218589783
test_08423,0.9999740123748779
test_08424,0.035399071872234344
test_08425,0.8427595496177673
test_08426,5.549648449232336e-06
test_08427,0.9999866485595703
test_08428,0.8136220574378967
test_08429,0.19165901839733124
test_08430,0.9769211411476135
test_08431,0.012818390503525734
test_08432,0.6089064478874207
test_08433,0.41522952914237976
test_08434,0.9955590963363647
test_08435,7.128857396310195e-05
test_08436,0.7736799716949463
test_08437,0.5742251873016357
test_08438,0.9946485161781311
test_08439,0.6900125741958618
test_08440,0.9999991655349731
test_08441,0.0792202576994896
test_08442,0.9883006811141968
test_08443,0.008599121123552322
test_08444,0.0045358361676335335
test_08445,0.9579914212226868
test_08446,0.3071592152118683
test_08447,3.116533480351791e-05
test_08448,0.6391690373420715
test_08449,0.9988709092140198
test_08450,0.5757042169570923
test_08451,0.00039020658005028963
test_08452,0.06605049967765808
test_08453,1.4374852980836295e-05
test_08454,0.1810758411884308
test_08455,0.33194008469581604
test_08456,0.9998865127563477
test_08457,0.9995006322860718
test_08458,0.015528960153460503
test_08459,0.2238829880952835
test_08460,0.9999994039535522
test_08461,0.000267744850134477
test_08462,2.1828918761457317e-05
test_08463,0.9998506307601929
test_08464,0.4167790114879608
test_08465,1.0
test_08466,0.006338825449347496
test_08467,0.017791034653782845
test_08468,0.9900272488594055
test_08469,0.0001628973986953497
test_08470,1.0966875834128587e-06
test_08471,0.877891480922699
test_08472,0.06412114948034286
test_08473,0.31100067496299744
test_08474,0.9996660947799683
test_08475,0.3309765160083771
test_08476,0.9948756098747253
test_08477,0.9993976354598999
test_08478,0.9980818033218384
test_08479,0.10266414284706116
test_08480,0.0029821780044585466
test_08481,0.015869343653321266
test_08482,1.0
test_08483,0.0004036881437059492
test_08484,0.9931021928787231
test_08485,0.8031889200210571
test_08486,0.6092822551727295
test_08487,0.4654778838157654
test_08488,0.08135784417390823
test_08489,0.05701778084039688
test_08490,0.8512744903564453
test_08491,0.9984989166259766
test_08492,0.4716292917728424
test_08493,0.4712575078010559
test_08494,0.050630033016204834
test_08495,0.42030826210975647
test_08496,0.24652573466300964
test_08497,0.9988283514976501
test_08498,0.1892252266407013
test_08499,0.5730465054512024
test_08500,0.9959530830383301
test_08501,0.003671741345897317
test_08502,0.06607735902070999
test_08503,0.0011800200445577502
test_08504,0.9927412271499634
test_08505,0.013182373717427254
test_08506,0.682746171951294
test_08507,0.0026551219634711742
test_08508,0.9999706745147705
test_08509,0.9429871439933777
test_08510,0.9779502749443054
test_08511,0.003511571791023016
test_08512,0.9988833069801331
test_08513,0.9998852014541626
test_08514,0.008859384804964066
test_08515,0.9925451874732971
test_08516,0.47206297516822815
test_08517,0.9998780488967896
test_08518,0.9902040958404541
test_08519,0.999992847442627
test_08520,0.06629113107919693
test_08521,4.274799721315503e-05
test_08522,0.7484079003334045
test_08523,2.875149220926687e-07
test_08524,0.0003846345643978566
test_08525,0.982043445110321
test_08526,0.12279549241065979
test_08527,0.0008532305946573615
test_08528,0.0019795934204012156
test_08529,0.9983861446380615
test_08530,0.6286239624023438
test_08531,0.7591936588287354
test_08532,0.9945808053016663
test_08533,0.4627857804298401
test_08534,0.86421138048172
test_08535,0.9998922348022461
test_08536,6.7446417233441025e-06
test_08537,0.039805248379707336
test_08538,0.5880728960037231
test_08539,0.00899861752986908
test_08540,0.989782989025116
test_08541,1.727513790683588e-06
test_08542,0.9409492611885071
test_08543,0.026251116767525673
test_08544,0.9940635561943054
test_08545,0.9694454669952393
test_08546,0.9806092381477356
test_08547,0.6686340570449829
test_08548,0.2037682682275772
test_08549,0.0001827438100008294
test_08550,0.9998062252998352
test_08551,0.05502328649163246
test_08552,0.18904739618301392
test_08553,0.5220308303833008
test_08554,1.432440943638369e-09
test_08555,0.9989903569221497
test_08556,0.01154954545199871
test_08557,0.0044276779517531395
test_08558,0.0022167344577610493
test_08559,0.9999921321868896
test_08560,0.11178813129663467
test_08561,0.49614474177360535
test_08562,0.3598678708076477
test_08563,0.9783454537391663
test_08564,0.0001855101145338267
test_08565,0.9930620789527893
test_08566,0.9999964237213135
test_08567,0.3706247806549072
test_08568,0.9990047812461853
test_08569,0.0003900881565641612
test_08570,0.25424954295158386
test_08571,0.30130231380462646
test_08572,0.0012910007499158382
test_08573,0.9903979301452637
test_08574,1.3563127367888228e-06
test_08575,0.8700757026672363
test_08576,0.5559426546096802
test_08577,0.9857783317565918
test_08578,0.039150793105363846
test_08579,0.8797709345817566
test_08580,0.9999679327011108
test_08581,0.20760658383369446
test_08582,0.0003555926668923348
test_08583,0.00046187106636352837
test_08584,0.000749359664041549
test_08585,0.25787264108657837
test_08586,0.9992313385009766
test_08587,0.033460475504398346
test_08588,0.9405283331871033
test_08589,0.9717430472373962
test_08590,0.9963605999946594
test_08591,9.872491091300617e-07
test_08592,0.9889380931854248
test_08593,0.4242386221885681
test_08594,0.3597175180912018
test_08595,0.7294274568557739
test_08596,0.9989036321640015
test_08597,0.6294972896575928
test_08598,0.9759408831596375
test_08599,0.09233605861663818
test_08600,0.9997645020484924
test_08601,0.9997236132621765
test_08602,0.9862306714057922
test_08603,0.9941021800041199
test_08604,0.08778650313615799
test_08605,0.7276334166526794
test_08606,0.9288617372512817
test_08607,0.4035174548625946
test_08608,0.38108134269714355
test_08609,0.4601511061191559
test_08610,0.7053791284561157
test_08611,7.917641653421015e-08
test_08612,0.9990457892417908
test_08613,0.4490821361541748
test_08614,0.9558441638946533
test_08615,0.01683482527732849
test_08616,0.9999926090240479
test_08617,0.9565705060958862
test_08618,0.7072823643684387
test_08619,0.9836522340774536
test_08620,0.649867832660675
test_08621,0.7451652884483337
test_08622,0.6525267362594604
test_08623,0.007176148239523172
test_08624,0.9978891015052795
test_08625,0.918868899345398
test_08626,0.017224259674549103
test_08627,2.060126826108899e-05
test_08628,0.9997732043266296
test_08629,8.193597022909671e-05
test_08630,0.5300543904304504
test_08631,0.1948026865720749
test_08632,0.0006922424072399735
test_08633,0.9999171495437622
test_08634,0.3419683873653412
test_08635,0.8272020220756531
test_08636,0.7217554450035095
test_08637,0.9979946613311768
test_08638,0.6977170705795288
test_08639,9.44180271744699e-07
test_08640,0.05848341062664986
test_08641,0.5258005857467651
test_08642,0.9999934434890747
test_08643,0.5846666693687439
test_08644,0.9844600558280945
test_08645,6.254953768802807e-05
test_08646,0.4417794942855835
test_08647,0.005756798200309277
test_08648,0.0006122189806774259
test_08649,0.9999892711639404
test_08650,0.493181437253952
test_08651,0.9787324070930481
test_08652,0.5788073539733887
test_08653,0.9999227523803711
test_08654,0.00016120358486659825
test_08655,0.6743178963661194
test_08656,0.004557798616588116
test_08657,0.9506439566612244
test_08658,0.8372337818145752
test_08659,1.6507651707797777e-06
test_08660,0.7645664215087891
test_08661,0.27501797676086426
test_08662,0.007064708508551121
test_08663,7.562850328213244e-07
test_08664,0.0018895206740126014
test_08665,0.14788825809955597
test_08666,0.9441901445388794
test_08667,0.9856085777282715
test_08668,0.998579740524292
test_08669,0.9999923706054688
test_08670,0.983295738697052
test_08671,0.6893406510353088
test_08672,0.99994957447052
test_08673,0.99972003698349
test_08674,0.9999994039535522
test_08675,0.020344866439700127
test_08676,0.9960475564002991
test_08677,0.400395005941391
test_08678,0.6991832256317139
test_08679,0.5027759671211243
test_08680,0.2722838521003723
test_08681,1.7443221622670535e-07
test_08682,0.001824294333346188
test_08683,0.4781681001186371
test_08684,0.15701310336589813
test_08685,0.5429148077964783
test_08686,0.9292114973068237
test_08687,0.00022993817401584238
test_08688,0.9997159838676453
test_08689,0.9999992847442627
test_08690,0.5335389375686646
test_08691,0.9990333318710327
test_08692,0.8797708749771118
test_08693,0.02528449147939682
test_08694,0.7724484205245972
test_08695,0.9970460534095764
test_08696,0.02664240263402462
test_08697,7.949830614961684e-05
test_08698,0.8193478584289551
test_08699,0.5032193660736084
test_08700,0.9997816681861877
test_08701,0.9994600415229797
test_08702,0.005538866855204105
test_08703,0.5182228088378906
test_08704,2.2682397116113862e-07
test_08705,0.3555298149585724
test_08706,0.21166501939296722
test_08707,0.9999220371246338
test_08708,0.6473723649978638
test_08709,0.9420523643493652
test_08710,1.2749240340781398e-05
test_08711,0.1575484424829483
test_08712,2.888078597607091e-06
test_08713,0.5414201617240906
test_08714,0.9724746346473694
test_08715,0.46419423818588257
test_08716,1.0
test_08717,0.792192280292511
test_08718,0.5426133871078491
test_08719,0.9254664182662964
test_08720,0.9998786449432373
test_08721,0.9995120763778687
test_08722,0.843461811542511
test_08723,0.9933264255523682
test_08724,0.0012407505419105291
test_08725,0.9999988079071045
test_08726,0.9999982118606567
test_08727,0.019895147532224655
test_08728,0.17811861634254456
test_08729,0.9664224982261658
test_08730,0.10142036527395248
test_08731,0.5395568609237671
test_08732,0.5992806553840637
test_08733,1.971522215171717e-05
test_08734,0.5511276125907898
test_08735,2.4086732082650997e-05
test_08736,0.9859924912452698
test_08737,5.46947262591857e-07
test_08738,0.6096166372299194
test_08739,0.0722794234752655
test_08740,0.9802199006080627
test_08741,0.03899156674742699
test_08742,0.6443362236022949
test_08743,0.00032160509726963937
test_08744,0.04036661982536316
test_08745,0.9990098476409912
test_08746,0.24443253874778748
test_08747,0.99958735704422
test_08748,5.170193253434263e-05
test_08749,0.01765415258705616
test_08750,0.995451033115387
test_08751,0.006178796291351318
test_08752,0.0001810576068237424
test_08753,0.9384948015213013
test_08754,0.8109742999076843
test_08755,0.9998123049736023
test_08756,0.9962999224662781
test_08757,1.0
test_08758,0.11620143800973892
test_08759,2.0988953508549457e-07
test_08760,2.213989347410461e-07
test_08761,0.3918135166168213
test_08762,0.9601632952690125
test_08763,0.01017978135496378
test_08764,0.6318532824516296
test_08765,0.7515361309051514
test_08766,0.9997289776802063
test_08767,0.0002830825396813452
test_08768,0.9998170733451843
test_08769,0.009687273763120174
test_08770,0.573727011680603
test_08771,0.40743914246559143
test_08772,0.0002612485841382295
test_08773,7.209710474853637e-06
test_08774,5.567071070800012e-07
test_08775,0.39352378249168396
test_08776,0.9999933242797852
test_08777,0.00281132641248405
test_08778,0.5003780722618103
test_08779,0.5005705952644348
test_08780,0.7846083045005798
test_08781,0.7719225287437439
test_08782,0.4047602713108063
test_08783,0.9663947820663452
test_08784,0.9635007977485657
test_08785,0.024142861366271973
test_08786,0.0281236469745636
test_08787,0.20465649664402008
test_08788,0.3472253084182739
test_08789,0.49031150341033936
test_08790,0.13767461478710175
test_08791,0.0010152468457818031
test_08792,0.14892490208148956
test_08793,0.00600274745374918
test_08794,0.15114516019821167
test_08795,0.9992882609367371
test_08796,0.9999983310699463
test_08797,0.10193333774805069
test_08798,0.7244144678115845
test_08799,0.619872510433197
test_08800,0.9493345618247986
test_08801,0.999995231628418
test_08802,0.9559904932975769
test_08803,1.0
test_08804,0.010041286237537861
test_08805,0.9978635907173157
test_08806,0.9987146854400635
test_08807,0.1586841195821762
test_08808,0.9977015852928162
test_08809,0.7925904989242554
test_08810,0.556643545627594
test_08811,0.9843803644180298
test_08812,0.04105479270219803
test_08813,0.8844088912010193
test_08814,1.3068872704025125e-06
test_08815,0.0013646528823301196
test_08816,0.0030567890498787165
test_08817,0.9999033212661743
test_08818,0.01290927641093731
test_08819,0.9374934434890747
test_08820,0.9981106519699097
test_08821,0.023669831454753876
test_08822,0.9947988986968994
test_08823,0.2659373879432678
test_08824,0.5359811186790466
test_08825,0.056919973343610764
test_08826,0.0003436074766796082
test_08827,0.9975976347923279
test_08828,0.9997633099555969
test_08829,0.26132410764694214
test_08830,0.999976634979248
test_08831,0.3995340168476105
test_08832,8.596141753969277e-08
test_08833,0.9971049427986145
test_08834,0.4856257438659668
test_08835,0.5666287541389465
test_08836,0.48047879338264465
test_08837,0.24142129719257355
test_08838,0.4578023850917816
test_08839,0.9999990463256836
test_08840,0.38853034377098083
test_08841,0.6894330978393555
test_08842,0.0004798005393240601
test_08843,0.9996647834777832
test_08844,0.0005090672057121992
test_08845,8.704490028321743e-06
test_08846,0.9995033740997314
test_08847,0.9881289601325989
test_08848,0.8408591151237488
test_08849,0.3804444372653961
test_08850,0.9624133110046387
test_08851,0.005917603615671396
test_08852,0.26449131965637207
test_08853,0.9999207258224487
test_08854,0.45275527238845825
test_08855,0.5331140756607056
test_08856,0.6210870742797852
test_08857,0.24801461398601532
test_08858,0.9290863275527954
test_08859,2.7927985684073064e-06
test_08860,0.5398939251899719
test_08861,0.9991455078125
test_08862,0.3700494170188904
test_08863,3.681115049403161e-05
test_08864,0.6245344281196594
test_08865,0.18325252830982208
test_08866,0.8367308974266052
test_08867,0.13794130086898804
test_08868,0.003178484970703721
test_08869,0.30294525623321533
test_08870,0.9999603033065796
test_08871,0.9999996423721313
test_08872,0.09329791367053986
test_08873,0.9992596507072449
test_08874,0.006897521670907736
test_08875,0.9995253086090088
test_08876,0.9892985820770264
test_08877,0.7698191404342651
test_08878,0.4804891347885132
test_08879,0.9848432540893555
test_08880,0.13581301271915436
test_08881,0.9999980926513672
test_08882,0.010266038589179516
test_08883,0.032019659876823425
test_08884,0.049957524985075
test_08885,0.09825842082500458
test_08886,8.724677172722295e-06
test_08887,0.050336409360170364
test_08888,0.04228092357516289
test_08889,0.9481614232063293
test_08890,0.1642298847436905
test_08891,0.19884149730205536
test_08892,0.6202549338340759
test_08893,1.404986142006237e-05
test_08894,0.8701595664024353
test_08895,0.9161808490753174
test_08896,0.9898916482925415
test_08897,0.025085413828492165
test_08898,0.4648447036743164
test_08899,0.00028696542722173035
test_08900,0.9998577833175659
test_08901,0.9999483823776245
test_08902,0.9516758918762207
test_08903,0.8360210061073303
test_08904,0.9962806105613708
test_08905,0.9902632236480713
test_08906,0.45555543899536133
test_08907,0.9998526573181152
test_08908,0.9994440674781799
test_08909,0.40215519070625305
test_08910,0.37099969387054443
test_08911,0.9300866723060608
test_08912,3.0358929507201537e-05
test_08913,0.0007323515019379556
test_08914,1.6149906514328904e-06
test_08915,0.8374292254447937
test_08916,0.9793996810913086
test_08917,0.9900146722793579
test_08918,0.9952259063720703
test_08919,0.7424144744873047
test_08920,0.5069465637207031
test_08921,0.7101625800132751
test_08922,0.000294920289888978
test_08923,0.8891525268554688
test_08924,1.0
test_08925,0.9931002855300903
test_08926,0.07630254328250885
test_08927,0.048437148332595825
test_08928,0.0009371141786687076
test_08929,0.8596941828727722
test_08930,0.9261751174926758
test_08931,0.010208630934357643
test_08932,0.20149745047092438
test_08933,0.24757781624794006
test_08934,0.38055992126464844
test_08935,0.9986760020256042
test_08936,0.9993461966514587
test_08937,0.8214694857597351
test_08938,0.1436164230108261
test_08939,4.74683261586506e-08
test_08940,6.907456508997711e-07
test_08941,0.22410929203033447
test_08942,0.7133715152740479
test_08943,0.999789297580719
test_08944,0.966124415397644
test_08945,0.9999179840087891
test_08946,0.6389915347099304
test_08947,0.9926235675811768
test_08948,0.5906079411506653
test_08949,0.3494136929512024
test_08950,0.014170313253998756
test_08951,0.9999969005584717
test_08952,0.995503842830658
test_08953,0.9920658469200134
test_08954,0.949872612953186
test_08955,0.9999967813491821
test_08956,0.6638650298118591
test_08957,0.0004614549980033189
test_08958,0.00022782770975027233
test_08959,0.7785353660583496
test_08960,0.6096614599227905
test_08961,0.0001681193825788796
test_08962,0.504138708114624
test_08963,0.018128251656889915
test_08964,0.008135790936648846
test_08965,0.00037432106910273433
test_08966,0.8281826972961426
test_08967,0.005817008670419455
test_08968,0.999990701675415
test_08969,0.129977285861969
test_08970,0.9994749426841736
test_08971,1.429803069186164e-05
test_08972,2.732764642132679e-06
test_08973,0.9999953508377075
test_08974,0.4109431505203247
test_08975,0.014823924750089645
test_08976,0.0014440129743888974
test_08977,0.9987707734107971
test_08978,0.1852208524942398
test_08979,0.027223123237490654
test_08980,0.9055564999580383
test_08981,0.594005286693573
test_08982,0.9951145648956299
test_08983,0.6366247534751892
test_08984,0.061538830399513245
test_08985,0.17853231728076935
test_08986,0.9989268183708191
test_08987,0.060991451144218445
test_08988,0.013967079110443592
test_08989,0.9997827410697937
test_08990,7.019974646027549e-07
test_08991,3.5894918148926536e-09
test_08992,1.2569466889544856e-05
test_08993,0.5748372077941895
test_08994,0.937974214553833
test_08995,4.5212655095383525e-06
test_08996,0.9999829530715942
test_08997,0.9102576971054077
test_08998,0.9154680967330933
test_08999,0.5211781859397888
test_09000,0.9999970197677612
test_09001,0.787412703037262
test_09002,0.07692119479179382
test_09003,0.9264614582061768
test_09004,0.0032571477349847555
test_09005,0.12995055317878723
test_09006,0.9995463490486145
test_09007,0.11648262292146683
test_09008,0.22312644124031067
test_09009,0.990571141242981
test_09010,0.986335277557373
test_09011,6.199852720101262e-08
test_09012,0.955351710319519
test_09013,0.9999403953552246
test_09014,0.5113856196403503
test_09015,0.8863011598587036
test_09016,0.9674808979034424
test_09017,0.5011873841285706
test_09018,1.0
test_09019,0.9999901056289673
test_09020,0.0007421375485137105
test_09021,0.006498611997812986
test_09022,0.999016523361206
test_09023,0.0034441379830241203
test_09024,0.9790737628936768
test_09025,1.0
test_09026,0.9999994039535522
test_09027,0.747861921787262
test_09028,0.02465078979730606
test_09029,2.712064542720327e-06
test_09030,0.9999886751174927
test_09031,0.001833032933063805
test_09032,0.999997615814209
test_09033,0.5804898142814636
test_09034,0.0009698387584649026
test_09035,5.615108420897741e-06
test_09036,2.8444119379855692e-05
test_09037,0.4727199673652649
test_09038,1.7423718645659392e-06
test_09039,0.16311368346214294
test_09040,0.7624614238739014
test_09041,0.20922815799713135
test_09042,0.9615176916122437
test_09043,0.06518573313951492
test_09044,0.45841503143310547
test_09045,0.02657410502433777
test_09046,0.99993896484375
test_09047,0.13089147210121155
test_09048,0.029794789850711823
test_09049,0.9730861783027649
test_09050,0.06021680310368538
test_09051,0.8908120393753052
test_09052,0.9711946249008179
test_09053,0.9937396049499512
test_09054,0.5499863624572754
test_09055,0.06936263293027878
test_09056,0.0008512231870554388
test_09057,4.103948867850704e-06
test_09058,0.8203089237213135
test_09059,0.05263476073741913
test_09060,0.08565948158502579
test_09061,0.020676633343100548
test_09062,0.4086073040962219
test_09063,0.9933664202690125
test_09064,0.013826122507452965
test_09065,0.9998985528945923
test_09066,0.04277138039469719
test_09067,0.9123057126998901
test_09068,1.8211376300314441e-06
test_09069,0.32218077778816223
test_09070,3.188238406437449e-05
test_09071,0.7460424304008484
test_09072,0.6437435746192932
test_09073,0.999995231628418
test_09074,0.9903966188430786
test_09075,0.483314573764801
test_09076,0.03062208741903305
test_09077,0.6391997337341309
test_09078,0.9999960660934448
test_09079,0.9997919201850891
test_09080,0.713548481464386
test_09081,0.847069263458252
test_09082,0.0002051449555438012
test_09083,0.9768253564834595
test_09084,0.0002559361164458096
test_09085,0.9998164772987366
test_09086,0.999901294708252
test_09087,0.00015936014824546874
test_09088,0.006151904817670584
test_09089,0.9991750121116638
test_09090,0.723505973815918
test_09091,0.0038701738230884075
test_09092,0.0022685574367642403
test_09093,0.397566556930542
test_09094,0.9999935626983643
test_09095,0.9998559951782227
test_09096,0.0010763386962935328
test_09097,0.4189368486404419
test_09098,0.9996606111526489
test_09099,0.3297559916973114
test_09100,0.4245814085006714
test_09101,0.5716753005981445
test_09102,0.7473030686378479
test_09103,0.024324169382452965
test_09104,0.9998562335968018
test_09105,0.38115164637565613
test_09106,0.27430662512779236
test_09107,0.11507312208414078
test_09108,0.994576096534729
test_09109,2.0074452322660363e-08
test_09110,0.9682460427284241
test_09111,1.0
test_09112,0.5167498588562012
test_09113,0.9999916553497314
test_09114,0.003289123997092247
test_09115,0.003977206535637379
test_09116,0.9999955892562866
test_09117,0.0013261283747851849
test_09118,0.9997857213020325
test_09119,0.08566923439502716
test_09120,0.9976715445518494
test_09121,0.9996658563613892
test_09122,0.9999998807907104
test_09123,0.22501951456069946
test_09124,0.44621697068214417
test_09125,0.9875003099441528
test_09126,0.5110135078430176
test_09127,0.9994882345199585
test_09128,0.40395787358283997
test_09129,0.37265509366989136
test_09130,1.0086755430904759e-08
test_09131,0.0054899901151657104
test_09132,0.056947994977235794
test_09133,0.038017258048057556
test_09134,0.001306038349866867
test_09135,0.26677483320236206
test_09136,0.9901067614555359
test_09137,0.9999790191650391
test_09138,0.8850838541984558
test_09139,0.012340064160525799
test_09140,0.999966025352478
test_09141,0.002507943194359541
test_09142,1.5772826600368717e-08
test_09143,0.0002300903870491311
test_09144,0.7811120748519897
test_09145,0.9999686479568481
test_09146,0.01765529438853264
test_09147,0.9987862706184387
test_09148,0.0007477414910681546
test_09149,0.9742735028266907
test_09150,3.972088961745612e-05
test_09151,0.0008193065295927227
test_09152,0.002258052583783865
test_09153,0.20667921006679535
test_09154,0.9813368916511536
test_09155,0.5397613644599915
test_09156,0.19874738156795502
test_09157,3.645148535724729e-05
test_09158,0.7201794385910034
test_09159,0.09855052083730698
test_09160,0.9994164705276489
test_09161,0.9999994039535522
test_09162,0.02985280007123947
test_09163,0.9999922513961792
test_09164,0.008512509986758232
test_09165,0.0018992217956110835
test_09166,0.9149425625801086
test_09167,0.009675332345068455
test_09168,1.0
test_09169,0.6778053045272827
test_09170,0.3794800937175751
test_09171,0.020614730194211006
test_09172,1.0
test_09173,0.9998869895935059
test_09174,0.16977018117904663
test_09175,2.8203319288877537e-06
test_09176,0.48340699076652527
test_09177,0.9999896287918091
test_09178,0.5124891400337219
test_09179,0.27505791187286377
test_09180,0.29965218901634216
test_09181,0.00015919246652629226
test_09182,0.9999984502792358
test_09183,2.1694955648854375e-05
test_09184,0.014362888410687447
test_09185,0.29470211267471313
test_09186,0.34553608298301697
test_09187,0.9484974145889282
test_09188,0.001716163707897067
test_09189,0.00678857509046793
test_09190,0.5503485202789307
test_09191,0.6794322729110718
test_09192,3.96395671486971e-06
test_09193,0.9819085597991943
test_09194,0.0002476228401064873
test_09195,0.9909996390342712
test_09196,0.999453604221344
test_09197,0.4709493815898895
test_09198,0.686512291431427
test_09199,0.9999426603317261
test_09200,0.0008385081309825182
test_09201,0.8774433135986328
test_09202,0.36255306005477905
test_09203,0.9999996423721313
test_09204,0.999957799911499
test_09205,0.9270576238632202
test_09206,0.5632213354110718
test_09207,0.011955886147916317
test_09208,0.6675655245780945
test_09209,0.0031579697970300913
test_09210,0.14614252746105194
test_09211,0.8338912129402161
test_09212,0.5809181332588196
test_09213,0.9999635219573975
test_09214,0.779714822769165
test_09215,0.5327748656272888
test_09216,0.02032618410885334
test_09217,0.9531090259552002
test_09218,0.9998784065246582
test_09219,0.9754769206047058
test_09220,0.6054314970970154
test_09221,0.5079719424247742
test_09222,0.36531731486320496
test_09223,0.9561315774917603
test_09224,0.9324656128883362
test_09225,0.9998935461044312
test_09226,0.9999911785125732
test_09227,0.7425808310508728
test_09228,0.010915894992649555
test_09229,0.0007907927501946688
test_09230,0.9815167188644409
test_09231,0.5388041138648987
test_09232,0.0008639987790957093
test_09233,0.1545545905828476
test_09234,0.999656081199646
test_09235,2.0898546893022285e-08
test_09236,1.6324749594787136e-05
test_09237,0.9995020627975464
test_09238,0.9781361222267151
test_09239,0.7617390155792236
test_09240,0.00030376354698091745
test_09241,0.2801203429698944
test_09242,0.9996485710144043
test_09243,0.018876511603593826
test_09244,0.6675665378570557
test_09245,0.9999940395355225
test_09246,0.993273138999939
test_09247,0.06035703420639038
test_09248,0.65262770652771
test_09249,0.9999996423721313
test_09250,0.0006499363807961345
test_09251,0.32290834188461304
test_09252,2.0282500656776392e-07
test_09253,0.9999983310699463
test_09254,0.9376465678215027
test_09255,0.36080649495124817
test_09256,0.9999984502792358
test_09257,0.103233702480793
test_09258,0.034512270241975784
test_09259,0.9498513340950012
test_09260,0.012704016640782356
test_09261,0.0605694018304348
test_09262,0.9675131440162659
test_09263,0.34490901231765747
test_09264,0.49295201897621155
test_09265,0.9085113406181335
test_09266,0.9992104768753052
test_09267,0.9497886300086975
test_09268,0.9999017715454102
test_09269,0.4743182063102722
test_09270,3.466699638465798e-07
test_09271,0.4657318890094757
test_09272,0.9991631507873535
test_09273,0.9999454021453857
test_09274,0.39199307560920715
test_09275,2.9905379051342607e-05
test_09276,0.38534295558929443
test_09277,0.47542715072631836
test_09278,0.006418239790946245
test_09279,1.1226979950151872e-06
test_09280,0.5031017065048218
test_09281,0.025285162031650543
test_09282,8.37092156871222e-05
test_09283,0.00025819047004915774
test_09284,0.024531451985239983
test_09285,0.0030179305467754602
test_09286,0.0001900775678222999
test_09287,0.7930541634559631
test_09288,0.24328209459781647
test_09289,0.9972796440124512
test_09290,9.496093298366759e-07
test_09291,0.9998499155044556
test_09292,0.8563202023506165
test_09293,0.4735828936100006
test_09294,8.794762106845155e-05
test_09295,8.017053914954886e-06
test_09296,0.45624667406082153
test_09297,0.4357249438762665
test_09298,0.6724615693092346
test_09299,0.38878998160362244
test_09300,0.05517871305346489
test_09301,1.6189692075840867e-07
test_09302,0.5269075036048889
test_09303,0.9855405688285828
test_09304,0.9176583886146545
test_09305,0.9799429774284363
test_09306,0.00047680168063379824
test_09307,0.035015325993299484
test_09308,0.019760940223932266
test_09309,0.48372170329093933
test_09310,0.535973310470581
test_09311,0.10656329244375229
test_09312,0.4382624626159668
test_09313,0.7098613381385803
test_09314,6.351437153995221e-10
test_09315,0.0010679099941626191
test_09316,0.32197168469429016
test_09317,0.9988844990730286
test_09318,0.9928551316261292
test_09319,0.41213342547416687
test_09320,0.9985001087188721
test_09321,0.005947949830442667
test_09322,0.9975922703742981
test_09323,0.6098700165748596
test_09324,0.9859012961387634
test_09325,0.9999837875366211
test_09326,0.9237993359565735
test_09327,0.000513063685502857
test_09328,0.476023405790329
test_09329,0.6868323683738708
test_09330,0.029966948553919792
test_09331,0.9987711310386658
test_09332,1.9577271814341657e-05
test_09333,0.9278571605682373
test_09334,0.9970687031745911
test_09335,0.09838484227657318
test_09336,2.5688900677778292e-06
test_09337,0.47481802105903625
test_09338,0.5450962781906128
test_09339,0.00019238701497670263
test_09340,0.5131502747535706
test_09341,0.011181836016476154
test_09342,0.2997518479824066
test_09343,1.4853247520818513e-08
test_09344,0.9807054400444031
test_09345,0.05048655346035957
test_09346,0.42722856998443604
test_09347,2.2524040105054155e-05
test_09348,0.9681366682052612
test_09349,0.28698474168777466
test_09350,0.8424301147460938
test_09351,0.9999749660491943
test_09352,0.0780344307422638
test_09353,0.10187219828367233
test_09354,0.9999959468841553
test_09355,0.9999699592590332
test_09356,0.9916843175888062
test_09357,0.3878529667854309
test_09358,0.4357980191707611
test_09359,0.011125894263386726
test_09360,0.04667934775352478
test_09361,0.8933873772621155
test_09362,0.008409279398620129
test_09363,0.3048834800720215
test_09364,0.00019382206664886326
test_09365,6.466264608206984e-07
test_09366,0.34145593643188477
test_09367,0.6740202903747559
test_09368,0.00019565063121262938
test_09369,0.5351800918579102
test_09370,0.11880028992891312
test_09371,0.000278805528068915
test_09372,0.999974250793457
test_09373,1.004325440590037e-06
test_09374,0.9999996423721313
test_09375,0.679870069026947
test_09376,0.4948797821998596
test_09377,0.8249835968017578
test_09378,0.9953804016113281
test_09379,0.9999997615814209
test_09380,0.0032111257314682007
test_09381,0.009988123551011086
test_09382,0.9997758269309998
test_09383,0.999491810798645
test_09384,0.004371614195406437
test_09385,0.9949969053268433
test_09386,0.9993674159049988
test_09387,0.976055920124054
test_09388,0.9903456568717957
test_09389,0.5400709509849548
test_09390,0.9401177763938904
test_09391,0.09611449390649796
test_09392,0.356205016374588
test_09393,0.0021092200186103582
test_09394,0.9997794032096863
test_09395,0.05230597034096718
test_09396,0.5463628172874451
test_09397,0.03030918911099434
test_09398,0.99681156873703
test_09399,0.005270565859973431
test_09400,0.9764507412910461
test_09401,0.5509619116783142
test_09402,0.9746049642562866
test_09403,0.00010729113273555413
test_09404,0.5962766408920288
test_09405,0.06160619482398033
test_09406,0.4766729474067688
test_09407,0.9877663850784302
test_09408,0.11788126081228256
test_09409,0.5550812482833862
test_09410,0.9998161196708679
test_09411,0.9999833106994629
test_09412,0.8400081396102905
test_09413,0.3628879487514496
test_09414,0.012668140232563019
test_09415,0.914131760597229
test_09416,1.0
test_09417,2.661309736140538e-05
test_09418,0.9781352281570435
test_09419,0.857998788356781
test_09420,0.9985299110412598
test_09421,0.0019754432141780853
test_09422,0.043593619018793106
test_09423,0.1259235441684723
test_09424,0.9892361760139465
test_09425,0.06427165865898132
test_09426,0.939049482345581
test_09427,7.517272024415433e-06
test_09428,0.8370612263679504
test_09429,0.9962028861045837
test_09430,0.9996862411499023
test_09431,0.9977661371231079
test_09432,2.0753024728037417e-05
test_09433,0.19253826141357422
test_09434,0.9998675584793091
test_09435,0.8247928023338318
test_09436,0.5874731540679932
test_09437,0.0015445431927219033
test_09438,0.49334821105003357
test_09439,0.018408849835395813
test_09440,0.9997616410255432
test_09441,0.01321836281567812
test_09442,3.4798165870597586e-05
test_09443,0.9927823543548584
test_09444,0.4764944612979889
test_09445,0.09848369657993317
test_09446,0.20952913165092468
test_09447,0.5278443098068237
test_09448,0.9889505505561829
test_09449,0.984133243560791
test_09450,0.9999991655349731
test_09451,0.027790790423750877
test_09452,0.910085141658783
test_09453,0.9999992847442627
test_09454,0.8877874612808228
test_09455,0.985579252243042
test_09456,0.9997782111167908
test_09457,8.93541073310189e-05
test_09458,0.002151722088456154
test_09459,0.9940339922904968
test_09460,0.7417384386062622
test_09461,0.9991872906684875
test_09462,0.02655082568526268
test_09463,0.00026821368373930454
test_09464,0.6456241011619568
test_09465,0.9997943043708801
test_09466,9.749613809617586e-07
test_09467,0.9999653100967407
test_09468,0.046950116753578186
test_09469,0.0051788748241961
test_09470,0.9999655485153198
test_09471,0.902029275894165
test_09472,0.06187356635928154
test_09473,1.2873209925601259e-05
test_09474,0.07121777534484863
test_09475,0.48696085810661316
test_09476,0.48472774028778076
test_09477,0.95518559217453
test_09478,1.7051910390364355e-06
test_09479,0.9489004015922546
test_09480,0.00017896121426019818
test_09481,0.003896047594025731
test_09482,0.0022862462792545557
test_09483,0.5291717648506165
test_09484,0.004452880006283522
test_09485,8.477368101011962e-05
test_09486,0.4575045108795166
test_09487,0.9999886751174927
test_09488,1.3819034165862831e-06
test_09489,0.9998470544815063
test_09490,0.00013583386316895485
test_09491,0.004692217335104942
test_09492,0.925023078918457
test_09493,0.0007901170756667852
test_09494,0.9524872899055481
test_09495,0.0024008089676499367
test_09496,9.34408453758806e-05
test_09497,1.130848545471963e-06
test_09498,0.9999068975448608
test_09499,0.5925336480140686
test_09500,0.9995245933532715
test_09501,0.9997978806495667
test_09502,0.0003097656008321792
test_09503,0.66132652759552
test_09504,0.5368923544883728
test_09505,0.9940584897994995
test_09506,0.9734286665916443
test_09507,0.9944829344749451
test_09508,1.0
test_09509,0.619158923625946
test_09510,0.33121174573898315
test_09511,4.708174738965454e-09
test_09512,1.1189066754013766e-05
test_09513,0.6896038055419922
test_09514,0.9990712404251099
test_09515,0.00930802896618843
test_09516,0.4203828275203705
test_09517,0.9998948574066162
test_09518,0.003018395509570837
test_09519,0.999987006187439
test_09520,0.319111704826355
test_09521,0.9999881982803345
test_09522,0.7854441404342651
test_09523,1.602923293830827e-05
test_09524,0.9894401431083679
test_09525,0.9999973773956299
test_09526,0.29496705532073975
test_09527,0.09994605928659439
test_09528,4.907828383693413e-07
test_09529,0.7180364727973938
test_09530,0.5594519972801208
test_09531,0.010052605532109737
test_09532,0.00029131671180948615
test_09533,0.975864827632904
test_09534,0.9999501705169678
test_09535,0.009127335622906685
test_09536,9.84514281299198e-06
test_09537,0.8619316816329956
test_09538,3.895588088198565e-05
test_09539,0.9983723759651184
test_09540,0.013925689272582531
test_09541,0.02292061224579811
test_09542,7.634724852323416e-08
test_09543,0.8390176892280579
test_09544,0.8521324992179871
test_09545,0.9540668725967407
test_09546,8.681928738951683e-05
test_09547,0.00016803972539491951
test_09548,0.0248098224401474
test_09549,0.1493445783853531
test_09550,5.2211674983482226e-08
test_09551,0.0009958678856492043
test_09552,0.9942741990089417
test_09553,2.937638100775075e-06
test_09554,6.28615016466938e-05
test_09555,0.0001791438990039751
test_09556,0.1136382669210434
test_09557,0.3770396113395691
test_09558,0.6183578372001648
test_09559,0.9987009763717651
test_09560,0.13087604939937592
test_09561,5.097672692500055e-05
test_09562,0.9999719858169556
test_09563,0.5298329591751099
test_09564,0.9998685121536255
test_09565,0.9999617338180542
test_09566,0.02960452064871788
test_09567,0.9999604225158691
test_09568,0.9998754262924194
test_09569,0.00027116364799439907
test_09570,0.00014538697723764926
test_09571,0.15852174162864685
test_09572,0.08126388490200043
test_09573,0.7468503713607788
test_09574,0.7154654264450073
test_09575,0.4479287564754486
test_09576,3.74644914700184e-05
test_09577,0.3542628288269043
test_09578,0.03888697177171707
test_09579,0.9998314380645752
test_09580,0.033034797757864
test_09581,0.9631344079971313
test_09582,0.9908595681190491
test_09583,0.012692663818597794
test_09584,0.999924898147583
test_09585,0.5292515754699707
test_09586,0.7465512156486511
test_09587,0.09875603765249252
test_09588,1.0
test_09589,0.9658990502357483
test_09590,0.9999974966049194
test_09591,0.999858021736145
test_09592,0.7291590571403503
test_09593,0.2089780867099762
test_09594,0.9999996423721313
test_09595,0.9843772649765015
test_09596,0.9999932050704956
test_09597,0.999983549118042
test_09598,0.5184536576271057
test_09599,0.004104464314877987
test_09600,0.9894864559173584
test_09601,0.9998742341995239
test_09602,0.02806640975177288
test_09603,3.320301402709447e-05
test_09604,0.0001444761292077601
test_09605,0.9747909307479858
test_09606,0.12808853387832642
test_09607,0.06009075418114662
test_09608,0.0023035663180053234
test_09609,0.9998828172683716
test_09610,0.9999833106994629
test_09611,0.05668433755636215
test_09612,0.9993221759796143
test_09613,0.07329824566841125
test_09614,0.08653061091899872
test_09615,0.11344905197620392
test_09616,0.0001890956045826897
test_09617,0.9979287385940552
test_09618,0.4252982437610626
test_09619,0.0006076984573155642
test_09620,0.4455903470516205
test_09621,0.2750660479068756
test_09622,2.3249766911703773e-07
test_09623,0.9996583461761475
test_09624,0.0015842181164771318
test_09625,0.8498390316963196
test_09626,0.9998672008514404
test_09627,0.18079674243927002
test_09628,0.0002613808901514858
test_09629,0.9999998807907104
test_09630,0.6484545469284058
test_09631,0.0017712302505970001
test_09632,0.08080942928791046
test_09633,0.33135274052619934
test_09634,0.6963186264038086
test_09635,0.7043027281761169
test_09636,1.1492394150991458e-05
test_09637,0.3078031539916992
test_09638,0.4941039979457855
test_09639,0.9735711216926575
test_09640,0.0016995635814964771
test_09641,5.544774808186048e-07
test_09642,0.4930344223976135
test_09643,0.9934060573577881
test_09644,0.4130640923976898
test_09645,0.5450872182846069
test_09646,1.6901318304007873e-05
test_09647,0.01604202762246132
test_09648,0.3521001935005188
test_09649,9.89651383065393e-08
test_09650,0.6501352787017822
test_09651,0.030599569901823997
test_09652,0.6251901984214783
test_09653,0.9946309328079224
test_09654,4.3719199993574875e-07
test_09655,0.255149245262146
test_09656,0.9999978542327881
test_09657,0.00020776934979949147
test_09658,7.398215984721901e-06
test_09659,0.9912847280502319
test_09660,0.9999712705612183
test_09661,0.41029971837997437
test_09662,8.313843136420473e-05
test_09663,0.9999991655349731
test_09664,0.6003980040550232
test_09665,0.35779762268066406
test_09666,0.9592002630233765
test_09667,3.934235053293378e-07
test_09668,0.04277634620666504
test_09669,0.9892767667770386
test_09670,0.3897172510623932
test_09671,0.5190500617027283
test_09672,0.08007316291332245
test_09673,0.003206484252586961
test_09674,0.6162121891975403
test_09675,0.01716090552508831
test_09676,0.9897071123123169
test_09677,0.3802032768726349
test_09678,0.9999985694885254
test_09679,0.42656952142715454
test_09680,0.9987762570381165
test_09681,0.9916879534721375
test_09682,0.002477607922628522
test_09683,0.14823152124881744
test_09684,0.9868560433387756
test_09685,0.6944907903671265
test_09686,0.012971393764019012
test_09687,0.4320666790008545
test_09688,0.558817446231842
test_09689,0.04672091454267502
test_09690,0.9843424558639526
test_09691,0.9827412962913513
test_09692,0.9597958326339722
test_09693,0.2776035964488983
test_09694,0.6729709506034851
test_09695,0.03841989114880562
test_09696,0.361268550157547
test_09697,0.9993236064910889
test_09698,0.9999877214431763
test_09699,0.2151385396718979
test_09700,0.47619158029556274
test_09701,0.8647077083587646
test_09702,0.9983238577842712
test_09703,0.712748646736145
test_09704,0.8534875512123108
test_09705,0.6415086984634399
test_09706,0.951062798500061
test_09707,0.9981191754341125
test_09708,0.8567876219749451
test_09709,0.030818535014986992
test_09710,0.020520728081464767
test_09711,4.130496904508618e-07
test_09712,0.11408832669258118
test_09713,0.9999943971633911
test_09714,0.5867159366607666
test_09715,0.09030365943908691
test_09716,0.061808206140995026
test_09717,0.9965813755989075
test_09718,0.36920586228370667
test_09719,0.0009121107868850231
test_09720,0.004825174808502197
test_09721,0.002746226964518428
test_09722,0.5883522629737854
test_09723,0.9546627402305603
test_09724,0.6730601191520691
test_09725,0.9999828338623047
test_09726,0.041123367846012115
test_09727,0.9945492148399353
test_09728,0.0002717747411224991
test_09729,0.005079762078821659
test_09730,0.9990108013153076
test_09731,0.0444982685148716
test_09732,0.10000075399875641
test_09733,0.7763497829437256
test_09734,7.318918360255111e-09
test_09735,0.015068693086504936
test_09736,3.689722143462859e-05
test_09737,0.9999666213989258
test_09738,0.05088145285844803
test_09739,0.7506729960441589
test_09740,0.5415217876434326
test_09741,0.10393490642309189
test_09742,0.1694757491350174
test_09743,0.6302229762077332
test_09744,0.9545597434043884
test_09745,0.992245614528656
test_09746,0.9676010012626648
test_09747,0.9959415793418884
test_09748,0.3190184533596039
test_09749,0.9837402701377869
test_09750,0.999993085861206
test_09751,0.9972589015960693
test_09752,0.5143289566040039
test_09753,0.993606448173523
test_09754,0.05377195402979851
test_09755,0.9447121024131775
test_09756,0.8036066293716431
test_09757,0.7355451583862305
test_09758,0.6411477327346802
test_09759,0.4804550111293793
test_09760,0.01957612857222557
test_09761,0.001957615837454796
test_09762,0.00011837569763883948
test_09763,0.9980650544166565
test_09764,0.583776593208313
test_09765,2.5189912776113488e-05
test_09766,0.22007888555526733
test_09767,0.0003077979199588299
test_09768,0.9908801317214966
test_09769,0.3837100565433502
test_09770,0.00017400775686837733
test_09771,0.5647886991500854
test_09772,0.9999833106994629
test_09773,0.8363403081893921
test_09774,0.49937504529953003
test_09775,6.969983132876223e-07
test_09776,0.8057966828346252
test_09777,0.9557365775108337
test_09778,0.011476491577923298
test_09779,0.9790576696395874
test_09780,5.861645604454679e-07
test_09781,0.004356609657406807
test_09782,0.9726293087005615
test_09783,0.9992846846580505
test_09784,0.008925603702664375
test_09785,0.9980231523513794
test_09786,0.0015620727790519595
test_09787,0.37604668736457825
test_09788,0.675944983959198
test_09789,0.7542669177055359
test_09790,0.00036091849324293435
test_09791,0.978731632232666
test_09792,0.3915577232837677
test_09793,0.891416609287262
test_09794,0.0005223248736001551
test_09795,0.007142714690417051
test_09796,0.00011290585825918242
test_09797,0.05187387391924858
test_09798,0.9999984502792358
test_09799,0.9988279938697815
test_09800,0.9317447543144226
test_09801,0.0027779301162809134
test_09802,0.9622047543525696
test_09803,0.7090963125228882
test_09804,0.9998745918273926
test_09805,0.5434442758560181
test_09806,0.9968129992485046
test_09807,0.9789648652076721
test_09808,0.9987279772758484
test_09809,0.017939265817403793
test_09810,0.9999803304672241
test_09811,0.006007279269397259
test_09812,0.2238929569721222
test_09813,5.46375013072975e-05
test_09814,0.9296714663505554
test_09815,0.018175514414906502
test_09816,0.19988566637039185
test_09817,0.34525179862976074
test_09818,0.9999401569366455
test_09819,0.9885848164558411
test_09820,0.9020869731903076
test_09821,1.8906746845459566e-05
test_09822,0.47011101245880127
test_09823,0.556875467300415
test_09824,0.990868091583252
test_09825,0.9983298182487488
test_09826,0.9999970197677612
test_09827,0.9645732641220093
test_09828,0.8335023522377014
test_09829,0.9272518157958984
test_09830,0.9999918937683105
test_09831,0.9987722039222717
test_09832,0.9894444346427917
test_09833,0.9993816614151001
test_09834,0.9993546605110168
test_09835,3.1529116313322447e-06
test_09836,0.9999659061431885
test_09837,0.9082598686218262
test_09838,0.9272637963294983
test_09839,0.9998931884765625
test_09840,0.3659253418445587
test_09841,1.0
test_09842,0.036961622536182404
test_09843,0.09646429121494293
test_09844,1.4579472917830572e-05
test_09845,0.7382299304008484
test_09846,0.9750779271125793
test_09847,0.012482709251344204
test_09848,0.08262694627046585
test_09849,1.0
test_09850,0.8565306067466736
test_09851,0.9140897393226624
test_09852,0.9986942410469055
test_09853,0.880070149898529
test_09854,0.7132366895675659
test_09855,0.0010690254857763648
test_09856,0.3856455385684967
test_09857,0.9930693507194519
test_09858,0.5384331345558167
test_09859,0.00166303978767246
test_09860,0.2945922911167145
test_09861,0.12437429279088974
test_09862,0.4816077947616577
test_09863,0.9973500967025757
test_09864,0.999175488948822
test_09865,0.4719463288784027
test_09866,0.3926512598991394
test_09867,2.1147301595192403e-05
test_09868,0.5330673456192017
test_09869,0.9924566745758057
test_09870,0.06225716322660446
test_09871,0.010388833470642567
test_09872,0.21189472079277039
test_09873,0.9999978542327881
test_09874,0.49466031789779663
test_09875,0.9999935626983643
test_09876,0.9937229752540588
test_09877,0.01216636411845684
test_09878,3.6897326936013997e-05
test_09879,0.6232731938362122
test_09880,0.23963968455791473
test_09881,0.8300293684005737
test_09882,0.42682263255119324
test_09883,0.010688855312764645
test_09884,0.47624528408050537
test_09885,0.9982752799987793
test_09886,0.8950791358947754
test_09887,0.014242395758628845
test_09888,0.4561702013015747
test_09889,0.8221862316131592
test_09890,0.9514267444610596
test_09891,2.8841950552305207e-06
test_09892,0.7998344898223877
test_09893,0.02022087201476097
test_09894,0.9497107267379761
test_09895,0.0035670874640345573
test_09896,0.5590375065803528
test_09897,0.9992326498031616
test_09898,0.9981998205184937
test_09899,0.9141725301742554
test_09900,1.1923202691832557e-05
test_09901,2.9997207093401812e-05
test_09902,0.9994590878486633
test_09903,0.005347845144569874
test_09904,1.5557481674477458e-05
test_09905,0.9998278617858887
test_09906,0.4814421832561493
test_09907,0.999656081199646
test_09908,0.0006956957513466477
test_09909,0.09334010630846024
test_09910,0.0005025273421779275
test_09911,0.9973729848861694
test_09912,0.2538858950138092
test_09913,0.14670467376708984
test_09914,0.0012476256815716624
test_09915,0.015912335366010666
test_09916,0.9968578815460205
test_09917,8.231698302552104e-06
test_09918,0.742448627948761
test_09919,0.00039863731944933534
test_09920,0.0007690968923270702
test_09921,0.9992092847824097
test_09922,0.2934074103832245
test_09923,0.34918510913848877
test_09924,0.9734081029891968
test_09925,0.9986565113067627
test_09926,0.9732051491737366
test_09927,0.0018387894378975034
test_09928,0.008319428190588951
test_09929,0.9934578537940979
test_09930,0.8513046503067017
test_09931,0.27582889795303345
test_09932,0.6039945483207703
test_09933,0.000728920625988394
test_09934,0.1586538404226303
test_09935,0.5233427286148071
test_09936,0.161039799451828
test_09937,0.9982183575630188
test_09938,0.9998517036437988
test_09939,0.11794479936361313
test_09940,0.6183076500892639
test_09941,0.9999740123748779
test_09942,0.3165033161640167
test_09943,1.0
test_09944,0.43854811787605286
test_09945,0.9999117851257324
test_09946,0.005183517467230558
test_09947,0.9999150037765503
test_09948,0.9956502318382263
test_09949,0.0018333102343603969
test_09950,0.03924350067973137
test_09951,0.45230817794799805
test_09952,0.2294950783252716
test_09953,0.0008003066177479923
test_09954,0.9528683423995972
test_09955,0.879482626914978
test_09956,0.9964478015899658
test_09957,0.0016381182940676808
test_09958,0.9231529831886292
test_09959,0.6885616779327393
test_09960,1.0
test_09961,0.26683157682418823
test_09962,0.6778417825698853
test_09963,0.9989418387413025
test_09964,0.0015515686245635152
test_09965,8.443906018840153e-09
test_09966,0.9999998807907104
test_09967,0.005471188575029373
test_09968,0.003178894519805908
test_09969,0.7155031561851501
test_09970,7.656039815628901e-05
test_09971,0.2420758455991745
test_09972,0.6562991142272949
test_09973,0.5578851103782654
test_09974,0.99998939037323
test_09975,4.2067877075169235e-06
test_09976,0.9998509883880615
test_09977,1.9488770703901537e-05
test_09978,0.8420741558074951
test_09979,0.6496217846870422
test_09980,0.02490239217877388
test_09981,0.945368230342865
test_09982,0.9999895095825195
test_09983,0.5067146420478821
test_09984,0.0005448514129966497
test_09985,0.22908082604408264
test_09986,0.21232037246227264
test_09987,0.03773851320147514
test_09988,0.9994565844535828
test_09989,0.5191977620124817
test_09990,0.44276267290115356
test_09991,0.7772717475891113
test_09992,0.00024475963436998427
test_09993,1.0779544936667662e-06
test_09994,0.96412593126297
test_09995,0.9999350309371948
test_09996,0.9999923706054688
test_09997,0.998576283454895
test_09998,0.8838782906532288
test_09999,0.9999799728393555
test_10000,0.9688913226127625
test_10001,0.999862551689148
test_10002,0.9999891519546509
test_10003,0.9988676309585571
test_10004,0.9999929666519165
test_10005,0.04374117776751518
test_10006,0.9761829972267151
test_10007,0.22146698832511902
test_10008,0.51421719789505
test_10009,0.000913881987798959
test_10010,0.9999910593032837
test_10011,0.9768404960632324
test_10012,0.002231081947684288
test_10013,0.02625342831015587
test_10014,0.00010468224354553968
test_10015,0.0016630208119750023
test_10016,0.7644592523574829
test_10017,0.5367152690887451
test_10018,0.9996199607849121
test_10019,0.0016486853128299117
test_10020,0.006687128450721502
test_10021,3.7410474760690704e-05
test_10022,0.0021080560982227325
test_10023,0.0009891848312690854
test_10024,0.9999954700469971
test_10025,2.999963271577144e-06
test_10026,0.9398393034934998
test_10027,1.6947084304774762e-06
test_10028,0.0008371098665520549
test_10029,0.9600048661231995
test_10030,0.9683042168617249
test_10031,0.03319326415657997
test_10032,0.00010398175072623417
test_10033,0.6489855647087097
test_10034,0.06149922311306
test_10035,0.6660557389259338
test_10036,0.022210685536265373
test_10037,0.9999998807907104
test_10038,0.9999992847442627
test_10039,0.3796333372592926
test_10040,0.9958529472351074
test_10041,0.8314688801765442
test_10042,0.010471418499946594
test_10043,0.9603546857833862
test_10044,0.42891013622283936
test_10045,0.31088700890541077
test_10046,0.30022189021110535
test_10047,0.5391736626625061
test_10048,0.4111170470714569
test_10049,0.9999810457229614
test_10050,0.9973549842834473
test_10051,0.6844499111175537
test_10052,0.9989379048347473
test_10053,0.1497049480676651
test_10054,0.26306888461112976
test_10055,0.00015809274918865412
test_10056,0.5670109987258911
test_10057,0.9520359635353088
test_10058,0.7951979041099548
test_10059,0.9949519634246826
test_10060,0.698047935962677
test_10061,0.0002437061775708571
test_10062,1.512484431032135e-07
test_10063,1.0
test_10064,0.42195239663124084
test_10065,0.004495179746299982
test_10066,0.9999668598175049
test_10067,0.6523965001106262
test_10068,0.6647180914878845
test_10069,0.0018887502374127507
test_10070,0.42348411679267883
test_10071,0.9999462366104126
test_10072,0.06884276121854782
test_10073,0.09634685516357422
test_10074,1.6220478755712975e-06
test_10075,0.992607831954956
test_10076,1.1727912351489067e-05
test_10077,0.9972149133682251
test_10078,1.1110593050034367e-06
test_10079,0.9969614148139954
test_10080,0.5375216007232666
test_10081,0.03175938501954079
test_10082,0.976682722568512
test_10083,0.9999896287918091
test_10084,0.9724037051200867
test_10085,0.25292477011680603
test_10086,0.9990208148956299
test_10087,0.999092698097229
test_10088,0.1995640993118286
test_10089,0.049182407557964325
test_10090,0.9652189612388611
test_10091,0.9613435864448547
test_10092,0.47947221994400024
test_10093,0.72166508436203
test_10094,0.017105020582675934
test_10095,0.9995015859603882
test_10096,0.06496629118919373
test_10097,0.9999991655349731
test_10098,0.01644277758896351
test_10099,0.0005743442452512681
test_10100,0.5821201801300049
test_10101,0.1255071759223938
test_10102,9.683618600320187e-07
test_10103,0.00017084817227441818
test_10104,0.9991449117660522
test_10105,0.9999852180480957
test_10106,0.009068571962416172
test_10107,8.205699487007223e-06
test_10108,0.9999856948852539
test_10109,0.27498024702072144
test_10110,4.604775313055143e-06
test_10111,0.012710602954030037
test_10112,0.008086643181741238
test_10113,0.9988266825675964
test_10114,0.09027788788080215
test_10115,2.861642678908538e-05
test_10116,7.71619234001264e-05
test_10117,0.00364188221283257
test_10118,0.6268598437309265
test_10119,0.5201654434204102
test_10120,0.5221549272537231
test_10121,0.9999868869781494
test_10122,8.389978574996348e-06
test_10123,0.04809194430708885
test_10124,0.7209506034851074
test_10125,0.06312820315361023
test_10126,0.293497771024704
test_10127,0.0009975205175578594
test_10128,0.014679419808089733
test_10129,0.8274818658828735
test_10130,0.09722699970006943
test_10131,0.03740004822611809
test_10132,0.0005996115505695343
test_10133,0.9353569149971008
test_10134,0.7575848698616028
test_10135,0.0018533205147832632
test_10136,0.02533944696187973
test_10137,6.688364919682499e-06
test_10138,0.9999984502792358
test_10139,0.0183302890509367
test_10140,8.347759816729194e-09
test_10141,0.008331790566444397
test_10142,1.2774139577231836e-05
test_10143,0.0056177848018705845
test_10144,0.5573663711547852
test_10145,0.03988403454422951
test_10146,0.0021725872065871954
test_10147,0.9999957084655762
test_10148,0.9989678859710693
test_10149,0.08389245718717575
test_10150,0.8441622853279114
test_10151,1.2393196469062673e-09
test_10152,0.007551789283752441
test_10153,0.9999969005584717
test_10154,0.9999039173126221
test_10155,0.5644546747207642
test_10156,0.9999812841415405
test_10157,0.33969083428382874
test_10158,1.5968575439728738e-07
test_10159,0.554985761642456
test_10160,0.5253244042396545
test_10161,0.6036046147346497
test_10162,0.004805059637874365
test_10163,0.8866972327232361
test_10164,6.139969173091231e-06
test_10165,0.013602877035737038
test_10166,0.936901330947876
test_10167,0.8739221096038818
test_10168,0.7130163908004761
test_10169,0.3366202116012573
test_10170,0.7927796244621277
test_10171,5.0390208343742415e-05
test_10172,0.6874333024024963
test_10173,0.9994229078292847
test_10174,0.7107446789741516
test_10175,0.8666274547576904
test_10176,0.00020865020633209497
test_10177,0.07747490704059601
test_10178,0.1379574090242386
test_10179,1.4056749023438897e-05
test_10180,0.375591516494751
test_10181,0.0010168692097067833
test_10182,0.9999781847000122
test_10183,3.8475651109592945e-08
test_10184,3.9025562728056684e-05
test_10185,0.991224467754364
test_10186,3.0786104616709054e-05
test_10187,0.999079704284668
test_10188,1.0
test_10189,0.9841333627700806
test_10190,1.0
test_10191,0.37704387307167053
test_10192,1.1538037369973608e-06
test_10193,0.720553457736969
test_10194,0.483489453792572
test_10195,0.9990046620368958
test_10196,0.028142128139734268
test_10197,0.9881123900413513
test_10198,0.7226585745811462
test_10199,2.2745632044518516e-09
test_10200,0.10784250497817993
test_10201,0.3870742917060852
test_10202,0.9900036454200745
test_10203,0.5853578448295593
test_10204,0.4529227614402771
test_10205,0.09378644078969955
test_10206,0.083214171230793
test_10207,0.0003081447212025523
test_10208,0.9995459914207458
test_10209,0.9999998807907104
test_10210,0.9968236684799194
test_10211,0.01764935813844204
test_10212,0.9988610744476318
test_10213,0.29575157165527344
test_10214,0.865063488483429
test_10215,0.004241105634719133
test_10216,0.9797167181968689
test_10217,0.9971524477005005
test_10218,0.8692299723625183
test_10219,0.978947639465332
test_10220,0.9625884294509888
test_10221,0.23779740929603577
test_10222,1.0
test_10223,0.9702521562576294
test_10224,0.6754259467124939
test_10225,0.14179827272891998
test_10226,0.005814345087856054
test_10227,0.8201251029968262
test_10228,0.8381373882293701
test_10229,0.08905332535505295
test_10230,1.5622485989297275e-06
test_10231,0.9999685287475586
test_10232,0.9708932638168335
test_10233,0.9734236598014832
test_10234,1.6397983415572526e-08
test_10235,0.4668106436729431
test_10236,0.4778049886226654
test_10237,0.6906529068946838
test_10238,9.49520654103253e-07
test_10239,0.9804801940917969
test_10240,0.9997974038124084
test_10241,0.011096516624093056
test_10242,0.9997596144676208
test_10243,0.3236846625804901
test_10244,0.8200272917747498
test_10245,0.8178297877311707
test_10246,0.9994891881942749
test_10247,0.5291311740875244
test_10248,0.8244749307632446
test_10249,0.18742768466472626
test_10250,0.9832687377929688
test_10251,0.9877463579177856
test_10252,0.10924369096755981
test_10253,0.9933046698570251
test_10254,0.49662134051322937
test_10255,0.00010155959171243012
test_10256,0.9956306219100952
test_10257,0.04179287701845169
test_10258,0.2278624325990677
test_10259,0.10692699253559113
test_10260,0.837876558303833
test_10261,0.7784958481788635
test_10262,0.07364332675933838
test_10263,0.9917594790458679
test_10264,0.9955646991729736
test_10265,3.0723997497261735e-06
test_10266,0.012700637802481651
test_10267,0.9999567270278931
test_10268,1.0
test_10269,0.36484798789024353
test_10270,0.2033967673778534
test_10271,2.9680802526854677e-07
test_10272,1.6257399693131447e-05
test_10273,0.4793696403503418
test_10274,0.25751596689224243
test_10275,0.9999988079071045
test_10276,0.9999942779541016
test_10277,0.9984373450279236
test_10278,0.9998677968978882
test_10279,0.03361666575074196
test_10280,0.5055803656578064
test_10281,6.578142688340449e-07
test_10282,0.00047893711598590016
test_10283,0.018076902255415916
test_10284,0.7666355967521667
test_10285,0.8957487940788269
test_10286,0.009297974407672882
test_10287,0.003333654487505555
test_10288,0.9999606609344482
test_10289,0.9987083673477173
test_10290,0.9999310970306396
test_10291,0.1800844520330429
test_10292,0.017343690618872643
test_10293,0.8529684543609619
test_10294,0.6514533162117004
test_10295,0.3517299294471741
test_10296,0.6295203566551208
test_10297,0.01610805094242096
test_10298,8.212465445467387e-07
test_10299,0.000673922651913017
test_10300,0.007823154330253601
test_10301,0.645348310470581
test_10302,0.9999996423721313
test_10303,0.9287815093994141
test_10304,0.9377841949462891
test_10305,0.5674143433570862
test_10306,2.4414348445134237e-06
test_10307,0.020044073462486267
test_10308,0.460358589887619
test_10309,0.5381761193275452
test_10310,0.08672931045293808
test_10311,0.5423260927200317
test_10312,0.00043159653432667255
test_10313,0.004191624000668526
test_10314,0.9999063014984131
test_10315,0.00022427839576266706
test_10316,0.9849913716316223
test_10317,0.049403999000787735
test_10318,0.9999808073043823
test_10319,0.3469806909561157
test_10320,0.9992827773094177
test_10321,0.9720932841300964
test_10322,1.7821946585172554e-06
test_10323,1.1264977729297243e-05
test_10324,2.2637630081590032e-06
test_10325,0.7639948129653931
test_10326,0.9999678134918213
test_10327,0.9999998807907104
test_10328,0.12159019708633423
test_10329,0.9801412224769592
test_10330,0.1984453648328781
test_10331,0.5766505599021912
test_10332,0.9999783039093018
test_10333,1.0
test_10334,0.00014155056851450354
test_10335,0.0004086681001354009
test_10336,0.5005341172218323
test_10337,0.18563935160636902
test_10338,0.9999990463256836
test_10339,0.9466961026191711
test_10340,0.9999274015426636
test_10341,0.003719812259078026
test_10342,0.8176417946815491
test_10343,0.045699071139097214
test_10344,0.9129859209060669
test_10345,0.36042773723602295
test_10346,0.9999880790710449
test_10347,0.9181258082389832
test_10348,0.997157096862793
test_10349,0.000502764480188489
test_10350,0.5286361575126648
test_10351,0.03157312050461769
test_10352,0.04049193859100342
test_10353,0.9510024189949036
test_10354,0.6776108741760254
test_10355,0.5108383297920227
test_10356,2.2474989236798137e-05
test_10357,0.028318844735622406
test_10358,0.9999847412109375
test_10359,0.1613827347755432
test_10360,0.0002397990901954472
test_10361,0.9999960660934448
test_10362,0.9920742511749268
test_10363,0.7823511362075806
test_10364,0.7688583135604858
test_10365,0.00585809163749218
test_10366,0.730882465839386
test_10367,0.22494177520275116
test_10368,0.024401938542723656
test_10369,0.6790035963058472
test_10370,0.5606150031089783
test_10371,0.9999884366989136
test_10372,0.00010696392564568669
test_10373,0.9996716976165771
test_10374,1.0887841881412896e-06
test_10375,0.4502798020839691
test_10376,0.9999728202819824
test_10377,0.6757020354270935
test_10378,0.005696689710021019
test_10379,0.08300630003213882
test_10380,0.5583711862564087
test_10381,0.5829998254776001
test_10382,0.9459014534950256
test_10383,0.7298576831817627
test_10384,1.5637882597729913e-06
test_10385,0.031577665358781815
test_10386,0.4420080780982971
test_10387,0.21194764971733093
test_10388,0.3608497083187103
test_10389,0.02996441349387169
test_10390,0.002979547716677189
test_10391,0.9667602777481079
test_10392,0.0014873926993459463
test_10393,7.203404095434962e-08
test_10394,0.05269568786025047
test_10395,0.8880463242530823
test_10396,0.023290308192372322
test_10397,0.0007490869029425085
test_10398,0.43902403116226196
test_10399,0.0010252329520881176
test_10400,0.9999978542327881
test_10401,0.19679757952690125
test_10402,0.0023876773193478584
test_10403,0.36015886068344116
test_10404,0.004216116387397051
test_10405,0.33887356519699097
test_10406,0.9466845989227295
test_10407,0.9990880489349365
test_10408,0.986973226070404
test_10409,8.324235750478692e-06
test_10410,3.400123560481916e-08
test_10411,0.978757917881012
test_10412,1.5977509974618442e-05
test_10413,0.6591789126396179
test_10414,0.04576310142874718
test_10415,0.999943733215332
test_10416,0.08990374207496643
test_10417,0.9948189854621887
test_10418,0.8575705885887146
test_10419,0.540949285030365
test_10420,0.9579196572303772
test_10421,0.9993966817855835
test_10422,0.03186966851353645
test_10423,1.0
test_10424,0.9995743632316589
test_10425,0.15690505504608154
test_10426,0.9645718932151794
test_10427,0.9999997615814209
test_10428,0.6733191013336182
test_10429,0.0051231044344604015
test_10430,7.405363788848263e-08
test_10431,0.05573859065771103
test_10432,7.492776603612583e-07
test_10433,1.0
test_10434,0.9999977350234985
test_10435,0.009727593511343002
test_10436,0.4765741229057312
test_10437,0.003578904550522566
test_10438,0.9836527109146118
test_10439,0.019292399287223816
test_10440,2.219276393589098e-05
test_10441,0.35679012537002563
test_10442,0.4869791865348816
test_10443,0.997958779335022
test_10444,0.4938673675060272
test_10445,0.5478799343109131
test_10446,0.6485869288444519
test_10447,1.0
test_10448,0.005640191491693258
test_10449,0.9773591160774231
test_10450,0.9616678953170776
test_10451,0.9980136156082153
test_10452,0.9524130821228027
test_10453,0.9732932448387146
test_10454,0.3793855905532837
test_10455,1.9714074369403534e-05
test_10456,0.0053349146619439125
test_10457,0.9996349811553955
test_10458,0.23569323122501373
test_10459,0.012537870556116104
test_10460,0.2289242297410965
test_10461,0.9826841950416565
test_10462,0.08071819692850113
test_10463,0.022704986855387688
test_10464,0.8673045635223389
test_10465,2.9838940918125445e-07
test_10466,0.9999953508377075
test_10467,0.518093466758728
test_10468,0.9999545812606812
test_10469,0.07278886437416077
test_10470,0.9999924898147583
test_10471,0.7972802519798279
test_10472,0.9998288154602051
test_10473,0.9944275617599487
test_10474,0.9998836517333984
test_10475,0.4979183077812195
test_10476,0.009323871694505215
test_10477,0.98051917552948
test_10478,1.3691319509234745e-06
test_10479,0.9999995231628418
test_10480,0.9999997615814209
test_10481,0.1345672458410263
test_10482,0.7912365198135376
test_10483,0.928087592124939
test_10484,0.32235515117645264
test_10485,0.12421633303165436
test_10486,1.0716455562942429e-06
test_10487,0.41394197940826416
test_10488,0.020800163969397545
test_10489,0.47953328490257263
test_10490,0.9888473749160767
test_10491,9.56667099671904e-06
test_10492,0.0006138274911791086
test_10493,0.9999998807907104
test_10494,0.00018816969532053918
test_10495,0.9999996423721313
test_10496,0.4245680272579193
test_10497,0.003686910029500723
test_10498,0.044218823313713074
test_10499,0.880662202835083
test_10500,0.9999997615814209
test_10501,0.005023709032684565
test_10502,0.6608420014381409
test_10503,0.874897837638855
test_10504,0.025013446807861328
test_10505,0.997433602809906
test_10506,0.9909760355949402
test_10507,0.005996201653033495
test_10508,0.8433625102043152
test_10509,0.998091995716095
test_10510,0.8769389986991882
test_10511,1.0010832163231953e-09
test_10512,7.395044576696819e-07
test_10513,0.9999083280563354
test_10514,0.9999068975448608
test_10515,0.09651248157024384
test_10516,0.995926022529602
test_10517,0.973293125629425
test_10518,0.16516146063804626
test_10519,3.346528743009003e-08
test_10520,0.9978175163269043
test_10521,0.9999727010726929
test_10522,0.4747350811958313
test_10523,0.9999351501464844
test_10524,0.9464951753616333
test_10525,0.5892306566238403
test_10526,0.9995254278182983
test_10527,0.9891926646232605
test_10528,0.9999997615814209
test_10529,0.9999823570251465
test_10530,0.0405244305729866
test_10531,0.8351494669914246
test_10532,0.0010464430088177323
test_10533,0.7652906775474548
test_10534,0.1790408492088318
test_10535,9.717988723423332e-05
test_10536,0.9960910677909851
test_10537,0.9986361861228943
test_10538,0.2850281000137329
test_10539,0.9999755620956421
test_10540,0.006153406575322151
test_10541,6.877286523376824e-06
test_10542,0.7441609501838684
test_10543,0.9893285632133484
test_10544,0.0004692841612268239
test_10545,0.0009517436265014112
test_10546,0.6212826371192932
test_10547,0.6528890132904053
test_10548,0.0004038583138026297
test_10549,0.8090947866439819
test_10550,0.6065810322761536
test_10551,5.405297633842565e-05
test_10552,0.9975036978721619
test_10553,0.01015565637499094
test_10554,0.9998053908348083
test_10555,0.8141731023788452
test_10556,0.09725259989500046
test_10557,0.8496328592300415
test_10558,6.952184776309878e-06
test_10559,0.9432173371315002
test_10560,1.0
test_10561,0.4221057891845703
test_10562,0.9983707070350647
test_10563,0.9998100399971008
test_10564,0.9976997971534729
test_10565,0.9873441457748413
test_10566,0.8380808234214783
test_10567,0.4609823226928711
test_10568,0.48528435826301575
test_10569,0.9107224345207214
test_10570,0.9021484851837158
test_10571,0.9992664456367493
test_10572,0.9999998807907104
test_10573,0.9898577332496643
test_10574,0.6533461809158325
test_10575,0.9635655283927917
test_10576,0.5883364081382751
test_10577,0.996697187423706
test_10578,8.79691924637882e-07
test_10579,0.5383509397506714
test_10580,0.15804515779018402
test_10581,0.0021462596487253904
test_10582,0.9999927282333374
test_10583,0.008020449429750443
test_10584,0.8035764098167419
test_10585,4.800650987846211e-09
test_10586,0.07733117789030075
test_10587,0.5647966861724854
test_10588,0.12522900104522705
test_10589,0.002495549852028489
test_10590,0.020264387130737305
test_10591,1.510908842483616e-09
test_10592,0.01808430440723896
test_10593,0.9999992847442627
test_10594,0.9704108834266663
test_10595,0.048183560371398926
test_10596,0.08061501383781433
test_10597,2.2419519609684357e-06
test_10598,0.9971653819084167
test_10599,0.9906917214393616
test_10600,5.191241598367924e-06
test_10601,4.299405631513764e-08
test_10602,0.08411262184381485
test_10603,0.6436307430267334
test_10604,0.9999747276306152
test_10605,0.9999980926513672
test_10606,0.9999895095825195
test_10607,0.6560302972793579
test_10608,0.01655801385641098
test_10609,0.9999597072601318
test_10610,0.254808247089386
test_10611,0.6545205116271973
test_10612,0.0009456078405492008
test_10613,1.358412191621028e-07
test_10614,0.0005989262135699391
test_10615,0.8347175121307373
test_10616,0.6471517086029053
test_10617,0.872027575969696
test_10618,0.9987934827804565
test_10619,0.9991158843040466
test_10620,0.9999207258224487
test_10621,0.8381376266479492
test_10622,0.9728108048439026
test_10623,0.44932785630226135
test_10624,0.8123849034309387
test_10625,0.22807233035564423
test_10626,7.882164027250838e-06
test_10627,0.632546603679657
test_10628,0.9999393224716187
test_10629,0.8287410140037537
test_10630,0.9999997615814209
test_10631,0.16617494821548462
test_10632,0.5961310863494873
test_10633,0.9024707078933716
test_10634,0.9999488592147827
test_10635,0.2412824183702469
test_10636,0.721041738986969
test_10637,0.9999865293502808
test_10638,1.8103986088036095e-09
test_10639,0.9998276233673096
test_10640,2.464983595018566e-08
test_10641,0.9999994039535522
test_10642,0.868070662021637
test_10643,0.589329719543457
test_10644,0.3346315920352936
test_10645,0.3009032905101776
test_10646,0.421260267496109
test_10647,0.5563400983810425
test_10648,0.9791849851608276
test_10649,0.9997283816337585
test_10650,0.8200945854187012
test_10651,0.501366376876831
test_10652,0.0646887794137001
test_10653,0.9999241828918457
test_10654,0.18222291767597198
test_10655,0.14615397155284882
test_10656,0.9994020462036133
test_10657,0.0005387733108364046
test_10658,0.6353051066398621
test_10659,0.4782642722129822
test_10660,0.9995156526565552
test_10661,0.9755297899246216
test_10662,3.5501022921380354e-06
test_10663,0.22885018587112427
test_10664,0.9999991655349731
test_10665,0.9998652935028076
test_10666,0.9242721199989319
test_10667,0.779950737953186
test_10668,0.691785991191864
test_10669,0.4536353051662445
test_10670,0.0004583469999488443
test_10671,0.29026609659194946
test_10672,0.0002747494727373123
test_10673,0.1254177689552307
test_10674,0.19149944186210632
test_10675,0.4923463463783264
test_10676,0.9999997615814209
test_10677,0.9999998807907104
test_10678,0.9375842213630676
test_10679,0.9985820055007935
test_10680,0.0007367032812908292
test_10681,0.9984970092773438
test_10682,0.3425385057926178
test_10683,0.7374915480613708
test_10684,0.1829746812582016
test_10685,0.049392975866794586
test_10686,0.9934309124946594
test_10687,0.0005164762842468917
test_10688,0.21374785900115967
test_10689,0.5043745040893555
test_10690,0.7567174434661865
test_10691,0.37871941924095154
test_10692,0.22655528783798218
test_10693,5.829718247696292e-06
test_10694,0.9848143458366394
test_10695,0.99974125623703
test_10696,0.31807389855384827
test_10697,0.00027900547138415277
test_10698,0.4674834907054901
test_10699,0.9992813467979431
test_10700,3.3754477044567466e-05
test_10701,0.9085655808448792
test_10702,7.697943510720506e-05
test_10703,0.014466964639723301
test_10704,0.8272147178649902
test_10705,0.9999256134033203
test_10706,0.019127946346998215
test_10707,0.9999991655349731
test_10708,0.9858093857765198
test_10709,0.9429468512535095
test_10710,0.9795635342597961
test_10711,0.9999570846557617
test_10712,1.0
test_10713,0.0012905789772048593
test_10714,0.8166835904121399
test_10715,0.6044954061508179
test_10716,0.8480374813079834
test_10717,0.37554651498794556
test_10718,0.3451404869556427
test_10719,0.7523137331008911
test_10720,0.9717488288879395
test_10721,5.235686694504693e-05
test_10722,0.9992015957832336
test_10723,0.002160577801987529
test_10724,5.005398179491749e-06
test_10725,3.6331567798697506e-07
test_10726,0.732564389705658
test_10727,8.35061442217011e-08
test_10728,0.03906029090285301
test_10729,0.00010638431558618322
test_10730,0.4989786744117737
test_10731,9.009372661239468e-06
test_10732,0.22858692705631256
test_10733,0.10068541765213013
test_10734,4.100998194189742e-05
test_10735,0.8605464696884155
test_10736,0.0002450281463097781
test_10737,1.1646272923826473e-07
test_10738,0.9996122717857361
test_10739,0.9704749584197998
test_10740,0.9986814856529236
test_10741,0.9051085114479065
test_10742,0.33380329608917236
test_10743,0.9752022624015808
test_10744,0.00044079028884880245
test_10745,0.5510589480400085
test_10746,0.03919283300638199
test_10747,0.9858652353286743
test_10748,0.998164713382721
test_10749,0.9999821186065674
test_10750,0.5982280969619751
test_10751,0.16917744278907776
test_10752,0.9997437596321106
test_10753,0.6855496168136597
test_10754,0.8566118478775024
test_10755,1.9587790234254499e-07
test_10756,0.8202263116836548
test_10757,0.007844832725822926
test_10758,0.0006687982240691781
test_10759,0.8103885054588318
test_10760,0.0023682815954089165
test_10761,0.06269510090351105
test_10762,0.9999946355819702
test_10763,0.9899606704711914
test_10764,0.9981600642204285
test_10765,0.5250250697135925
test_10766,0.9983114004135132
test_10767,0.49780336022377014
test_10768,0.40780937671661377
test_10769,0.00753911305218935
test_10770,0.017908209934830666
test_10771,0.9933510422706604
test_10772,4.678724963014247e-08
test_10773,0.9631710052490234
test_10774,0.8341878652572632
test_10775,0.045762985944747925
test_10776,0.010740774683654308
test_10777,0.00015225977404043078
test_10778,0.9994271993637085
test_10779,0.7310220003128052
test_10780,0.6169857382774353
test_10781,1.0
test_10782,0.04005102440714836
test_10783,0.0001214138901559636
test_10784,1.1365883437974844e-05
test_10785,0.9925388693809509
test_10786,0.9998621940612793
test_10787,0.9999974966049194
test_10788,0.18416357040405273
test_10789,0.0006588107789866626
test_10790,0.12390018999576569
test_10791,0.0002435463829897344
test_10792,0.999736487865448
test_10793,0.9478511810302734
test_10794,0.9446021914482117
test_10795,0.6166425347328186
test_10796,0.4594220817089081
test_10797,0.6906551718711853
test_10798,0.9929855465888977
test_10799,0.5346658229827881
test_10800,0.9999822378158569
test_10801,0.003796981880441308
test_10802,0.0011383899254724383
test_10803,0.8463758826255798
test_10804,0.9310379028320312
test_10805,6.417428085114807e-05
test_10806,0.9995802044868469
test_10807,0.9998276233673096
test_10808,0.9999992847442627
test_10809,0.9999974966049194
test_10810,0.9865325689315796
test_10811,0.8781359791755676
test_10812,0.8918885588645935
test_10813,0.27333736419677734
test_10814,0.1617215871810913
test_10815,0.9939422011375427
test_10816,0.5362815856933594
test_10817,0.9988076686859131
test_10818,0.9982883334159851
test_10819,0.9999790191650391
test_10820,0.47456133365631104
test_10821,0.2968967854976654
test_10822,0.6300910711288452
test_10823,0.7571283578872681
test_10824,1.0544298073567049e-10
test_10825,0.041915908455848694
test_10826,0.8768177032470703
test_10827,0.8453624844551086
test_10828,0.9941044449806213
test_10829,0.000893742311745882
test_10830,0.9960830211639404
test_10831,0.554367184638977
test_10832,0.615553081035614
test_10833,0.9984683394432068
test_10834,0.9998886585235596
test_10835,0.019182797521352768
test_10836,1.8022663425654173e-05
test_10837,0.14991694688796997
test_10838,0.5386310815811157
test_10839,0.0002753935696091503
test_10840,0.9999901056289673
test_10841,0.5191501379013062
test_10842,0.859032928943634
test_10843,6.553455023095012e-06
test_10844,0.026371508836746216
test_10845,0.00363368121907115
test_10846,0.9999954700469971
test_10847,0.024250242859125137
test_10848,1.1901470315933693e-05
test_10849,2.0471947692612957e-08
test_10850,0.005598330870270729
test_10851,0.15053878724575043
test_10852,0.0021088337525725365
test_10853,0.1414550393819809
test_10854,0.9312828183174133
test_10855,1.5933064787532203e-05
test_10856,0.001659067114815116
test_10857,0.9987972974777222
test_10858,0.001395325642079115
test_10859,0.1257009208202362
test_10860,0.00016814598347991705
test_10861,0.14735160768032074
test_10862,0.923513650894165
test_10863,0.9993828535079956
test_10864,0.000682131270878017
test_10865,0.9989790916442871
test_10866,0.9999995231628418
test_10867,0.9982737302780151
test_10868,8.047257324506063e-06
test_10869,0.00346866762265563
test_10870,0.26950883865356445
test_10871,0.0001826033985707909
test_10872,0.997398853302002
test_10873,0.9999814033508301
test_10874,0.017537452280521393
test_10875,0.5747624635696411
test_10876,0.022216973826289177
test_10877,0.999901294708252
test_10878,0.522089421749115
test_10879,0.0019756106194108725
test_10880,0.3054736256599426
test_10881,1.2596922715601977e-05
test_10882,0.32267406582832336
test_10883,0.5378588438034058
test_10884,0.9999980926513672
test_10885,0.027935132384300232
test_10886,0.8835955858230591
test_10887,0.9999719858169556
test_10888,1.0
test_10889,0.8725818991661072
test_10890,0.0008792965672910213
test_10891,0.04113532602787018
test_10892,0.9999992847442627
test_10893,0.001480832346715033
test_10894,0.487256795167923
test_10895,0.9814015030860901
test_10896,0.038712117820978165
test_10897,0.00014753414143342525
test_10898,0.902290940284729
test_10899,0.6369158625602722
test_10900,0.4476674795150757
test_10901,0.9999557733535767
test_10902,0.27037981152534485
test_10903,0.9998003840446472
test_10904,0.45312848687171936
test_10905,0.999868631362915
test_10906,0.9999666213989258
test_10907,0.016651371493935585
test_10908,0.0835471898317337
test_10909,0.9999611377716064
test_10910,7.703060873609502e-07
test_10911,0.7911210656166077
test_10912,0.9999998807907104
test_10913,1.5158129196279901e-09
test_10914,0.9899689555168152
test_10915,0.19655895233154297
test_10916,0.006672245915979147
test_10917,0.9192183017730713
test_10918,0.1260053962469101
test_10919,0.36390408873558044
test_10920,0.9825984239578247
test_10921,0.9976315498352051
test_10922,0.9987747073173523
test_10923,0.9811611771583557
test_10924,0.9999781847000122
test_10925,0.8829938173294067
test_10926,1.9902563508367166e-05
test_10927,0.43600496649742126
test_10928,1.6859375762123818e-07
test_10929,3.4601015386215295e-09
test_10930,0.9990552067756653
test_10931,0.002637836616486311
test_10932,0.9790892004966736
test_10933,0.9840396046638489
test_10934,0.2574785053730011
test_10935,0.00032280865707434714
test_10936,0.999944806098938
test_10937,0.9950138926506042
test_10938,5.198273456130664e-08
test_10939,0.9989033937454224
test_10940,1.5121959506814164e-07
test_10941,0.000848231022246182
test_10942,0.007369522470980883
test_10943,0.027384329587221146
test_10944,0.8309094905853271
test_10945,0.8746866583824158
test_10946,0.005859652534127235
test_10947,0.5397382974624634
test_10948,0.0005451400065794587
test_10949,0.2941792905330658
test_10950,0.00032699923031032085
test_10951,0.9999483823776245
test_10952,0.026313256472349167
test_10953,0.8632189631462097
test_10954,0.9992194175720215
test_10955,0.9999613761901855
test_10956,0.9935721158981323
test_10957,0.8774210810661316
test_10958,3.3300049835816026e-05
test_10959,0.1300518810749054
test_10960,0.9969922304153442
test_10961,0.5884658098220825
test_10962,0.4170089066028595
test_10963,0.0026769470423460007
test_10964,0.03846968337893486
test_10965,0.0001005155936582014
test_10966,0.0010777016868814826
test_10967,0.510627269744873
test_10968,0.005310960579663515
test_10969,0.580500066280365
test_10970,0.12952227890491486
test_10971,0.9963037967681885
test_10972,0.32233721017837524
test_10973,0.0006627921247854829
test_10974,0.001863627228885889
test_10975,0.7719274163246155
test_10976,0.9724805951118469
test_10977,0.16269686818122864
test_10978,0.9998024106025696
test_10979,0.3544119894504547
test_10980,0.7698923945426941
test_10981,0.9755910634994507
test_10982,0.9999836683273315
test_10983,0.06176241114735603
test_10984,0.9979038238525391
test_10985,0.9993209838867188
test_10986,5.493379831023049e-06
test_10987,0.9999366998672485
test_10988,9.007735934574157e-05
test_10989,2.0620984287234023e-05
test_10990,0.0025255002547055483
test_10991,0.0049086930230259895
test_10992,0.9999984502792358
test_10993,1.0
test_10994,0.022565824910998344
test_10995,0.6815369725227356
test_10996,0.9997819066047668
test_10997,0.9992714524269104
test_10998,4.14370879298076e-06
test_10999,0.02404976263642311
test_11000,0.01583220437169075
test_11001,0.9946580529212952
test_11002,0.0033907273318618536
test_11003,4.632779848634527e-08
test_11004,0.0004809402162209153
test_11005,0.6091289520263672
test_11006,0.014303808100521564
test_11007,0.0020990436896681786
test_11008,0.5250558853149414
test_11009,1.3770536497759167e-05
test_11010,0.9999451637268066
test_11011,0.9676598310470581
test_11012,0.019963249564170837
test_11013,0.36451297998428345
test_11014,0.7355828881263733
test_11015,0.45722946524620056
test_11016,0.08740964531898499
test_11017,0.007859327830374241
test_11018,0.9999396800994873
test_11019,9.160391346085817e-05
test_11020,0.415228933095932
test_11021,0.9999995231628418
test_11022,0.7078842520713806
test_11023,0.22345830500125885
test_11024,1.0
test_11025,0.7157996296882629
test_11026,1.0
test_11027,0.9999991655349731
test_11028,0.601585328578949
test_11029,0.8879908323287964
test_11030,0.9999672174453735
test_11031,0.00034731882624328136
test_11032,9.66609368333593e-05
test_11033,0.5061394572257996
test_11034,0.00017352461873088032
test_11035,0.9999990463256836
test_11036,0.9999678134918213
test_11037,3.705622293637134e-05
test_11038,0.9999951124191284
test_11039,0.8743225336074829
test_11040,0.9999563694000244
test_11041,0.42576777935028076
test_11042,6.676711927866563e-05
test_11043,0.9837611317634583
test_11044,0.7686066031455994
test_11045,0.9999979734420776
test_11046,0.3890071511268616
test_11047,0.999846339225769
test_11048,0.9958121180534363
test_11049,0.6233972907066345
test_11050,0.22393923997879028
test_11051,0.9973580241203308
test_11052,0.987203061580658
test_11053,0.9995943903923035
test_11054,0.9214964509010315
test_11055,9.873814997263253e-05
test_11056,0.8821254372596741
test_11057,0.00022016318689566106
test_11058,0.8467692732810974
test_11059,0.5158869028091431
test_11060,0.9891548752784729
test_11061,2.4628963728901e-05
test_11062,0.9999997615814209
test_11063,0.007838018238544464
test_11064,0.9914568066596985
test_11065,0.9999974966049194
test_11066,1.0
test_11067,1.1236052159802057e-06
test_11068,0.0007748850039206445
test_11069,0.9999914169311523
test_11070,0.6240984201431274
test_11071,0.9664697051048279
test_11072,1.8942884594252973e-08
test_11073,1.4502580247821584e-09
test_11074,1.3289221278967034e-08
test_11075,0.6897903084754944
test_11076,0.9151780605316162
test_11077,0.4167395532131195
test_11078,0.014667720533907413
test_11079,0.9169079065322876
test_11080,0.569758415222168
test_11081,0.010059801861643791
test_11082,0.5219902396202087
test_11083,1.5957007235556375e-06
test_11084,0.8343191146850586
test_11085,0.38594549894332886
test_11086,0.018301332369446754
test_11087,0.9796959161758423
test_11088,1.5130631254578475e-06
test_11089,0.9916850328445435
test_11090,0.718673050403595
test_11091,0.9995118379592896
test_11092,0.07351553440093994
test_11093,0.9962552785873413
test_11094,0.9973737001419067
test_11095,0.7753236293792725
test_11096,0.5118630528450012
test_11097,0.8514460325241089
test_11098,1.3106968253850937e-05
test_11099,0.9999998807907104
test_11100,0.9999818801879883
test_11101,8.59934061736567e-06
test_11102,0.8177148699760437
test_11103,0.992621898651123
test_11104,0.06825903803110123
test_11105,0.05698409676551819
test_11106,0.7802606225013733
test_11107,0.3475811779499054
test_11108,0.9997764229774475
test_11109,0.4755493104457855
test_11110,0.5501448512077332
test_11111,0.34191688895225525
test_11112,0.8480523228645325
test_11113,0.2060849666595459
test_11114,0.9991039633750916
test_11115,0.9112266898155212
test_11116,0.9698249697685242
test_11117,0.6335397362709045
test_11118,0.9993738532066345
test_11119,0.9956563711166382
test_11120,0.0020663361065089703
test_11121,0.991154670715332
test_11122,0.6960771679878235
test_11123,0.9451848268508911
test_11124,0.994403600692749
test_11125,0.9996963739395142
test_11126,0.9999998807907104
test_11127,0.9663001298904419
test_11128,0.0013215692015364766
test_11129,0.006502621341496706
test_11130,0.9999915361404419
test_11131,0.013964624144136906
test_11132,0.9987785220146179
test_11133,0.17292723059654236
test_11134,0.3840895891189575
test_11135,0.9122948050498962
test_11136,0.9868567585945129
test_11137,0.026179008185863495
test_11138,0.995105504989624
test_11139,0.09473902732133865
test_11140,0.1450939029455185
test_11141,0.8796834945678711
test_11142,0.008675000630319118
test_11143,0.7450695633888245
test_11144,0.9954667091369629
test_11145,0.19484233856201172
test_11146,3.935904715035576e-06
test_11147,0.9939178228378296
test_11148,0.037951234728097916
test_11149,0.2722773551940918
test_11150,0.9931079149246216
test_11151,0.2392028272151947
test_11152,0.9984740614891052
test_11153,0.9998012185096741
test_11154,0.9998645782470703
test_11155,3.899520743289031e-05
test_11156,0.008127144537866116
test_11157,0.9983522891998291
test_11158,0.00014961682609282434
test_11159,3.5458647129615883e-10
test_11160,0.015453268773853779
test_11161,0.3560827672481537
test_11162,0.0019784283358603716
test_11163,0.6626183390617371
test_11164,0.008764974772930145
test_11165,0.5497215390205383
test_11166,0.3785759210586548
test_11167,0.012357324361801147
test_11168,0.5909066796302795
test_11169,0.9997898936271667
test_11170,0.6784942150115967
test_11171,0.0004945398541167378
test_11172,0.9969454407691956
test_11173,0.9984228610992432
test_11174,6.608798230445245e-06
test_11175,0.00012041495938319713
test_11176,0.9361727833747864
test_11177,3.470506999292411e-05
test_11178,0.24835598468780518
test_11179,1.2930321418025414e-06
test_11180,0.4981052875518799
test_11181,0.9996341466903687
test_11182,0.05226912349462509
test_11183,0.37447792291641235
test_11184,0.9995346069335938
test_11185,0.9981129169464111
test_11186,0.42019861936569214
test_11187,1.4492251466435846e-05
test_11188,1.0
test_11189,5.585455437540077e-05
test_11190,0.0022746853064745665
test_11191,0.9998192191123962
test_11192,0.0025080516934394836
test_11193,0.006412532180547714
test_11194,0.003824216779321432
test_11195,0.8611608147621155
test_11196,0.00844102818518877
test_11197,0.9999986886978149
test_11198,0.9936874508857727
test_11199,0.0015723244287073612
test_11200,3.224076579044777e-07
test_11201,0.015890643000602722
test_11202,0.883334219455719
test_11203,0.9959885478019714
test_11204,0.31929269433021545
test_11205,0.01133299246430397
test_11206,0.3009289801120758
test_11207,5.841898964575876e-09
test_11208,0.9982277750968933
test_11209,0.0001578473747940734
test_11210,0.8776648044586182
test_11211,0.012886546552181244
test_11212,0.9527546167373657
test_11213,7.866687212754186e-08
test_11214,0.00010162548278458416
test_11215,0.22787712514400482
test_11216,0.00753340357914567
test_11217,0.9867342710494995
test_11218,0.9977229237556458
test_11219,0.7399764060974121
test_11220,0.997312068939209
test_11221,0.42873436212539673
test_11222,0.3572829067707062
test_11223,0.001406569266691804
test_11224,0.6009901762008667
test_11225,2.321064158650188e-07
test_11226,0.7314001321792603
test_11227,0.9976605176925659
test_11228,0.4412415325641632
test_11229,0.9314374923706055
test_11230,0.5423043966293335
test_11231,0.7314413189888
test_11232,0.0008343855733983219
test_11233,0.49844518303871155
test_11234,0.9694580435752869
test_11235,0.15629413723945618
test_11236,0.309920072555542
test_11237,0.000240516965277493
test_11238,0.20273448526859283
test_11239,0.987148106098175
test_11240,0.9999958276748657
test_11241,0.9411432147026062
test_11242,0.0408790186047554
test_11243,0.9970486760139465
test_11244,0.008717093616724014
test_11245,0.5802314877510071
test_11246,0.9999990463256836
test_11247,8.98966463864781e-05
test_11248,0.9988908171653748
test_11249,1.911628942252719e-06
test_11250,0.9989007711410522
test_11251,0.9999954700469971
test_11252,0.0012862442526966333
test_11253,0.010350767523050308
test_11254,0.49481192231178284
test_11255,0.41966789960861206
test_11256,0.4828728437423706
test_11257,1.0
test_11258,0.5192291140556335
test_11259,0.00016965954273473471
test_11260,7.941349244866558e-10
test_11261,0.00027613365091383457
test_11262,0.9998308420181274
test_11263,0.3839515149593353
test_11264,0.9788000583648682
test_11265,0.8007484078407288
test_11266,0.004248187877237797
test_11267,0.8461313247680664
test_11268,0.8103458881378174
test_11269,0.949752688407898
test_11270,0.9998736381530762
test_11271,0.41835638880729675
test_11272,0.0001587214064784348
test_11273,0.7480167746543884
test_11274,0.9996867179870605
test_11275,0.3967474102973938
test_11276,5.898802191950381e-05
test_11277,0.9972604513168335
test_11278,0.6292219161987305
test_11279,0.467591792345047
test_11280,0.9745916724205017
test_11281,0.8090435266494751
test_11282,0.014637420885264874
test_11283,0.007324126549065113
test_11284,0.07879491150379181
test_11285,1.972387408955001e-08
test_11286,0.0016274327645078301
test_11287,0.8042803406715393
test_11288,0.8811320662498474
test_11289,2.932084862550255e-05
test_11290,0.5207692384719849
test_11291,0.9976915121078491
test_11292,0.9999984502792358
test_11293,3.651182822750343e-08
test_11294,0.9701768755912781
test_11295,0.52460116147995
test_11296,1.1473097316638814e-07
test_11297,0.9999997615814209
test_11298,2.015656718867831e-05
test_11299,0.8494700789451599
test_11300,1.0
test_11301,0.9996551275253296
test_11302,0.016687169671058655
test_11303,0.858233630657196
test_11304,0.9834342002868652
test_11305,0.00194275239482522
test_11306,0.6097257733345032
test_11307,0.9968318343162537
test_11308,0.9999496936798096
test_11309,0.009973904117941856
test_11310,0.013690624386072159
test_11311,0.0001481086655985564
test_11312,0.5264118909835815
test_11313,0.29643312096595764
test_11314,0.0006405965541489422
test_11315,0.009161295369267464
test_11316,0.47934868931770325
test_11317,0.5033429265022278
test_11318,0.7581932544708252
test_11319,0.038665883243083954
test_11320,0.5140714049339294
test_11321,0.056064654141664505
test_11322,2.5689855647215154e-06
test_11323,0.0003144934307783842
test_11324,0.40961551666259766
test_11325,0.9962731599807739
test_11326,2.2265230654738843e-06
test_11327,0.1609819531440735
test_11328,0.9955220222473145
test_11329,0.013780775479972363
test_11330,0.0071858977898955345
test_11331,0.0005097032990306616
test_11332,0.9996447563171387
test_11333,0.9339391589164734
test_11334,0.018466396257281303
test_11335,0.8283905982971191
test_11336,0.9757428765296936
test_11337,0.9925092458724976
test_11338,0.6011375188827515
test_11339,0.27510952949523926
test_11340,0.007545066066086292
test_11341,0.7051897048950195
test_11342,0.6458449959754944
test_11343,0.9926090836524963
test_11344,1.8588991224532947e-05
test_11345,0.00865381769835949
test_11346,0.3062320947647095
test_11347,0.4237864911556244
test_11348,0.5166578888893127
test_11349,5.8317844377597794e-05
test_11350,0.17291799187660217
test_11351,6.0563033912330866e-05
test_11352,0.00458663422614336
test_11353,0.9946432113647461
test_11354,0.5463749766349792
test_11355,0.5476637482643127
test_11356,0.22747716307640076
test_11357,6.322953254311869e-07
test_11358,0.26169002056121826
test_11359,0.22214064002037048
test_11360,0.20146094262599945
test_11361,0.0002852387842722237
test_11362,0.4542669951915741
test_11363,0.29810261726379395
test_11364,0.5355125665664673
test_11365,0.0007153292535804212
test_11366,0.6246942281723022
test_11367,7.425747298839269e-06
test_11368,0.0026247119531035423
test_11369,0.8217723965644836
test_11370,0.9914906620979309
test_11371,0.00023931669420562685
test_11372,0.31373921036720276
test_11373,1.7977956190406985e-07
test_11374,0.6696836948394775
test_11375,0.025585191324353218
test_11376,3.0165858333930373e-05
test_11377,0.9994995594024658
test_11378,0.24825036525726318
test_11379,3.6399228520167526e-07
test_11380,0.4274752140045166
test_11381,0.6405411958694458
test_11382,0.7537482976913452
test_11383,0.8887872695922852
test_11384,0.0013902448117733002
test_11385,0.9996681213378906
test_11386,0.9999998807907104
test_11387,0.9999998807907104
test_11388,0.020730840042233467
test_11389,0.46266698837280273
test_11390,0.6181809306144714
test_11391,0.4682779610157013
test_11392,0.9982840418815613
test_11393,0.6576038002967834
test_11394,0.7172676920890808
test_11395,0.9235872626304626
test_11396,0.2750229835510254
test_11397,3.672633681617299e-07
test_11398,0.8915913701057434
test_11399,0.12272138893604279
test_11400,0.4406401813030243
test_11401,0.9999837875366211
test_11402,0.995846688747406
test_11403,0.960863471031189
test_11404,0.9999785423278809
test_11405,0.1313159167766571
test_11406,3.227086608603713e-06
test_11407,1.2030520792905008e-06
test_11408,0.1663360744714737
test_11409,0.377934068441391
test_11410,0.0015555922873318195
test_11411,0.0013207084266468883
test_11412,0.9696316123008728
test_11413,8.480246469844133e-05
test_11414,0.4692249894142151
test_11415,0.9999998807907104
test_11416,7.70467086113058e-05
test_11417,0.9667942523956299
test_11418,0.6182491183280945
test_11419,0.9999830722808838
test_11420,0.0011932640336453915
test_11421,0.021991640329360962
test_11422,0.46404457092285156
test_11423,7.312495290534571e-05
test_11424,0.9999591112136841
test_11425,0.00016602262621745467
test_11426,0.00013535057951230556
test_11427,0.9996938705444336
test_11428,0.0031647859141230583
test_11429,0.9732036590576172
test_11430,0.004336030688136816
test_11431,0.9999990463256836
test_11432,0.7674193978309631
test_11433,0.00010383925109636039
test_11434,0.9997733235359192
test_11435,0.9987830519676208
test_11436,0.9611989259719849
test_11437,0.9807506203651428
test_11438,0.14718309044837952
test_11439,0.011705337092280388
test_11440,0.01761781983077526
test_11441,0.0084272101521492
test_11442,0.0013764880131930113
test_11443,0.6878716349601746
test_11444,0.01663786917924881
test_11445,0.35730764269828796
test_11446,1.467355872364351e-07
test_11447,0.9357365965843201
test_11448,0.46412163972854614
test_11449,0.976504385471344
test_11450,0.9999954700469971
test_11451,0.7527916431427002
test_11452,0.6873223781585693
test_11453,0.09062612801790237
test_11454,1.5843129403947387e-06
test_11455,0.006397359073162079
test_11456,0.0040590520948171616
test_11457,0.99931800365448
test_11458,0.03330312669277191
test_11459,0.0007910662679933012
test_11460,0.995261549949646
test_11461,0.9892934560775757
test_11462,0.9970874190330505
test_11463,0.07946496456861496
test_11464,0.5155689120292664
test_11465,0.8731392025947571
test_11466,0.9999135732650757
test_11467,0.0013098601484671235
test_11468,0.9857245683670044
test_11469,0.27694591879844666
test_11470,0.00259957043454051
test_11471,0.8479688167572021
test_11472,0.46313050389289856
test_11473,0.6587679386138916
test_11474,0.9619958996772766
test_11475,0.34373754262924194
test_11476,0.0062760584987699986
test_11477,0.9484544396400452
test_11478,0.03193262219429016
test_11479,0.02080964483320713
test_11480,0.9994158744812012
test_11481,0.6550858616828918
test_11482,0.49524253606796265
test_11483,0.9933340549468994
test_11484,0.014891127124428749
test_11485,0.9976065158843994
test_11486,0.8979018926620483
test_11487,0.4548085927963257
test_11488,3.855580507661216e-05
test_11489,0.9998942613601685
test_11490,0.9866064190864563
test_11491,0.028050871565937996
test_11492,0.49000537395477295
test_11493,0.9979006052017212
test_11494,0.6418781280517578
test_11495,4.615964644472115e-05
test_11496,0.9960534572601318
test_11497,1.0
test_11498,0.031815990805625916
test_11499,0.9984865188598633
test_11500,0.13492877781391144
test_11501,0.5659121870994568
test_11502,0.03808329999446869
test_11503,0.39260995388031006
test_11504,0.9993982315063477
test_11505,0.9968193769454956
test_11506,0.006022816523909569
test_11507,0.05256076902151108
test_11508,0.00047414639266207814
test_11509,0.004434036556631327
test_11510,0.08731357008218765
test_11511,0.002069989452138543
test_11512,1.0622007806659894e-07
test_11513,0.002286657691001892
test_11514,0.4259224832057953
test_11515,2.108466333083925e-06
test_11516,0.16914314031600952
test_11517,0.24485734105110168
test_11518,0.0011727303499355912
test_11519,0.15800905227661133
test_11520,0.5436134934425354
test_11521,2.2455880753113888e-05
test_11522,0.0013753270031884313
test_11523,0.3452693819999695
test_11524,0.8931146860122681
test_11525,0.9971004128456116
test_11526,0.5363989472389221
test_11527,0.13145293295383453
test_11528,0.01408817246556282
test_11529,0.9836190342903137
test_11530,0.997208297252655
test_11531,0.9990010857582092
test_11532,0.5090448260307312
test_11533,0.4948734641075134
test_11534,0.9999991655349731
test_11535,0.3614349067211151
test_11536,1.0
test_11537,0.9999099969863892
test_11538,0.034866247326135635
test_11539,0.9999819993972778
test_11540,0.9053221344947815
test_11541,0.4095829725265503
test_11542,5.7861665681002705e-08
test_11543,0.999860405921936
test_11544,0.0018618680769577622
test_11545,0.7171481251716614
test_11546,0.8537666201591492
test_11547,0.9894512295722961
test_11548,0.4435898959636688
test_11549,0.0036291542928665876
test_11550,0.6163748502731323
test_11551,0.42180320620536804
test_11552,0.979599118232727
test_11553,0.9677608609199524
test_11554,0.43780648708343506
test_11555,0.4877776503562927
test_11556,0.4532528519630432
test_11557,0.9991670846939087
test_11558,0.9999784231185913
test_11559,6.974302232265472e-05
test_11560,0.08703218400478363
test_11561,1.5119152521947399e-05
test_11562,0.9999098777770996
test_11563,0.9998842477798462
test_11564,0.6007323861122131
test_11565,0.8824182152748108
test_11566,5.367201794115317e-09
test_11567,0.9858852624893188
test_11568,7.411467208839895e-07
test_11569,0.4410719573497772
test_11570,0.004850148223340511
test_11571,0.15857364237308502
test_11572,0.0019303270382806659
test_11573,0.029382171109318733
test_11574,0.6713457703590393
test_11575,0.9995284080505371
test_11576,0.9937180280685425
test_11577,0.969032347202301
test_11578,0.23820136487483978
test_11579,0.9603112936019897
test_11580,0.906093180179596
test_11581,0.5298336148262024
test_11582,0.7016077041625977
test_11583,0.1171874925494194
test_11584,0.9975797533988953
test_11585,0.0003936168213840574
test_11586,0.9998849630355835
test_11587,0.9998291730880737
test_11588,0.09465641528367996
test_11589,0.40085074305534363
test_11590,0.9999616146087646
test_11591,0.9914810657501221
test_11592,0.9017173647880554
test_11593,0.17644408345222473
test_11594,0.4174780547618866
test_11595,2.4500346196276723e-09
test_11596,0.9311828017234802
test_11597,0.7460045218467712
test_11598,0.5817341804504395
test_11599,2.3415100258716848e-06
test_11600,0.003312190994620323
test_11601,0.9995673298835754
test_11602,0.020381784066557884
test_11603,0.9111043810844421
test_11604,0.9216071963310242
test_11605,0.7905184030532837
test_11606,0.37599000334739685
test_11607,0.8241684436798096
test_11608,0.000143981451401487
test_11609,0.9997001886367798
test_11610,0.5240964889526367
test_11611,0.9424490332603455
test_11612,0.999764621257782
test_11613,0.9999980926513672
test_11614,0.004940268117934465
test_11615,0.48027950525283813
test_11616,0.9527615308761597
test_11617,0.9999642372131348
test_11618,0.43140465021133423
test_11619,0.8358009457588196
test_11620,0.0804515853524208
test_11621,1.676164487207643e-07
test_11622,0.9947229623794556
test_11623,4.653365976992063e-06
test_11624,0.9792424440383911
test_11625,0.9987503290176392
test_11626,0.911923885345459
test_11627,0.9999963045120239
test_11628,1.0747819942480419e-05
test_11629,0.34745803475379944
test_11630,0.04450865089893341
test_11631,0.8162486553192139
test_11632,0.0004315383266657591
test_11633,0.7245970368385315
test_11634,0.39831429719924927
test_11635,0.9943121671676636
test_11636,0.9999996423721313
test_11637,0.9999938011169434
test_11638,0.9058912396430969
test_11639,0.0008107299217954278
test_11640,0.999954342842102
test_11641,0.9689270257949829
test_11642,0.9998051524162292
test_11643,0.6165472269058228
test_11644,0.9857767224311829
test_11645,0.5513192415237427
test_11646,0.013017628341913223
test_11647,0.6957235336303711
test_11648,0.9999393224716187
test_11649,0.01199457235634327
test_11650,0.970343828201294
test_11651,0.0015989046078175306
test_11652,0.04380178824067116
test_11653,0.0006375781958922744
test_11654,0.5246617794036865
test_11655,0.12300226837396622
test_11656,0.6356477737426758
test_11657,2.216434495494468e-06
test_11658,0.000112304107460659
test_11659,0.007893566973507404
test_11660,0.9404841661453247
test_11661,0.5981163382530212
test_11662,0.9951300621032715
test_11663,7.118244980119925e-07
test_11664,0.2696394622325897
test_11665,0.6411076784133911
test_11666,0.003891061758622527
test_11667,0.019883329048752785
test_11668,0.9522683620452881
test_11669,0.9989987015724182
test_11670,6.404582563845906e-06
test_11671,0.05016724020242691
test_11672,0.9644230008125305
test_11673,0.033802248537540436
test_11674,0.392924427986145
test_11675,0.0007936069741845131
test_11676,0.6954160928726196
test_11677,0.424628883600235
test_11678,0.00012997306475881487
test_11679,0.9950188398361206
test_11680,0.8902187943458557
test_11681,0.14152483642101288
test_11682,0.0015923127066344023
test_11683,0.9249909520149231
test_11684,0.9582342505455017
test_11685,0.04392465576529503
test_11686,0.9971143007278442
test_11687,0.06633493304252625
test_11688,0.3966207504272461
test_11689,0.0007175119826570153
test_11690,0.7870239615440369
test_11691,0.9502952694892883
test_11692,0.07937496900558472
test_11693,0.5979931950569153
test_11694,3.282809484517202e-05
test_11695,0.9996576309204102
test_11696,5.209955844520664e-08
test_11697,0.0014121675631031394
test_11698,0.004176445305347443
test_11699,0.07686382532119751
test_11700,0.0888301283121109
test_11701,0.2501029968261719
test_11702,0.0013136055786162615
test_11703,0.22040294110774994
test_11704,0.9984850287437439
test_11705,0.999818742275238
test_11706,0.999974250793457
test_11707,0.5432441234588623
test_11708,0.9999992847442627
test_11709,0.8916704058647156
test_11710,0.974653959274292
test_11711,0.7058170437812805
test_11712,0.5986639261245728
test_11713,0.8068759441375732
test_11714,1.0
test_11715,0.9999867677688599
test_11716,0.2899261713027954
test_11717,0.0075514246709644794
test_11718,0.0034714939538389444
test_11719,8.044919042049514e-08
test_11720,1.0
test_11721,0.80608731508255
test_11722,0.5022183060646057
test_11723,0.522533118724823
test_11724,0.009904426522552967
test_11725,0.5108156800270081
test_11726,0.9842699766159058
test_11727,0.511509120464325
test_11728,0.7196592092514038
test_11729,0.9994723200798035
test_11730,0.7407525181770325
test_11731,2.8028205178998178e-06
test_11732,0.99908447265625
test_11733,0.999997615814209
test_11734,5.664574473485118e-06
test_11735,0.9808529019355774
test_11736,0.045347411185503006
test_11737,0.3063605725765228
test_11738,0.8995678424835205
test_11739,0.9940523505210876
test_11740,0.14691504836082458
test_11741,0.002792676445096731
test_11742,0.092232346534729
test_11743,0.9894053339958191
test_11744,0.9992026686668396
test_11745,9.215460522682406e-06
test_11746,0.9900646805763245
test_11747,0.6657194495201111
test_11748,0.9407958388328552
test_11749,0.9999996423721313
test_11750,0.2752041518688202
test_11751,0.9964749217033386
test_11752,0.9999485015869141
test_11753,0.006533774547278881
test_11754,0.9504824280738831
test_11755,0.25464269518852234
test_11756,0.9815052151679993
test_11757,0.004116801079362631
test_11758,0.0003390063939150423
test_11759,0.21712873876094818
test_11760,0.992804229259491
test_11761,0.9799771308898926
test_11762,0.9999363422393799
test_11763,0.5378119349479675
test_11764,0.965950608253479
test_11765,2.5430883852095576e-06
test_11766,0.8359736800193787
test_11767,0.0746392160654068
test_11768,0.45544981956481934
test_11769,0.8522146344184875
test_11770,0.26981115341186523
test_11771,0.9773624539375305
test_11772,0.7120656371116638
test_11773,0.07507084310054779
test_11774,0.19335418939590454
test_11775,0.8048595190048218
test_11776,0.4104665219783783
test_11777,0.9013807773590088
test_11778,0.9999797344207764
test_11779,0.9999933242797852
test_11780,0.9998273253440857
test_11781,0.0011605124454945326
test_11782,2.7225256715723845e-08
test_11783,0.8619447350502014
test_11784,0.9999955892562866
test_11785,2.374231087287626e-07
test_11786,0.9796870946884155
test_11787,0.00037832363159395754
test_11788,9.333282650914043e-05
test_11789,0.042337484657764435
test_11790,0.0003492537362035364
test_11791,0.9998717308044434
test_11792,0.996579110622406
test_11793,0.523023247718811
test_11794,0.981631875038147
test_11795,0.9753146171569824
test_11796,0.00438422616571188
test_11797,0.9718819856643677
test_11798,0.9802659153938293
test_11799,0.9998383522033691
test_11800,2.0019251678604633e-05
test_11801,0.0008464459097012877
test_11802,0.03662414103746414
test_11803,0.004265797324478626
test_11804,2.771794527234306e-07
test_11805,0.26073333621025085
test_11806,0.010464631952345371
test_11807,0.9998102784156799
test_11808,0.9992406368255615
test_11809,0.029554741457104683
test_11810,0.9782932996749878
test_11811,2.2139713564683916e-06
test_11812,0.10922624915838242
test_11813,0.00026165065355598927
test_11814,0.0071192579343914986
test_11815,1.9652625837807136e-07
test_11816,0.9997122883796692
test_11817,0.000209921519854106
test_11818,2.7903152499675343e-07
test_11819,0.9906522035598755
test_11820,0.9492678642272949
test_11821,0.9999995231628418
test_11822,0.9992959499359131
test_11823,0.9992867112159729
test_11824,0.9784256815910339
test_11825,0.8246706128120422
test_11826,4.401230398798361e-06
test_11827,0.9999988079071045
test_11828,0.9175342321395874
test_11829,0.2868732511997223
test_11830,0.9636563062667847
test_11831,0.0008772341534495354
test_11832,0.5039994120597839
test_11833,0.0016299394192174077
test_11834,0.5119013786315918
test_11835,0.00030465482268482447
test_11836,0.5749017000198364
test_11837,0.7551434636116028
test_11838,0.0064498200081288815
test_11839,0.3655572831630707
test_11840,0.9895050525665283
test_11841,0.005507283378392458
test_11842,0.36717280745506287
test_11843,1.2554734212244512e-06
test_11844,1.1583621926547494e-05
test_11845,0.5103694200515747
test_11846,6.406342436093837e-05
test_11847,0.8089403510093689
test_11848,0.8377674221992493
test_11849,0.005801151040941477
test_11850,0.9999979734420776
test_11851,0.4470690190792084
test_11852,0.017792269587516785
test_11853,0.9999998807907104
test_11854,0.05740499868988991
test_11855,0.9899611473083496
test_11856,0.9779656529426575
test_11857,0.0015916995471343398
test_11858,0.9999998807907104
test_11859,0.27530989050865173
test_11860,0.025514185428619385
test_11861,0.08417551219463348
test_11862,0.008812550455331802
test_11863,0.9134469628334045
test_11864,0.3925943672657013
test_11865,0.9983227849006653
test_11866,0.9792337417602539
test_11867,0.998684823513031
test_11868,5.1783350500045344e-05
test_11869,0.060771554708480835
test_11870,0.994836688041687
test_11871,0.994717538356781
test_11872,1.0
test_11873,0.964084804058075
test_11874,0.3522920608520508
test_11875,0.481061726808548
test_11876,1.0
test_11877,0.21191304922103882
test_11878,0.8743440508842468
test_11879,0.6076473593711853
test_11880,0.012048454023897648
test_11881,0.9999974966049194
test_11882,0.9990825653076172
test_11883,0.000592498981859535
test_11884,0.8468515276908875
test_11885,0.5670389533042908
test_11886,0.0011514115612953901
test_11887,1.0
test_11888,0.07512332499027252
test_11889,0.24892862141132355
test_11890,0.03793454170227051
test_11891,0.28676432371139526
test_11892,0.00017513465718366206
test_11893,0.999998927116394
test_11894,0.07722560316324234
test_11895,0.0006914383848197758
test_11896,0.47945845127105713
test_11897,0.0010500636417418718
test_11898,0.25709182024002075
test_11899,0.973391056060791
test_11900,0.666852593421936
test_11901,0.9979735016822815
test_11902,0.9992610812187195
test_11903,0.3737472593784332
test_11904,0.9778198599815369
test_11905,0.9997966885566711
test_11906,5.846962267241906e-06
test_11907,0.8791337609291077
test_11908,0.00011234363773837686
test_11909,0.00016926461830735207
test_11910,0.9949252605438232
test_11911,0.4171554744243622
test_11912,0.9386199712753296
test_11913,0.005261351354420185
test_11914,0.3940480351448059
test_11915,0.0013349582441151142
test_11916,7.97659041040788e-08
test_11917,0.7950388789176941
test_11918,0.9758283495903015
test_11919,0.13891471922397614
test_11920,0.98883455991745
test_11921,0.014881233684718609
test_11922,0.39914000034332275
test_11923,0.7237904071807861
test_11924,0.9997877478599548
test_11925,0.9693872332572937
test_11926,0.976545512676239
test_11927,0.9998390674591064
test_11928,0.25303155183792114
test_11929,0.0008719570469111204
test_11930,0.9964540004730225
test_11931,0.7165300250053406
test_11932,0.014759493060410023
test_11933,0.32693567872047424
test_11934,6.564383511431515e-06
test_11935,6.256558845052496e-05
test_11936,0.9999557733535767
test_11937,0.9543894529342651
test_11938,1.0
test_11939,0.04548059031367302
test_11940,0.5690915584564209
test_11941,1.8660572095541283e-05
test_11942,0.9997357726097107
test_11943,0.000267825264018029
test_11944,0.0001075811596820131
test_11945,0.9999969005584717
test_11946,0.551038384437561
test_11947,0.2491002380847931
test_11948,0.12705259025096893
test_11949,0.9572591185569763
test_11950,0.8194283246994019
test_11951,5.192247044760734e-06
test_11952,0.001011463813483715
test_11953,0.21179936826229095
test_11954,0.00039735669270157814
test_11955,0.9999997615814209
test_11956,0.19370895624160767
test_11957,0.4863613545894623
test_11958,0.586818516254425
test_11959,0.3345704972743988
test_11960,0.0004643389256671071
test_11961,0.0013603824190795422
test_11962,0.00037880902527831495
test_11963,0.38087281584739685
test_11964,0.02324335277080536
test_11965,0.9939451813697815
test_11966,0.9986758828163147
test_11967,0.3220423758029938
test_11968,0.9953162670135498
test_11969,2.242111607486663e-09
test_11970,0.001097248401492834
test_11971,0.06283894926309586
test_11972,0.9999337196350098
test_11973,0.12359629571437836
test_11974,0.9999918937683105
test_11975,0.9953649044036865
test_11976,0.024654246866703033
test_11977,0.5075247883796692
test_11978,0.9971204996109009
test_11979,0.9999908208847046
test_11980,1.0
test_11981,3.41787381330505e-05
test_11982,0.9997236132621765
test_11983,0.964150071144104
test_11984,0.02456291764974594
test_11985,0.10575534403324127
test_11986,0.261605441570282
test_11987,0.040120720863342285
test_11988,0.6356438994407654
test_11989,0.7478228807449341
test_11990,0.9756413102149963
test_11991,0.9951980710029602
test_11992,0.005798495374619961
test_11993,0.6832247972488403
test_11994,0.6857759952545166
test_11995,0.7951909303665161
test_11996,0.00014438110520131886
test_11997,0.9999634027481079
test_11998,0.0017740881303325295
test_11999,0.09242605417966843
test_12000,0.999573290348053
test_12001,5.305554395818035e-08
test_12002,0.0023509892635047436
test_12003,0.7020564675331116
test_12004,0.007647281978279352
test_12005,0.0007255441742017865
test_12006,0.7117595076560974
test_12007,0.5695756077766418
test_12008,0.13192465901374817
test_12009,0.0020975531078875065
test_12010,1.6833123481774237e-06
test_12011,0.9999991655349731
test_12012,0.982216477394104
test_12013,0.005284115206450224
test_12014,0.9335180521011353
test_12015,0.9999960660934448
test_12016,0.5866230130195618
test_12017,0.9487202167510986
test_12018,0.9684576988220215
test_12019,0.7748067378997803
test_12020,0.9993261098861694
test_12021,0.9999997615814209
test_12022,0.9966217279434204
test_12023,0.0002274266298627481
test_12024,0.29812461137771606
test_12025,0.9943948984146118
test_12026,0.017434217035770416
test_12027,0.9999743700027466
test_12028,0.00042094039963558316
test_12029,0.10879062861204147
test_12030,0.122797392308712
test_12031,0.9996610879898071
test_12032,0.6729771494865417
test_12033,0.9942293167114258
test_12034,0.8410359025001526
test_12035,0.965423047542572
test_12036,0.2252836525440216
test_12037,0.4240211546421051
test_12038,0.003963124472647905
test_12039,3.0127944228297565e-07
test_12040,0.9999985694885254
test_12041,0.9994086027145386
test_12042,0.00027395138749852777
test_12043,0.9803000688552856
test_12044,0.10597360879182816
test_12045,0.005599385127425194
test_12046,0.9999998807907104
test_12047,3.3952371580880936e-08
test_12048,0.22125348448753357
test_12049,0.08830016851425171
test_12050,0.42131391167640686
test_12051,0.00041826546657830477
test_12052,0.19747166335582733
test_12053,0.00024739510263316333
test_12054,0.7281415462493896
test_12055,0.029889825731515884
test_12056,0.9806251525878906
test_12057,0.7274172902107239
test_12058,0.6306201219558716
test_12059,0.9999990463256836
test_12060,0.9999774694442749
test_12061,1.174390149571991e-06
test_12062,0.00034191476879641414
test_12063,0.7437913417816162
test_12064,0.999775230884552
test_12065,0.22227869927883148
test_12066,0.0038951332680881023
test_12067,1.0
test_12068,3.4475058782845736e-05
test_12069,9.247746493201703e-05
test_12070,0.4484754502773285
test_12071,0.9960536956787109
test_12072,0.9958037734031677
test_12073,0.0014008618891239166
test_12074,0.011306842789053917
test_12075,0.9999984502792358
test_12076,0.10368963330984116
test_12077,0.02560819499194622
test_12078,0.9999973773956299
test_12079,0.9935535192489624
test_12080,0.0007931015570648015
test_12081,0.9999779462814331
test_12082,0.007030631881207228
test_12083,0.004845453426241875
test_12084,0.9999967813491821
test_12085,0.8424767851829529
test_12086,0.5094799399375916
test_12087,0.9998857975006104
test_12088,0.006159816402941942
test_12089,0.007361189462244511
test_12090,0.004793997388333082
test_12091,0.9997286200523376
test_12092,0.9999756813049316
test_12093,0.970805823802948
test_12094,0.9997405409812927
test_12095,0.6152704954147339
test_12096,0.9999549388885498
test_12097,0.002660935278981924
test_12098,0.2718735635280609
test_12099,0.014271331019699574
test_12100,0.5092045664787292
test_12101,1.0
test_12102,4.6898505388526246e-05
test_12103,0.27867475152015686
test_12104,0.24741457402706146
test_12105,7.245513984344143e-07
test_12106,0.7263630032539368
test_12107,0.9988099336624146
test_12108,0.5803888440132141
test_12109,0.0021779383532702923
test_12110,0.000681901175994426
test_12111,0.9999966621398926
test_12112,0.9999688863754272
test_12113,0.9710919857025146
test_12114,0.9999630451202393
test_12115,0.0001435518206562847
test_12116,0.031925126910209656
test_12117,8.137703116517514e-05
test_12118,0.994857907295227
test_12119,0.9971056580543518
test_12120,0.16552838683128357
test_12121,0.0033822753466665745
test_12122,0.02309003844857216
test_12123,0.07575591653585434
test_12124,0.6649541258811951
test_12125,0.2334163933992386
test_12126,0.999739944934845
test_12127,0.999259889125824
test_12128,0.9995081424713135
test_12129,0.7105612754821777
test_12130,0.9998111128807068
test_12131,0.8997873663902283
test_12132,0.6567959785461426
test_12133,0.7493283748626709
test_12134,0.9374595880508423
test_12135,0.04843027517199516
test_12136,0.9864484667778015
test_12137,0.9970292448997498
test_12138,3.98043903260259e-06
test_12139,0.9884599447250366
test_12140,0.12795908749103546
test_12141,0.6201211214065552
test_12142,0.9966939687728882
test_12143,0.9906007051467896
test_12144,0.4848714768886566
test_12145,0.04388134181499481
test_12146,0.9960378408432007
test_12147,0.007528064306825399
test_12148,0.043005235493183136
test_12149,0.9890398979187012
test_12150,0.000684673257637769
test_12151,0.9933300614356995
test_12152,0.9015628695487976
test_12153,0.5243130326271057
test_12154,0.9996721744537354
test_12155,0.9980790615081787
test_12156,0.2842177450656891
test_12157,0.1204548105597496
test_12158,0.16682834923267365
test_12159,0.9887442588806152
test_12160,0.9835658669471741
test_12161,0.9999082088470459
test_12162,0.9162618517875671
test_12163,0.07982255518436432
test_12164,0.5601425766944885
test_12165,0.050639986991882324
test_12166,0.9374998211860657
test_12167,0.41714319586753845
test_12168,0.0026829997077584267
test_12169,0.9916223883628845
test_12170,0.8087178468704224
test_12171,2.450296278766473e-06
test_12172,0.937153697013855
test_12173,0.9999880790710449
test_12174,0.9999397993087769
test_12175,0.9811744689941406
test_12176,0.16142681241035461
test_12177,0.08684546500444412
test_12178,0.05973050743341446
test_12179,0.0016576587222516537
test_12180,0.6452377438545227
test_12181,0.9999741315841675
test_12182,0.6157664656639099
test_12183,0.997694194316864
test_12184,0.009833179414272308
test_12185,0.9999995231628418
test_12186,0.8475694060325623
test_12187,3.4154356853832724e-06
test_12188,1.1212406434424338e-06
test_12189,0.3765890896320343
test_12190,0.15838812291622162
test_12191,0.9989005327224731
test_12192,0.2697896361351013
test_12193,0.0001203786741825752
test_12194,1.7993399524129927e-05
test_12195,0.9206621050834656
test_12196,0.14806990325450897
test_12197,0.46843838691711426
test_12198,0.013583441264927387
test_12199,0.3716186583042145
test_12200,0.9978296160697937
test_12201,1.1932335155506735e-06
test_12202,0.9975047707557678
test_12203,0.6028718948364258
test_12204,0.002171296626329422
test_12205,1.1034043012614347e-07
test_12206,0.06413844227790833
test_12207,0.0019932910799980164
test_12208,0.999786913394928
test_12209,0.9998325109481812
test_12210,2.8271663268242264e-06
test_12211,3.90216191590298e-05
test_12212,0.999600350856781
test_12213,0.3247772455215454
test_12214,0.9762312769889832
test_12215,0.9999996423721313
test_12216,0.8323475122451782
test_12217,0.0007628367166034877
test_12218,0.6832029819488525
test_12219,0.0026648398488759995
test_12220,0.0007013962604105473
test_12221,1.0537593198023387e-06
test_12222,0.0015147272497415543
test_12223,0.00020790408598259091
test_12224,0.7564847469329834
test_12225,6.5699696278898045e-06
test_12226,4.22288867412135e-05
test_12227,0.001397398067638278
test_12228,0.9988756775856018
test_12229,1.0492772872794376e-07
test_12230,0.038227591663599014
test_12231,0.2565303146839142
test_12232,0.7232716679573059
test_12233,3.5928610486735124e-06
test_12234,0.49879008531570435
test_12235,0.27268877625465393
test_12236,0.8325281739234924
test_12237,0.99359130859375
test_12238,0.9983270764350891
test_12239,0.9985315799713135
test_12240,0.7946874499320984
test_12241,0.6325138807296753
test_12242,2.828847414093616e-07
test_12243,0.7593370079994202
test_12244,0.0003545057843439281
test_12245,0.9599993824958801
test_12246,0.9999756813049316
test_12247,0.01186299417167902
test_12248,0.0001242297439603135
test_12249,0.00013841211330145597
test_12250,0.07098496705293655
test_12251,1.4538646730954952e-08
test_12252,0.0007293097442016006
test_12253,0.006978124845772982
test_12254,0.13671992719173431
test_12255,0.4853364825248718
test_12256,0.010593734681606293
test_12257,0.008268829435110092
test_12258,0.6919152140617371
test_12259,0.9997566342353821
test_12260,0.9999955892562866
test_12261,0.9999790191650391
test_12262,0.1662442535161972
test_12263,0.012534032575786114
test_12264,0.05759399011731148
test_12265,0.4622496962547302
test_12266,0.17752276360988617
test_12267,0.0025167991407215595
test_12268,0.23480857908725739
test_12269,0.9980865716934204
test_12270,0.0008138620178215206
test_12271,0.005027881823480129
test_12272,0.9997783303260803
test_12273,0.016805285587906837
test_12274,0.16003750264644623
test_12275,0.0008422954706475139
test_12276,0.19784921407699585
test_12277,0.5254380106925964
test_12278,0.00013987049169372767
test_12279,0.9930101037025452
test_12280,0.9980165958404541
test_12281,0.0567130446434021
test_12282,3.673266837722622e-05
test_12283,0.9787517189979553
test_12284,8.491049084113911e-05
test_12285,0.20346276462078094
test_12286,0.001734001561999321
test_12287,0.989048957824707
test_12288,0.9999998807907104
test_12289,0.046499673277139664
test_12290,0.15224634110927582
test_12291,0.5836940407752991
test_12292,0.4274928867816925
test_12293,0.9727126955986023
test_12294,0.5402888059616089
test_12295,0.988490104675293
test_12296,0.961011528968811
test_12297,0.0011172279482707381
test_12298,0.009014398790895939
test_12299,0.5790720582008362
test_12300,0.051847707480192184
test_12301,0.9705017805099487
test_12302,0.04063485935330391
test_12303,5.40893836387113e-07
test_12304,0.996753990650177
test_12305,0.05961482971906662
test_12306,0.9975566864013672
test_12307,0.25826382637023926
test_12308,1.7063368431990966e-05
test_12309,0.869911789894104
test_12310,0.1529756337404251
test_12311,0.5565302968025208
test_12312,0.9847525954246521
test_12313,0.05573244020342827
test_12314,0.9851048588752747
test_12315,1.853791945904959e-05
test_12316,0.06323045492172241
test_12317,0.00044123842963017523
test_12318,0.8822578191757202
test_12319,0.5126944780349731
test_12320,0.9999275207519531
test_12321,0.8042535781860352
test_12322,0.09432975947856903
test_12323,0.14029709994792938
test_12324,4.7584640583409055e-07
test_12325,0.5326378345489502
test_12326,0.9999998807907104
test_12327,0.9143249988555908
test_12328,4.1820790102065075e-06
test_12329,0.2841982841491699
test_12330,0.9999805688858032
test_12331,0.000417094212025404
test_12332,0.7809691429138184
test_12333,0.0002911301562562585
test_12334,0.6083611845970154
test_12335,0.9396763443946838
test_12336,0.0003847073530778289
test_12337,0.604550838470459
test_12338,0.5445400476455688
test_12339,0.9993556141853333
test_12340,0.6830345392227173
test_12341,0.8056938648223877
test_12342,2.247993506898638e-06
test_12343,7.085467950673774e-05
test_12344,0.879915714263916
test_12345,0.9189313054084778
test_12346,0.9993574023246765
test_12347,0.5253893733024597
test_12348,0.08065474033355713
test_12349,0.598849892616272
test_12350,0.8364048004150391
test_12351,0.02433156594634056
test_12352,0.4708492159843445
test_12353,0.9990273714065552
test_12354,0.9412819743156433
test_12355,5.028249233873794e-06
test_12356,0.8419406414031982
test_12357,0.9999642372131348
test_12358,0.006391923874616623
test_12359,0.8146236538887024
test_12360,0.0057574668899178505
test_12361,0.9999091625213623
test_12362,0.5527377724647522
test_12363,0.001457607839256525
test_12364,7.040442869765684e-05
test_12365,0.41235587000846863
test_12366,0.17315421998500824
test_12367,0.009265556931495667
test_12368,0.9999997615814209
test_12369,0.8454868793487549
test_12370,0.4875143766403198
test_12371,0.9724557995796204
test_12372,1.0
test_12373,0.9994300007820129
test_12374,1.7331938124698354e-06
test_12375,0.9988893866539001
test_12376,3.170939817209728e-05
test_12377,5.1028619054704905e-05
test_12378,0.313670814037323
test_12379,0.0015521077439188957
test_12380,6.86700877849944e-05
test_12381,0.7078187465667725
test_12382,0.003644587704911828
test_12383,1.866982540787987e-10
test_12384,0.9995995163917542
test_12385,0.07428276538848877
test_12386,0.05457376688718796
test_12387,0.9999794960021973
test_12388,0.4467940330505371
test_12389,0.6871334910392761
test_12390,0.5105782747268677
test_12391,0.988618016242981
test_12392,0.20270168781280518
test_12393,0.4402404725551605
test_12394,0.5467748641967773
test_12395,0.4962673783302307
test_12396,0.7037290334701538
test_12397,0.21858970820903778
test_12398,0.08571803569793701
test_12399,1.930270627781283e-06
test_12400,0.9996042847633362
test_12401,2.5156814444926567e-06
test_12402,4.49689723609481e-05
test_12403,0.1401202529668808
test_12404,7.239087608468253e-06
test_12405,0.00033718577469699085
test_12406,0.5022706985473633
test_12407,0.9951071739196777
test_12408,0.7838022708892822
test_12409,0.9999247789382935
test_12410,0.017455320805311203
test_12411,0.9999985694885254
test_12412,0.9962397813796997
test_12413,0.04804680123925209
test_12414,0.5105338096618652
test_12415,0.22113962471485138
test_12416,0.7568970918655396
test_12417,0.7854283452033997
test_12418,0.9999979734420776
test_12419,0.8451889157295227
test_12420,0.9132536053657532
test_12421,0.11268632113933563
test_12422,0.9565002918243408
test_12423,0.055495716631412506
test_12424,0.4387787878513336
test_12425,0.5195152163505554
test_12426,0.5244168639183044
test_12427,0.673141598701477
test_12428,0.9685551524162292
test_12429,0.7501556873321533
test_12430,1.0
test_12431,0.9999146461486816
test_12432,0.1930406093597412
test_12433,0.5177391767501831
test_12434,0.9995825886726379
test_12435,3.1507534004049376e-06
test_12436,0.0012283454416319728
test_12437,0.014260106720030308
test_12438,0.6123735904693604
test_12439,0.03824343904852867
test_12440,0.8711376786231995
test_12441,0.9995149374008179
test_12442,0.9999986886978149
test_12443,0.002348345937207341
test_12444,0.10569212585687637
test_12445,0.9999949932098389
test_12446,0.4289557933807373
test_12447,0.0003775986551772803
test_12448,0.02477848343551159
test_12449,0.9650993943214417
test_12450,0.9980912804603577
test_12451,0.9999802112579346
test_12452,0.45496389269828796
test_12453,0.9997302889823914
test_12454,0.4862731695175171
test_12455,0.10911460965871811
test_12456,0.0011259831953793764
test_12457,0.03220999613404274
test_12458,0.9998534917831421
test_12459,0.4919818341732025
test_12460,0.0006312777404673398
test_12461,0.9999825954437256
test_12462,0.047218963503837585
test_12463,0.03525649011135101
test_12464,0.008722364902496338
test_12465,0.7155243754386902
test_12466,1.0346702765673399e-05
test_12467,0.9999401569366455
test_12468,0.3298589587211609
test_12469,0.10078468173742294
test_12470,0.9961321353912354
test_12471,0.8653287887573242
test_12472,3.5465359538022767e-09
test_12473,0.22482317686080933
test_12474,0.022188635542988777
test_12475,0.0018714098259806633
test_12476,0.7983185648918152
test_12477,0.00013154080079402775
test_12478,0.7745160460472107
test_12479,0.0001308366481680423
test_12480,1.5419199428379216e-07
test_12481,0.07735587656497955
test_12482,0.9982057809829712
test_12483,0.0002895230718422681
test_12484,0.9660282731056213
test_12485,8.557091746297374e-07
test_12486,0.018455108627676964
test_12487,0.41066884994506836
test_12488,8.814147440716624e-05
test_12489,0.9999997615814209
test_12490,0.009844755753874779
test_12491,0.24190875887870789
test_12492,0.9980224370956421
test_12493,0.9952132701873779
test_12494,0.5116322040557861
test_12495,0.02380426600575447
test_12496,0.9100134968757629
test_12497,0.0010750388028100133
test_12498,0.6864756941795349
test_12499,0.9925387501716614
test_12500,0.5875580906867981
test_12501,0.9341748356819153
test_12502,2.552899059082847e-05
test_12503,0.9999963045120239
test_12504,0.9994198083877563
test_12505,0.08141618967056274
test_12506,0.9813470840454102
test_12507,0.5507323145866394
test_12508,0.3474680185317993
test_12509,0.008561446331441402
test_12510,0.18359573185443878
test_12511,0.5753527879714966
test_12512,0.34728506207466125
test_12513,0.012285472825169563
test_12514,0.9999996423721313
test_12515,0.034355249255895615
test_12516,0.9998134970664978
test_12517,6.812630454078317e-05
test_12518,0.9462684988975525
test_12519,8.410696318605915e-05
test_12520,0.0007339249132201076
test_12521,3.8679540921293665e-06
test_12522,0.00014844912220723927
test_12523,0.00011351481225574389
test_12524,0.8485372066497803
test_12525,0.0005589778884314001
test_12526,1.0
test_12527,1.228567816724535e-05
test_12528,0.9878809452056885
test_12529,0.19510258734226227
test_12530,0.9705083966255188
test_12531,0.6311958432197571
test_12532,0.517810046672821
test_12533,0.9872666001319885
test_12534,0.9999741315841675
test_12535,0.7367966771125793
test_12536,1.5105831607797882e-06
test_12537,0.6877519488334656
test_12538,0.9998979568481445
test_12539,7.817423465894535e-06
test_12540,0.02384999208152294
test_12541,0.40180668234825134
test_12542,0.01656784676015377
test_12543,0.005494887009263039
test_12544,0.4856015741825104
test_12545,0.5941519737243652
test_12546,4.1536131334396487e-07
test_12547,2.1294280116990194e-08
test_12548,0.24195390939712524
test_12549,0.9856347441673279
test_12550,0.7087224721908569
test_12551,0.03327369689941406
test_12552,0.9999468326568604
test_12553,0.9884809255599976
test_12554,0.00017045129789039493
test_12555,0.2490546554327011
test_12556,0.011552441865205765
test_12557,0.7203937768936157
test_12558,0.002062895568087697
test_12559,0.3463427424430847
test_12560,1.0
test_12561,0.8897433280944824
test_12562,0.0011470294557511806
test_12563,0.3791183531284332
test_12564,0.24654677510261536
test_12565,0.00871372316032648
test_12566,0.9999995231628418
test_12567,0.6591275334358215
test_12568,0.051848188042640686
test_12569,0.7845652103424072
test_12570,0.7124859094619751
test_12571,0.14661090075969696
test_12572,0.7357338666915894
test_12573,0.00025265433941967785
test_12574,0.8405231833457947
test_12575,0.7073311805725098
test_12576,0.654615044593811
test_12577,0.015041809529066086
test_12578,0.6404498219490051
test_12579,0.8696030974388123
test_12580,0.3412397801876068
test_12581,0.29566922783851624
test_12582,0.007498285733163357
test_12583,0.9999929666519165
test_12584,0.9713635444641113
test_12585,0.9997089505195618
test_12586,0.7769269943237305
test_12587,0.43508926033973694
test_12588,2.449384624014783e-07
test_12589,0.007821759209036827
test_12590,0.10878616571426392
test_12591,0.8323836922645569
test_12592,0.8995633125305176
test_12593,0.007539009675383568
test_12594,0.5506040453910828
test_12595,0.0663541629910469
test_12596,1.4337339093728474e-09
test_12597,0.36314865946769714
test_12598,0.018178774043917656
test_12599,9.707680874271318e-06
test_12600,0.9600112438201904
test_12601,0.9880951642990112
test_12602,0.56373131275177
test_12603,0.6846257448196411
test_12604,0.07296685129404068
test_12605,0.02760651707649231
test_12606,0.9897907376289368
test_12607,2.649317991654243e-07
test_12608,0.9631776809692383
test_12609,0.7197763919830322
test_12610,0.04471605271100998
test_12611,0.005150394048541784
test_12612,0.37968823313713074
test_12613,0.827354371547699
test_12614,0.910730242729187
test_12615,0.7190181612968445
test_12616,0.0025721965357661247
test_12617,0.00991132017225027
test_12618,0.5353638529777527
test_12619,0.5396892428398132
test_12620,0.1973506361246109
test_12621,0.08717968314886093
test_12622,0.0025709769688546658
test_12623,0.3540118634700775
test_12624,0.5089541673660278
test_12625,3.758852358259901e-07
test_12626,0.07360930740833282
test_12627,1.4384617088580853e-06
test_12628,0.00010751337686087936
test_12629,0.9884138703346252
test_12630,0.055009227246046066
test_12631,0.9801915884017944
test_12632,0.532950758934021
test_12633,0.5598304271697998
test_12634,4.2715193558251485e-05
test_12635,0.0048448508605360985
test_12636,0.9879050254821777
test_12637,0.8967791199684143
test_12638,0.4111567735671997
test_12639,0.9655110239982605
test_12640,0.2432291954755783
test_12641,0.6913592219352722
test_12642,0.8118519186973572
test_12643,1.0
test_12644,4.336086476541823e-07
test_12645,0.9999984502792358
test_12646,0.9999567270278931
test_12647,0.0006169777479954064
test_12648,0.09198170155286789
test_12649,0.0031422413885593414
test_12650,0.9945669174194336
test_12651,0.9980555772781372
test_12652,6.609193405893166e-07
test_12653,0.403475821018219
test_12654,0.48857778310775757
test_12655,0.9999818801879883
test_12656,0.9890938997268677
test_12657,0.9999911785125732
test_12658,0.9147248864173889
test_12659,0.00021401484264060855
test_12660,0.00311558460816741
test_12661,0.39958417415618896
test_12662,0.9175769686698914
test_12663,0.26337677240371704
test_12664,1.9664290196175216e-09
test_12665,0.6295038461685181
test_12666,0.5704879760742188
test_12667,0.7451305985450745
test_12668,0.372780442237854
test_12669,0.21315063536167145
test_12670,0.9999996423721313
test_12671,0.9981608986854553
test_12672,0.0002964524319395423
test_12673,0.012609854340553284
test_12674,0.5197720527648926
test_12675,0.7511788606643677
test_12676,1.0
test_12677,0.7765637040138245
test_12678,0.004373586270958185
test_12679,0.99918133020401
test_12680,0.8591910004615784
test_12681,0.0236215703189373
test_12682,0.9894802570343018
test_12683,2.0230687880484766e-07
test_12684,0.9583055377006531
test_12685,0.002768954262137413
test_12686,0.9999380111694336
test_12687,0.994828999042511
test_12688,0.9178348183631897
test_12689,0.5504467487335205
test_12690,0.16828566789627075
test_12691,0.9989950060844421
test_12692,0.9881381392478943
test_12693,0.9845672845840454
test_12694,0.009222850203514099
test_12695,3.049649967579171e-05
test_12696,0.4152681529521942
test_12697,0.00017831141303759068
test_12698,0.9959741234779358
test_12699,0.3717076778411865
test_12700,0.004006995819509029
test_12701,0.49982506036758423
test_12702,0.00238741934299469
test_12703,5.1076378440484405e-05
test_12704,1.0
test_12705,0.9840480089187622
test_12706,0.2960909903049469
test_12707,0.715497612953186
test_12708,0.0890643522143364
test_12709,0.997177004814148
test_12710,0.1980820745229721
test_12711,0.981945812702179
test_12712,0.774955689907074
test_12713,0.1584482342004776
test_12714,0.000746413366869092
test_12715,0.14483797550201416
test_12716,1.446081796530052e-06
test_12717,0.0007493935409002006
test_12718,2.212720937677659e-05
test_12719,0.37838858366012573
test_12720,0.7550361752510071
test_12721,0.9769879579544067
test_12722,0.9984832406044006
test_12723,4.6025269284655224e-07
test_12724,0.06789594143629074
test_12725,0.08316316455602646
test_12726,0.46291977167129517
test_12727,0.6004221439361572
test_12728,0.39854177832603455
test_12729,0.7433617115020752
test_12730,0.0004501606454141438
test_12731,0.9999984502792358
test_12732,0.5477414131164551
test_12733,0.9972561001777649
test_12734,0.999996542930603
test_12735,0.9999935626983643
test_12736,0.4376471936702728
test_12737,0.9999996423721313
test_12738,0.6638476848602295
test_12739,0.31479495763778687
test_12740,4.406093466968741e-06
test_12741,3.7045621866127476e-05
test_12742,0.002526988973841071
test_12743,0.09068690985441208
test_12744,3.1250540359906154e-06
test_12745,0.38270390033721924
test_12746,0.6888018250465393
test_12747,0.9449103474617004
test_12748,0.13127265870571136
test_12749,0.03860931098461151
test_12750,0.22610583901405334
test_12751,0.010775089263916016
test_12752,0.9934064149856567
test_12753,0.3222786784172058
test_12754,2.2743922727386234e-06
test_12755,0.7004916071891785
test_12756,0.9983953833580017
test_12757,0.7142313718795776
test_12758,0.0178841482847929
test_12759,0.0002215316635556519
test_12760,0.3699715733528137
test_12761,0.6219031810760498
test_12762,0.034171268343925476
test_12763,0.1597403734922409
test_12764,0.014709003269672394
test_12765,0.9970062375068665
test_12766,0.045693740248680115
test_12767,0.00884094275534153
test_12768,0.9985806941986084
test_12769,0.6674625277519226
test_12770,0.9468171000480652
test_12771,0.005383926443755627
test_12772,0.9837586283683777
test_12773,0.9999991655349731
test_12774,0.738261342048645
test_12775,0.9999982118606567
test_12776,0.00716013740748167
test_12777,2.425748334644595e-06
test_12778,0.3091961443424225
test_12779,0.014308864250779152
test_12780,1.0
test_12781,0.9999415874481201
test_12782,0.03499449044466019
test_12783,0.3733627498149872
test_12784,0.287336140871048
test_12785,0.9930582046508789
test_12786,0.9365331530570984
test_12787,0.9990710020065308
test_12788,0.5052764415740967
test_12789,0.7865774631500244
test_12790,0.0007626753649674356
test_12791,0.0004734759859275073
test_12792,2.4495686375303194e-05
test_12793,0.9999936819076538
test_12794,0.029780928045511246
test_12795,0.6233557462692261
test_12796,0.9098847508430481
test_12797,0.9999998807907104
test_12798,0.9235273003578186
test_12799,0.03794533386826515
test_12800,0.24476318061351776
test_12801,0.5188100337982178
test_12802,8.294173881040479e-07
test_12803,0.694238543510437
test_12804,0.999992847442627
test_12805,0.006642075255513191
test_12806,0.9433387517929077
test_12807,0.8975551724433899
test_12808,0.00043904827907681465
test_12809,0.9935142993927002
test_12810,6.833275256212801e-05
test_12811,0.6351445317268372
test_12812,0.9950590133666992
test_12813,0.5436528325080872
test_12814,0.045029718428850174
test_12815,0.557641863822937
test_12816,0.008412030525505543
test_12817,0.2968146502971649
test_12818,8.573193266414592e-10
test_12819,6.15017734162393e-06
test_12820,0.9999167919158936
test_12821,0.13255566358566284
test_12822,0.9495675563812256
test_12823,0.9995995163917542
test_12824,0.4835194945335388
test_12825,0.17561961710453033
test_12826,0.25645652413368225
test_12827,0.005119821988046169
test_12828,0.8872055411338806
test_12829,0.7493499517440796
test_12830,0.005160034168511629
test_12831,0.0007502399967052042
test_12832,0.4247305989265442
test_12833,0.041478291153907776
test_12834,0.9999864101409912
test_12835,0.9999836683273315
test_12836,0.9241101741790771
test_12837,0.9961304664611816
test_12838,0.9999399185180664
test_12839,0.00017382849182467908
test_12840,0.7329404950141907
test_12841,0.3787281811237335
test_12842,0.0007307864143513143
test_12843,0.9647989869117737
test_12844,0.9948412775993347
test_12845,2.1594923964585178e-06
test_12846,6.253167612157995e-06
test_12847,0.49272629618644714
test_12848,0.9999963045120239
test_12849,1.3344805665838066e-05
test_12850,0.9588650465011597
test_12851,8.843521936796606e-05
test_12852,0.005266637075692415
test_12853,0.7098224759101868
test_12854,0.021781744435429573
test_12855,0.004228795412927866
test_12856,0.3008359968662262
test_12857,0.965162456035614
test_12858,0.6530250906944275
test_12859,0.9998788833618164
test_12860,0.9958723187446594
test_12861,0.0029513202607631683
test_12862,4.095749773114221e-06
test_12863,0.072995625436306
test_12864,4.66252140540746e-06
test_12865,0.9996696710586548
test_12866,0.7226244807243347
test_12867,0.9254413843154907
test_12868,0.5017185807228088
test_12869,2.1668554950338148e-08
test_12870,0.9983363747596741
test_12871,0.5214961171150208
test_12872,0.9991971850395203
test_12873,0.6698668003082275
test_12874,0.883767306804657
test_12875,5.1815011829603463e-05
test_12876,0.00441309530287981
test_12877,0.26951491832733154
test_12878,0.4852820038795471
test_12879,0.5872344970703125
test_12880,0.9930689334869385
test_12881,1.944112045748625e-05
test_12882,0.9999979734420776
test_12883,0.0028453951235860586
test_12884,0.21701155602931976
test_12885,0.052876926958560944
test_12886,0.15131735801696777
test_12887,0.47386765480041504
test_12888,0.7208672761917114
test_12889,7.111282684491016e-06
test_12890,0.8183321356773376
test_12891,1.0655386972757697e-07
test_12892,0.4207821190357208
test_12893,0.9993608593940735
test_12894,0.0005057705566287041
test_12895,0.9990203380584717
test_12896,0.22255155444145203
test_12897,0.9998040795326233
test_12898,0.007144669070839882
test_12899,0.7766972780227661
test_12900,0.999996542930603
test_12901,0.9960784316062927
test_12902,0.999961256980896
test_12903,0.7518553733825684
test_12904,0.019528774544596672
test_12905,0.4985809326171875
test_12906,0.4140453636646271
test_12907,0.5917732119560242
test_12908,0.5489709973335266
test_12909,0.9998601675033569
test_12910,0.00018940166046377271
test_12911,0.9997456669807434
test_12912,0.9988798499107361
test_12913,0.2568575143814087
test_12914,1.0926095583840834e-09
test_12915,0.9026105403900146
test_12916,0.9995006322860718
test_12917,0.9999998807907104
test_12918,0.08246572315692902
test_12919,0.8239376544952393
test_12920,0.9999998807907104
test_12921,6.9795937633898575e-06
test_12922,0.017032818868756294
test_12923,0.9943389296531677
test_12924,0.9999767541885376
test_12925,0.05675648897886276
test_12926,0.999736487865448
test_12927,0.004856172949075699
test_12928,0.6755687594413757
test_12929,0.9998099207878113
test_12930,0.9975161552429199
test_12931,0.20393718779087067
test_12932,0.33315807580947876
test_12933,0.6995479464530945
test_12934,0.5357872247695923
test_12935,0.0017816602485254407
test_12936,0.76698899269104
test_12937,0.9577037692070007
test_12938,0.16284963488578796
test_12939,0.9922616481781006
test_12940,0.40293774008750916
test_12941,0.4897821843624115
test_12942,0.02430575154721737
test_12943,0.009430942125618458
test_12944,0.9995156526565552
test_12945,0.0013542926171794534
test_12946,0.999993085861206
test_12947,0.9999887943267822
test_12948,0.007644080091267824
test_12949,0.0007096456829458475
test_12950,0.997041642665863
test_12951,0.10461635142564774
test_12952,0.6121134161949158
test_12953,0.9916244149208069
test_12954,0.00027979796868748963
test_12955,0.02799001894891262
test_12956,0.9999784231185913
test_12957,0.44459012150764465
test_12958,0.021959716454148293
test_12959,0.9177690148353577
test_12960,0.9964595437049866
test_12961,6.193770241225138e-05
test_12962,0.04898074269294739
test_12963,0.9999786615371704
test_12964,0.4784563183784485
test_12965,0.8500077128410339
test_12966,0.5820932984352112
test_12967,0.17392843961715698
test_12968,0.05942528322339058
test_12969,0.8223885297775269
test_12970,0.2771070897579193
test_12971,3.769938484765589e-05
test_12972,0.03895626217126846
test_12973,5.005694674764527e-06
test_12974,0.7182952165603638
test_12975,0.020151838660240173
test_12976,2.1410127374110743e-05
test_12977,0.33842188119888306
test_12978,0.9929859042167664
test_12979,0.001357302418909967
test_12980,0.0001283248420804739
test_12981,0.9983701109886169
test_12982,0.9839498996734619
test_12983,0.5581753849983215
test_12984,0.6283071041107178
test_12985,0.9941712021827698
test_12986,0.9992732405662537
test_12987,0.9971596002578735
test_12988,0.0018411839846521616
test_12989,0.03696782886981964
test_12990,0.9818400740623474
test_12991,0.5395538806915283
test_12992,0.02332247979938984
test_12993,0.9587922692298889
test_12994,0.022122781723737717
test_12995,0.6960741281509399
test_12996,0.9808902740478516
test_12997,0.6084157228469849
test_12998,0.99993896484375
test_12999,0.7827519178390503
test_13000,0.015634560957551003
test_13001,0.980191707611084
test_13002,0.021899042651057243
test_13003,1.0
test_13004,0.005024724639952183
test_13005,0.3644137978553772
test_13006,0.001861443743109703
test_13007,0.007254126016050577
test_13008,0.5843276381492615
test_13009,0.9988874793052673
test_13010,0.006279018707573414
test_13011,0.0988122820854187
test_13012,0.16539044678211212
test_13013,0.9786024689674377
test_13014,0.0002652173861861229
test_13015,0.9999979734420776
test_13016,0.0005999511340633035
test_13017,0.9961936473846436
test_13018,0.0033671469427645206
test_13019,0.21301870048046112
test_13020,0.0013546382542699575
test_13021,0.5075142979621887
test_13022,0.6467965841293335
test_13023,0.3979662358760834
test_13024,0.9996986389160156
test_13025,0.9999396800994873
test_13026,0.48485836386680603
test_13027,0.8248798847198486
test_13028,0.34267884492874146
test_13029,0.9882875084877014
test_13030,0.17010025680065155
test_13031,0.3946078419685364
test_13032,0.047283072024583817
test_13033,2.6948912363877753e-06
test_13034,0.982302188873291
test_13035,0.015447278507053852
test_13036,0.8486604690551758
test_13037,0.9739134907722473
test_13038,0.6814040541648865
test_13039,0.4809269607067108
test_13040,0.08580704778432846
test_13041,0.8787540197372437
test_13042,0.9967875480651855
test_13043,0.9996322393417358
test_13044,0.9982430934906006
test_13045,8.303266076836735e-05
test_13046,0.2988385558128357
test_13047,0.0022937350440770388
test_13048,0.0002584870089776814
test_13049,0.38406825065612793
test_13050,0.00017369842680636793
test_13051,0.006901353597640991
test_13052,0.9930965304374695
test_13053,0.31776174902915955
test_13054,0.0003726220747921616
test_13055,0.33641424775123596
test_13056,0.8580024242401123
test_13057,0.009486330673098564
test_13058,0.0015732994070276618
test_13059,0.9858346581459045
test_13060,0.9844542145729065
test_13061,0.9996767044067383
test_13062,0.9999909400939941
test_13063,0.40179234743118286
test_13064,2.2205571440281346e-05
test_13065,0.24385057389736176
test_13066,0.6949539184570312
test_13067,0.027850745245814323
test_13068,0.5613681674003601
test_13069,0.9997572302818298
test_13070,0.6924781799316406
test_13071,0.0018780018435791135
test_13072,0.6216260194778442
test_13073,0.5525992512702942
test_13074,0.9996652603149414
test_13075,0.7777356505393982
test_13076,0.5982668995857239
test_13077,0.9245126247406006
test_13078,0.9997920393943787
test_13079,0.7427777051925659
test_13080,0.1928604692220688
test_13081,0.00835426151752472
test_13082,0.9993815422058105
test_13083,0.18014134466648102
test_13084,0.5373088121414185
test_13085,0.9998946189880371
test_13086,0.17526382207870483
test_13087,0.5929141640663147
test_13088,0.59413743019104
test_13089,0.038747746497392654
test_13090,6.346726877382025e-05
test_13091,0.013529940508306026
test_13092,0.9999887943267822
test_13093,0.0001080402871593833
test_13094,0.9561910629272461
test_13095,0.5230098962783813
test_13096,2.1691107576771174e-06
test_13097,0.0007321477751247585
test_13098,1.4472466780546256e-08
test_13099,0.0013482029316946864
test_13100,0.017473401501774788
test_13101,0.4212528169155121
test_13102,0.03339299559593201
test_13103,9.691447485238314e-05
test_13104,1.1530235497048125e-05
test_13105,0.955816388130188
test_13106,0.9964408278465271
test_13107,0.10670720785856247
test_13108,0.999991774559021
test_13109,5.295482424116926e-06
test_13110,0.9950474500656128
test_13111,0.9450693130493164
test_13112,0.9988180994987488
test_13113,0.501797616481781
test_13114,0.5490005016326904
test_13115,0.845914900302887
test_13116,0.9844018816947937
test_13117,0.6229434609413147
test_13118,0.0012927799252793193
test_13119,0.0025152291636914015
test_13120,0.023257941007614136
test_13121,0.5778352618217468
test_13122,0.00011122716387035325
test_13123,0.017117930576205254
test_13124,0.9838040471076965
test_13125,0.2714936435222626
test_13126,0.004444784484803677
test_13127,0.9037580490112305
test_13128,0.8319973349571228
test_13129,0.0016778957797214389
test_13130,0.9842256307601929
test_13131,0.26544874906539917
test_13132,0.8389931917190552
test_13133,9.038771531777456e-05
test_13134,0.3820953369140625
test_13135,3.2636495461702e-07
test_13136,0.038917094469070435
test_13137,0.9983008503913879
test_13138,0.9668552279472351
test_13139,0.3007263243198395
test_13140,0.03321819379925728
test_13141,0.9999790191650391
test_13142,0.0018793342169374228
test_13143,0.9733564853668213
test_13144,1.6029194682687375e-07
test_13145,0.4554302394390106
test_13146,0.9999973773956299
test_13147,0.4768368899822235
test_13148,0.004125429317355156
test_13149,0.01783822663128376
test_13150,0.002518163062632084
test_13151,0.9999994039535522
test_13152,0.46751669049263
test_13153,0.4233638644218445
test_13154,0.2654935121536255
test_13155,0.6013785004615784
test_13156,0.0007815638091415167
test_13157,0.14055584371089935
test_13158,0.5152912139892578
test_13159,0.9998593330383301
test_13160,0.7673189043998718
test_13161,0.2965138554573059
test_13162,0.07968832552433014
test_13163,0.9999610185623169
test_13164,0.07086271792650223
test_13165,0.20960216224193573
test_13166,0.05445336550474167
test_13167,0.39636969566345215
test_13168,0.22696936130523682
test_13169,0.00030122685711830854
test_13170,0.1128937155008316
test_13171,0.26200321316719055
test_13172,0.6308839917182922
test_13173,1.7718497474561445e-05
test_13174,0.9502474665641785
test_13175,4.517828600114626e-08
test_13176,0.016051432117819786
test_13177,0.00011840155639220029
test_13178,0.29172348976135254
test_13179,0.039805930107831955
test_13180,0.5078691840171814
test_13181,0.004304857924580574
test_13182,0.9631187319755554
test_13183,0.9504014253616333
test_13184,0.062301818281412125
test_13185,0.9667106866836548
test_13186,0.48983532190322876
test_13187,0.9949542880058289
test_13188,8.783207704254892e-06
test_13189,0.10299480706453323
test_13190,0.02152523398399353
test_13191,2.0690617930085864e-06
test_13192,0.18551307916641235
test_13193,0.1430421769618988
test_13194,0.8820674419403076
test_13195,0.0013457277091220021
test_13196,0.9981021285057068
test_13197,2.269819390221528e-07
test_13198,0.544183075428009
test_13199,0.8383913040161133
test_13200,0.324137419462204
test_13201,0.0028674285858869553
test_13202,0.9017831683158875
test_13203,0.9999873638153076
test_13204,0.15570110082626343
test_13205,0.16525916755199432
test_13206,0.0002528249460738152
test_13207,0.698578417301178
test_13208,0.5938306450843811
test_13209,0.4225347936153412
test_13210,0.9308295249938965
test_13211,0.4486047029495239
test_13212,0.995890736579895
test_13213,3.9808719520806335e-06
test_13214,1.13532414616202e-05
test_13215,0.00026156436069868505
test_13216,0.9985007047653198
test_13217,0.9996187686920166
test_13218,0.8366332054138184
test_13219,0.6505417227745056
test_13220,0.9631636142730713
test_13221,0.004134211223572493
test_13222,0.9945641756057739
test_13223,0.008960194885730743
test_13224,0.9999935626983643
test_13225,0.012441243045032024
test_13226,0.5427071452140808
test_13227,0.9999464750289917
test_13228,0.26831963658332825
test_13229,0.2195197492837906
test_13230,0.0003299444215372205
test_13231,0.9865303635597229
test_13232,0.9062314033508301
test_13233,8.285712283395696e-06
test_13234,0.2297326773405075
test_13235,1.4253631661631516e-06
test_13236,0.1862100511789322
test_13237,0.0035807518288493156
test_13238,0.9120447039604187
test_13239,0.7124263048171997
test_13240,0.01677420176565647
test_13241,0.09617988765239716
test_13242,0.003903004340827465
test_13243,0.09545110166072845
test_13244,0.9997277855873108
test_13245,0.2768503725528717
test_13246,0.9968308806419373
test_13247,0.9999995231628418
test_13248,0.9479568004608154
test_13249,0.01480577327311039
test_13250,0.9976276755332947
test_13251,0.007349095307290554
test_13252,0.6436129808425903
test_13253,0.0005544006708078086
test_13254,0.2285054326057434
test_13255,0.9662277698516846
test_13256,0.04081284627318382
test_13257,0.6768593788146973
test_13258,0.8522664308547974
test_13259,0.9999145269393921
test_13260,8.234971028286964e-05
test_13261,0.05630539730191231
test_13262,0.0005680799949914217
test_13263,6.242450467652816e-07
test_13264,0.49339935183525085
test_13265,0.9999964237213135
test_13266,0.12698018550872803
test_13267,0.4352962374687195
test_13268,0.4902171790599823
test_13269,4.269142550583638e-07
test_13270,8.659472223371267e-05
test_13271,0.0001357828441541642
test_13272,0.4301297962665558
test_13273,0.9982587695121765
test_13274,0.0016648947494104505
test_13275,0.2048710584640503
test_13276,0.02179068885743618
test_13277,0.354625403881073
test_13278,0.060924232006073
test_13279,0.45698079466819763
test_13280,0.018086373805999756
test_13281,0.9991695880889893
test_13282,0.5689319372177124
test_13283,0.11177165806293488
test_13284,0.9854196906089783
test_13285,0.0982164517045021
test_13286,0.9999901056289673
test_13287,0.016799362376332283
test_13288,0.9997214674949646
test_13289,0.08119171857833862
test_13290,0.9999958276748657
test_13291,0.2403716742992401
test_13292,0.9988328814506531
test_13293,0.9999986886978149
test_13294,0.18358607590198517
test_13295,0.9999063014984131
test_13296,0.41944998502731323
test_13297,6.161345663713291e-05
test_13298,0.9999862909317017
test_13299,0.48868292570114136
test_13300,0.22668775916099548
test_13301,0.9002025723457336
test_13302,0.9985570311546326
test_13303,0.0826810672879219
test_13304,0.9962359070777893
test_13305,0.43075963854789734
test_13306,0.0016914295265451074
test_13307,0.4118719696998596
test_13308,0.9999791383743286
test_13309,0.554920494556427
test_13310,0.8976728320121765
test_13311,0.9941843152046204
test_13312,0.02136329934000969
test_13313,0.35754871368408203
test_13314,0.9892536997795105
test_13315,0.9998428821563721
test_13316,6.211463414729224e-07
test_13317,0.9999595880508423
test_13318,0.012278560549020767
test_13319,0.9994927644729614
test_13320,4.536143023869954e-05
test_13321,0.25815045833587646
test_13322,1.5310126400436275e-05
test_13323,0.7700923085212708
test_13324,0.013220792636275291
test_13325,0.479290634393692
test_13326,0.03342091664671898
test_13327,0.9999998807907104
test_13328,1.2317142136453185e-05
test_13329,0.0005685192882083356
test_13330,2.0136769762757467e-06
test_13331,0.05714410915970802
test_13332,0.0033233235590159893
test_13333,0.9773658514022827
test_13334,0.02251344919204712
test_13335,4.047241418447811e-06
test_13336,0.005163499154150486
test_13337,0.999994158744812
test_13338,0.30459830164909363
test_13339,0.9028612971305847
test_13340,0.008548992685973644
test_13341,0.9999426603317261
test_13342,0.014577810652554035
test_13343,0.9999954700469971
test_13344,0.5535145401954651
test_13345,0.9963724613189697
test_13346,0.7493883967399597
test_13347,0.2128908932209015
test_13348,0.0010288477642461658
test_13349,8.748447726247832e-06
test_13350,0.0006403301376849413
test_13351,0.9987963438034058
test_13352,0.0001834666181821376
test_13353,0.2201347053050995
test_13354,0.9661454558372498
test_13355,0.9264848828315735
test_13356,0.9778969287872314
test_13357,9.995794971473515e-05
test_13358,0.9999942779541016
test_13359,0.5082628726959229
test_13360,0.9999759197235107
test_13361,0.0007644242141395807
test_13362,0.9999569654464722
test_13363,0.15364129841327667
test_13364,0.947043240070343
test_13365,0.9877026677131653
test_13366,0.999991774559021
test_13367,0.9999994039535522
test_13368,0.9283465147018433
test_13369,0.01563265547156334
test_13370,0.8083439469337463
test_13371,0.999920129776001
test_13372,0.9999592304229736
test_13373,0.9373818039894104
test_13374,0.9371726512908936
test_13375,0.9988402724266052
test_13376,0.9999737739562988
test_13377,0.420073539018631
test_13378,2.5874533093883656e-07
test_13379,0.00580171775072813
test_13380,0.4065004289150238
test_13381,1.4265900063037407e-05
test_13382,0.9999628067016602
test_13383,0.9337740540504456
test_13384,0.546947181224823
test_13385,0.9805050492286682
test_13386,3.0021279599168338e-05
test_13387,0.00018131587421521544
test_13388,1.0574580073807738e-06
test_13389,0.39237180352211
test_13390,0.0020557763054966927
test_13391,0.7464478015899658
test_13392,0.006016009487211704
test_13393,0.6621323823928833
test_13394,0.9850717782974243
test_13395,0.6377894878387451
test_13396,0.9942901134490967
test_13397,0.9956413507461548
test_13398,0.0006728825974278152
test_13399,0.9961632490158081
test_13400,0.9963284134864807
test_13401,0.0012584817595779896
test_13402,0.19049440324306488
test_13403,0.9982578158378601
test_13404,0.999893069267273
test_13405,0.9259430766105652
test_13406,0.9844260215759277
test_13407,0.0012023402377963066
test_13408,0.4139889180660248
test_13409,0.4432085454463959
test_13410,0.032685454934835434
test_13411,0.9999722242355347
test_13412,0.9998176693916321
test_13413,0.0171972643584013
test_13414,0.0039848219603300095
test_13415,0.9970333576202393
test_13416,1.0
test_13417,1.0798809853440616e-05
test_13418,0.027712883427739143
test_13419,0.48517900705337524
test_13420,0.9999990463256836
test_13421,0.15847145020961761
test_13422,0.8375309109687805
test_13423,0.4747094213962555
test_13424,0.8362202048301697
test_13425,6.622546789003536e-05
test_13426,0.27493295073509216
test_13427,0.9999533891677856
test_13428,0.9999986886978149
test_13429,0.4004620313644409
test_13430,0.0006275303312577307
test_13431,0.528494119644165
test_13432,0.7435027956962585
test_13433,0.0011685420759022236
test_13434,0.9998311996459961
test_13435,0.2647097110748291
test_13436,6.207985279615968e-05
test_13437,3.646518052846659e-06
test_13438,0.9993904829025269
test_13439,0.9999148845672607
test_13440,0.9977014660835266
test_13441,0.9934219717979431
test_13442,0.9991410970687866
test_13443,0.9122924208641052
test_13444,0.9887021780014038
test_13445,0.9999936819076538
test_13446,3.349121584506065e-07
test_13447,0.629803478717804
test_13448,0.01813093014061451
test_13449,1.59613809955772e-05
test_13450,0.6370283961296082
test_13451,0.6325953602790833
test_13452,0.9950264096260071
test_13453,0.5515096187591553
test_13454,1.6431428093710565e-06
test_13455,0.7884726524353027
test_13456,0.9999998807907104
test_13457,0.3991057276725769
test_13458,0.9396799802780151
test_13459,0.9220380187034607
test_13460,0.00698489136993885
test_13461,3.133012432954274e-05
test_13462,0.9799667000770569
test_13463,7.252521754708141e-05
test_13464,0.00024303814279846847
test_13465,0.10005073249340057
test_13466,0.7397935390472412
test_13467,0.05517997965216637
test_13468,0.0002127611223841086
test_13469,0.9993164539337158
test_13470,0.00024571034009568393
test_13471,0.8617182970046997
test_13472,0.6906759738922119
test_13473,1.0
test_13474,0.3668327331542969
test_13475,0.9859618544578552
test_13476,0.023732144385576248
test_13477,0.9783746600151062
test_13478,0.9659721851348877
test_13479,0.9994953870773315
test_13480,0.4551529884338379
test_13481,0.999843955039978
test_13482,0.08350129425525665
test_13483,0.9894756078720093
test_13484,0.016749955713748932
test_13485,0.9978851675987244
test_13486,0.34870707988739014
test_13487,0.01994962804019451
test_13488,0.00039162792381830513
test_13489,0.9921841025352478
test_13490,9.25975029986148e-08
test_13491,0.2142167091369629
test_13492,0.9974417686462402
test_13493,0.9959646463394165
test_13494,0.05340265482664108
test_13495,0.13324609398841858
test_13496,0.9999862909317017
test_13497,0.15335312485694885
test_13498,0.5174643993377686
test_13499,0.1888228952884674
test_13500,0.999995231628418
test_13501,2.044256461886107e-06
test_13502,0.4017955958843231
test_13503,0.11755291372537613
test_13504,0.04360506311058998
test_13505,5.987381882732734e-06
test_13506,0.012607035227119923
test_13507,0.15271148085594177
test_13508,0.9999465942382812
test_13509,0.020226242020726204
test_13510,0.059391435235738754
test_13511,0.5921251177787781
test_13512,0.5478515625
test_13513,0.0067932577803730965
test_13514,0.03263843432068825
test_13515,0.0006456914125010371
test_13516,0.8234053254127502
test_13517,0.07134422659873962
test_13518,0.0007644555298611522
test_13519,0.281441330909729
test_13520,0.008877603337168694
test_13521,0.9997348189353943
test_13522,0.0029263687320053577
test_13523,0.9946175217628479
test_13524,0.9371480345726013
test_13525,0.1399458944797516
test_13526,0.7066949009895325
test_13527,0.9985169768333435
test_13528,0.9848083257675171
test_13529,0.9999996423721313
test_13530,0.9999998807907104
test_13531,9.72077103256197e-08
test_13532,0.31809118390083313
test_13533,0.8941664099693298
test_13534,0.0026822213549166918
test_13535,0.9999995231628418
test_13536,0.5993616580963135
test_13537,0.00208817096427083
test_13538,6.066387868486345e-06
test_13539,0.09995108097791672
test_13540,0.5739613175392151
test_13541,0.6128687262535095
test_13542,0.0001991593890124932
test_13543,0.004292006604373455
test_13544,1.0
test_13545,0.5270222425460815
test_13546,0.9776849150657654
test_13547,0.06652554124593735
test_13548,0.6082372665405273
test_13549,0.419201135635376
test_13550,4.059573620907031e-05
test_13551,0.9223297834396362
test_13552,0.0015899507561698556
test_13553,0.7186577916145325
test_13554,0.9997673630714417
test_13555,0.0003317371883895248
test_13556,0.45225054025650024
test_13557,0.8973017930984497
test_13558,0.008676473051309586
test_13559,5.1824055844917893e-05
test_13560,0.00028989481506869197
test_13561,7.238093985506566e-06
test_13562,0.04519389942288399
test_13563,0.9999706745147705
test_13564,0.5771545767784119
test_13565,0.9999850988388062
test_13566,0.2928835451602936
test_13567,0.5023890137672424
test_13568,0.8283844590187073
test_13569,0.969102144241333
test_13570,0.9867233633995056
test_13571,0.9488641619682312
test_13572,0.490267813205719
test_13573,0.18904715776443481
test_13574,0.5483888983726501
test_13575,0.9999996423721313
test_13576,0.07323306053876877
test_13577,0.00018321313837077469
test_13578,0.9873059988021851
test_13579,0.29743972420692444
test_13580,0.0009050087537616491
test_13581,0.9999982118606567
test_13582,0.9999948740005493
test_13583,4.291933208833143e-08
test_13584,0.9999998807907104
test_13585,0.999954342842102
test_13586,0.6681330800056458
test_13587,0.014883499592542648
test_13588,0.25931787490844727
test_13589,0.9999629259109497
test_13590,0.52504962682724
test_13591,0.8155837059020996
test_13592,0.16011956334114075
test_13593,0.9980992674827576
test_13594,0.13209044933319092
test_13595,0.001270111883059144
test_13596,1.6477375197609945e-07
test_13597,4.508411848291871e-07
test_13598,1.3769740689895116e-06
test_13599,0.8405668139457703
test_13600,3.072639083256945e-05
test_13601,0.9434637427330017
test_13602,0.999998927116394
test_13603,0.9999892711639404
test_13604,0.9999998807907104
test_13605,0.16381578147411346
test_13606,0.999964714050293
test_13607,0.7760903239250183
test_13608,1.275423500146644e-08
test_13609,0.9470463395118713
test_13610,0.32682105898857117
test_13611,0.9999897480010986
test_13612,0.3443255126476288
test_13613,0.9319691061973572
test_13614,0.9838775396347046
test_13615,0.8854113817214966
test_13616,0.0010055117309093475
test_13617,0.05215425416827202
test_13618,6.201098130986793e-06
test_13619,0.9939232468605042
test_13620,5.428182703326456e-08
test_13621,0.9832079410552979
test_13622,0.9999977350234985
test_13623,0.3306747376918793
test_13624,0.6215960383415222
test_13625,0.9921637773513794
test_13626,0.0029561412520706654
test_13627,5.8416564030494555e-08
test_13628,0.26637184619903564
test_13629,1.6315580353420955e-07
test_13630,1.8976219507749192e-05
test_13631,0.0003071811515837908
test_13632,0.7461775541305542
test_13633,0.5134601593017578
test_13634,0.5230693817138672
test_13635,0.9492537975311279
test_13636,0.9989668130874634
test_13637,0.9692906737327576
test_13638,0.6501105427742004
test_13639,0.5080564022064209
test_13640,0.6242080926895142
test_13641,0.99261474609375
test_13642,0.20095905661582947
test_13643,0.02595173940062523
test_13644,2.4932778615038842e-05
test_13645,0.9999994039535522
test_13646,0.9998571872711182
test_13647,0.7955010533332825
test_13648,0.5803666114807129
test_13649,0.0003615091845858842
test_13650,6.65896095597418e-06
test_13651,0.028639329597353935
test_13652,0.5482308268547058
test_13653,0.5093451142311096
test_13654,1.78585594312608e-06
test_13655,5.4187448768061586e-06
test_13656,0.5788823366165161
test_13657,0.0011674988782033324
test_13658,0.5089921951293945
test_13659,0.9996345043182373
test_13660,0.589085578918457
test_13661,0.6695041060447693
test_13662,0.9894114136695862
test_13663,0.8185996413230896
test_13664,0.9959350824356079
test_13665,0.0008750961278565228
test_13666,0.9999953508377075
test_13667,8.246594916272443e-06
test_13668,0.0035605730954557657
test_13669,0.8640814423561096
test_13670,7.371945685008541e-05
test_13671,0.0004568926233332604
test_13672,3.6364074418315795e-08
test_13673,0.00011084050493082032
test_13674,0.296949177980423
test_13675,0.5637990236282349
test_13676,0.4373539090156555
test_13677,5.468421022669645e-06
test_13678,8.491162589052692e-05
test_13679,0.011782988905906677
test_13680,0.0042769755236804485
test_13681,0.9973194003105164
test_13682,0.9993879795074463
test_13683,0.9995245933532715
test_13684,0.17120391130447388
test_13685,0.038183946162462234
test_13686,0.00011517803795868531
test_13687,0.9999829530715942
test_13688,0.5324919819831848
test_13689,0.5052557587623596
test_13690,0.49543052911758423
test_13691,0.9999920129776001
test_13692,0.0698295459151268
test_13693,0.020421789959073067
test_13694,0.2710564434528351
test_13695,0.9999988079071045
test_13696,0.9898229837417603
test_13697,0.009349426254630089
test_13698,0.9984159469604492
test_13699,0.9986569881439209
test_13700,0.7358519434928894
test_13701,2.5102820018219063e-06
test_13702,0.8989054560661316
test_13703,0.004826889839023352
test_13704,0.0845811665058136
test_13705,0.5923227071762085
test_13706,0.0021020681597292423
test_13707,0.09427352249622345
test_13708,0.1459743082523346
test_13709,0.3342859745025635
test_13710,0.7483916282653809
test_13711,0.0053527927957475185
test_13712,0.15226367115974426
test_13713,0.986544668674469
test_13714,0.008758075535297394
test_13715,0.009296963922679424
test_13716,0.04166187718510628
test_13717,0.9989691972732544
test_13718,0.9693788290023804
test_13719,0.8078846335411072
test_13720,0.03961104154586792
test_13721,0.9998301267623901
test_13722,0.9367242455482483
test_13723,0.0009678680216893554
test_13724,0.0005497699603438377
test_13725,0.9998879432678223
test_13726,0.0007890361594036222
test_13727,0.9150772094726562
test_13728,0.017244748771190643
test_13729,0.4654751420021057
test_13730,0.0015304083935916424
test_13731,0.7718387842178345
test_13732,0.9999998807907104
test_13733,0.7210385203361511
test_13734,0.011245334520936012
test_13735,0.4910077452659607
test_13736,0.9999381303787231
test_13737,5.901913937123027e-06
test_13738,0.9923551082611084
test_13739,0.99774169921875
test_13740,0.03943274915218353
test_13741,0.39282771944999695
test_13742,0.00019050866831094027
test_13743,0.005710968282073736
test_13744,0.8521246910095215
test_13745,0.028389183804392815
test_13746,0.18038970232009888
test_13747,0.03533579036593437
test_13748,5.228754235142574e-11
test_13749,0.7792031168937683
test_13750,0.14568640291690826
test_13751,0.9952374696731567
test_13752,0.0026591189671307802
test_13753,0.2025996595621109
test_13754,0.8290318250656128
test_13755,0.00024635164299979806
test_13756,0.7438109517097473
test_13757,0.7097049355506897
test_13758,0.16638793051242828
test_13759,0.5812523365020752
test_13760,0.004524188581854105
test_13761,3.173212917317869e-06
test_13762,0.6400787830352783
test_13763,0.9999996423721313
test_13764,0.9994744658470154
test_13765,0.9980781078338623
test_13766,0.0003122190828435123
test_13767,0.08865644037723541
test_13768,1.0
test_13769,0.7650405764579773
test_13770,0.0028451206162571907
test_13771,0.349110871553421
test_13772,4.986151793673343e-07
test_13773,0.5691049695014954
test_13774,0.21076060831546783
test_13775,0.3135529160499573
test_13776,0.9997112154960632
test_13777,0.5201617479324341
test_13778,0.07109731435775757
test_13779,0.9375243782997131
test_13780,0.9999760389328003
test_13781,0.00019707225146703422
test_13782,1.0
test_13783,0.10939815640449524
test_13784,0.056042883545160294
test_13785,0.9998842477798462
test_13786,0.00043008269858546555
test_13787,0.9998672008514404
test_13788,0.017105821520090103
test_13789,0.21666064858436584
test_13790,0.001571587985381484
test_13791,0.029674120247364044
test_13792,0.9995107650756836
test_13793,0.3558427393436432
test_13794,3.392667349544354e-05
test_13795,0.00030745184631086886
test_13796,0.9733563661575317
test_13797,0.9992032647132874
test_13798,0.11833304911851883
test_13799,0.001996108563616872
test_13800,0.9761901497840881
test_13801,0.7932120561599731
test_13802,0.492767870426178
test_13803,0.00014466651191469282
test_13804,0.5123761892318726
test_13805,0.04212983697652817
test_13806,0.17043519020080566
test_13807,0.00041369631071574986
test_13808,0.9999986886978149
test_13809,0.18700122833251953
test_13810,1.0
test_13811,0.08305805921554565
test_13812,0.9985265731811523
test_13813,0.9998432397842407
test_13814,3.5999557439936325e-05
test_13815,0.39362114667892456
test_13816,1.0
test_13817,0.9948615431785583
test_13818,0.5055605173110962
test_13819,0.9689058065414429
test_13820,0.9982006549835205
test_13821,0.001725289155729115
test_13822,0.002769383369013667
test_13823,0.9229156374931335
test_13824,0.00029407485271804035
test_13825,4.1905746911652386e-05
test_13826,0.7042156457901001
test_13827,0.8882237672805786
test_13828,0.9936933517456055
test_13829,0.2441696971654892
test_13830,0.0005534167867153883
test_13831,2.630701601447072e-05
test_13832,0.9999169111251831
test_13833,0.9177637696266174
test_13834,0.09199286997318268
test_13835,0.030729342252016068
test_13836,0.9812923669815063
test_13837,0.008678881451487541
test_13838,0.08307342231273651
test_13839,0.7520657181739807
test_13840,0.9928257465362549
test_13841,0.0024428963661193848
test_13842,0.99931800365448
test_13843,0.014484460465610027
test_13844,0.012730652466416359
test_13845,0.9962179064750671
test_13846,0.981238603591919
test_13847,0.00046580834896303713
test_13848,0.9999994039535522
test_13849,0.01697193831205368
test_13850,0.5446364879608154
test_13851,0.9988009929656982
test_13852,0.5370136499404907
test_13853,0.9817038178443909
test_13854,0.9759870767593384
test_13855,0.038917895406484604
test_13856,9.117653098655865e-05
test_13857,0.9999725818634033
test_13858,0.997653067111969
test_13859,0.9968699812889099
test_13860,0.6804954409599304
test_13861,0.9830104112625122
test_13862,0.8473411798477173
test_13863,0.9998724460601807
test_13864,0.017094232141971588
test_13865,0.7739383578300476
test_13866,0.02686510980129242
test_13867,0.0019366726046428084
test_13868,0.000619187077973038
test_13869,0.9936472773551941
test_13870,0.34456270933151245
test_13871,0.5478513836860657
test_13872,0.02007044292986393
test_13873,0.9920652508735657
test_13874,0.999987006187439
test_13875,0.005366662051528692
test_13876,0.9999426603317261
test_13877,4.0876959246816114e-05
test_13878,0.9515332579612732
test_13879,0.04669531434774399
test_13880,0.9996744394302368
test_13881,0.0687253400683403
test_13882,6.453035883424718e-09
test_13883,0.9997754693031311
test_13884,1.46705502857003e-07
test_13885,0.5254944562911987
test_13886,0.03475986048579216
test_13887,0.868505597114563
test_13888,0.9987595081329346
test_13889,0.47620120644569397
test_13890,0.3361924886703491
test_13891,0.9898590445518494
test_13892,0.9999266862869263
test_13893,0.2367081195116043
test_13894,0.22974559664726257
test_13895,0.0015949528897181153
test_13896,0.9942319989204407
test_13897,0.0503697469830513
test_13898,0.6676148772239685
test_13899,0.27179664373397827
test_13900,0.9911826848983765
test_13901,1.2187351785541978e-06
test_13902,0.0019493631552904844
test_13903,0.8609433174133301
test_13904,0.9998218417167664
test_13905,0.014388683252036572
test_13906,0.9999949932098389
test_13907,0.9993748068809509
test_13908,2.366117223573383e-05
test_13909,0.647368848323822
test_13910,0.9999985694885254
test_13911,0.20190133154392242
test_13912,0.9995039701461792
test_13913,0.697172999382019
test_13914,0.0016075040912255645
test_13915,0.056274835020303726
test_13916,0.9888758063316345
test_13917,0.3906680941581726
test_13918,0.000654333271086216
test_13919,0.9507873058319092
test_13920,0.85511314868927
test_13921,0.9999998807907104
test_13922,0.9719886183738708
test_13923,0.9999996423721313
test_13924,0.9950645565986633
test_13925,0.5514841079711914
test_13926,0.9633881449699402
test_13927,0.00021709207794629037
test_13928,0.46933630108833313
test_13929,0.9753216505050659
test_13930,0.9999998807907104
test_13931,0.9999610185623169
test_13932,0.9999759197235107
test_13933,0.5512930750846863
test_13934,0.0013979185605421662
test_13935,0.00012312212493270636
test_13936,0.9991329312324524
test_13937,0.8894016742706299
test_13938,0.9619688391685486
test_13939,0.8579068183898926
test_13940,0.78118497133255
test_13941,0.00031259734532795846
test_13942,0.016542017459869385
test_13943,0.8315545320510864
test_13944,1.0
test_13945,0.5233935713768005
test_13946,0.8069702386856079
test_13947,0.9848544597625732
test_13948,0.0001007733735605143
test_13949,8.172574598575011e-05
test_13950,0.006768179591745138
test_13951,0.0006111550610512495
test_13952,0.719562292098999
test_13953,0.5951375365257263
test_13954,0.9986283779144287
test_13955,0.991950511932373
test_13956,0.6220552325248718
test_13957,0.004211618565022945
test_13958,0.550258994102478
test_13959,0.023006826639175415
test_13960,0.925300121307373
test_13961,0.9966813921928406
test_13962,0.9925100803375244
test_13963,0.9986067414283752
test_13964,0.7112320065498352
test_13965,0.3655282258987427
test_13966,1.4418129694604431e-06
test_13967,0.9999746084213257
test_13968,0.7399845719337463
test_13969,0.11415703594684601
test_13970,0.00034652865724638104
test_13971,0.6369026899337769
test_13972,1.1303849305477343e-06
test_13973,0.9943206310272217
test_13974,0.9511327743530273
test_13975,0.9999985694885254
test_13976,0.4729366600513458
test_13977,0.9956018924713135
test_13978,0.9465876817703247
test_13979,0.6312001943588257
test_13980,7.95882660895586e-05
test_13981,0.022830629721283913
test_13982,0.004937645513564348
test_13983,0.9999847412109375
test_13984,0.4262174069881439
test_13985,0.9999995231628418
test_13986,0.51190584897995
test_13987,0.0008779984200373292
test_13988,0.9999916553497314
test_13989,0.6402981877326965
test_13990,0.5746015906333923
test_13991,0.5288726091384888
test_13992,0.9998225569725037
test_13993,0.2927778363227844
test_13994,0.0003344370052218437
test_13995,0.9987194538116455
test_13996,0.9208518862724304
test_13997,0.004735258873552084
test_13998,3.0999519367469475e-05
test_13999,0.9961591958999634
test_14000,0.00035457167541608214
test_14001,5.8270834415452555e-06
test_14002,3.5094981853944773e-07
test_14003,0.5522972941398621
test_14004,0.9571497440338135
test_14005,0.0036188852973282337
test_14006,0.9999229907989502
test_14007,0.998450756072998
test_14008,0.993504524230957
test_14009,0.9924726486206055
test_14010,0.09707838296890259
test_14011,0.32729554176330566
test_14012,0.9999990463256836
test_14013,0.9999985694885254
test_14014,0.546529233455658
test_14015,0.9999550580978394
test_14016,1.0
test_14017,0.006123596336692572
test_14018,0.0010554625187069178
test_14019,0.6988933682441711
test_14020,0.7928445935249329
test_14021,0.15983597934246063
test_14022,0.7190284729003906
test_14023,1.2280981536605395e-05
test_14024,8.627767442703771e-07
test_14025,0.9999964237213135
test_14026,0.009883143939077854
test_14027,0.0008454922935925424
test_14028,0.40615159273147583
test_14029,0.000637174816802144
test_14030,0.9681466221809387
test_14031,0.9089915752410889
test_14032,2.589137147879228e-05
test_14033,0.0050524440594017506
test_14034,0.0027788111474364996
test_14035,0.05589200183749199
test_14036,0.2523285746574402
test_14037,0.12595760822296143
test_14038,0.6801407337188721
test_14039,0.8789461851119995
test_14040,0.14790500700473785
test_14041,1.4534147339873016e-05
test_14042,1.0
test_14043,0.991806149482727
test_14044,0.29849186539649963
test_14045,0.004090452566742897
test_14046,0.01618298515677452
test_14047,0.9827626943588257
test_14048,0.00016978365601971745
test_14049,0.0018831196939572692
test_14050,0.0050430879928171635
test_14051,0.257445365190506
test_14052,0.9092267751693726
test_14053,0.979189395904541
test_14054,0.9740355014801025
test_14055,0.0038800067268311977
test_14056,5.710514869861072e-07
test_14057,0.6085777878761292
test_14058,0.4960477650165558
test_14059,0.9917967319488525
test_14060,0.9262624382972717
test_14061,0.9996300935745239
test_14062,0.0002016853104578331
test_14063,3.0935011636756826e-06
test_14064,0.9957787990570068
test_14065,0.9029027819633484
test_14066,0.3984365463256836
test_14067,0.12133445590734482
test_14068,0.9999849796295166
test_14069,0.001352141611278057
test_14070,0.0012950943782925606
test_14071,0.001242273603565991
test_14072,0.5800243020057678
test_14073,0.42493054270744324
test_14074,0.9619014859199524
test_14075,0.06093442812561989
test_14076,0.0004782471223734319
test_14077,0.8375244736671448
test_14078,0.9990367889404297
test_14079,0.9999723434448242
test_14080,0.8253392577171326
test_14081,0.883752167224884
test_14082,0.10523448884487152
test_14083,0.0013976870104670525
test_14084,0.9225456714630127
test_14085,0.9999268054962158
test_14086,0.089859239757061
test_14087,0.9930087327957153
test_14088,0.999239444732666
test_14089,0.1926594078540802
test_14090,0.03130814805626869
test_14091,0.0004599019594024867
test_14092,0.9519480466842651
test_14093,0.0035915884654968977
test_14094,0.9999810457229614
test_14095,0.9914703965187073
test_14096,0.9999707937240601
test_14097,0.9974713325500488
test_14098,0.9978324770927429
test_14099,0.290876179933548
test_14100,0.30112457275390625
test_14101,0.9970689415931702
test_14102,0.026430437341332436
test_14103,0.841749370098114
test_14104,0.9872018098831177
test_14105,0.40241187810897827
test_14106,0.43346863985061646
test_14107,0.983124852180481
test_14108,2.5745187031134265e-06
test_14109,2.201949610025622e-05
test_14110,0.0012630041455850005
test_14111,0.9847444891929626
test_14112,0.4364055395126343
test_14113,0.869580090045929
test_14114,0.07023514062166214
test_14115,0.008143051527440548
test_14116,0.77590012550354
test_14117,0.99978107213974
test_14118,0.005375832784920931
test_14119,0.9998733997344971
test_14120,0.0056105684489011765
test_14121,4.2431125280018023e-07
test_14122,0.9809184074401855
test_14123,0.9629471302032471
test_14124,5.7483441196382046e-05
test_14125,0.9635634422302246
test_14126,0.9819753766059875
test_14127,0.6042137145996094
test_14128,1.9852993773383787e-06
test_14129,0.6629124283790588
test_14130,0.26148587465286255
test_14131,0.004015686921775341
test_14132,0.9842312932014465
test_14133,0.5417110323905945
test_14134,1.2994160414336875e-08
test_14135,0.8181176781654358
test_14136,0.08222439885139465
test_14137,1.547975443827454e-05
test_14138,0.0012877401895821095
test_14139,0.016040869057178497
test_14140,0.8058108687400818
test_14141,0.6338202357292175
test_14142,2.2010038236430773e-08
test_14143,5.1252129651402356e-08
test_14144,0.0012681583175435662
test_14145,0.07298818975687027
test_14146,0.5214299559593201
test_14147,0.45886117219924927
test_14148,0.0001190098628285341
test_14149,0.9806448817253113
test_14150,0.00045737563050352037
test_14151,0.5127326250076294
test_14152,0.39593544602394104
test_14153,4.782591211949239e-09
test_14154,0.49029991030693054
test_14155,0.11398660391569138
test_14156,0.08771902322769165
test_14157,0.26221272349357605
test_14158,0.9954233765602112
test_14159,0.001971971709281206
test_14160,0.8364525437355042
test_14161,0.0031787205953150988
test_14162,0.9978529214859009
test_14163,0.9998610019683838
test_14164,0.00042717205360531807
test_14165,0.999757707118988
test_14166,0.001076218788512051
test_14167,0.9367837309837341
test_14168,0.013036665506660938
test_14169,0.47913941740989685
test_14170,0.9932903051376343
test_14171,0.9984857439994812
test_14172,0.0010461595375090837
test_14173,0.13782647252082825
test_14174,0.1554412841796875
test_14175,0.9999986886978149
test_14176,0.007272913120687008
test_14177,1.3018479876336642e-06
test_14178,1.0785612403196865e-06
test_14179,0.997491717338562
test_14180,0.06452976167201996
test_14181,0.012117452919483185
test_14182,0.0022806755732744932
test_14183,0.9481898546218872
test_14184,0.24736280739307404
test_14185,0.9039968252182007
test_14186,3.47626098573528e-07
test_14187,0.10550016164779663
test_14188,0.0857580304145813
test_14189,7.160401160888341e-09
test_14190,0.9998964071273804
test_14191,0.9992558360099792
test_14192,0.8819139003753662
test_14193,0.6932857036590576
test_14194,0.035806573927402496
test_14195,0.999370276927948
test_14196,0.9903709292411804
test_14197,0.9684240221977234
test_14198,0.9075492024421692
test_14199,0.0004943560343235731
test_14200,0.03801358863711357
test_14201,0.0001851268607424572
test_14202,0.6778900027275085
test_14203,0.25219690799713135
test_14204,0.014884982258081436
test_14205,0.5015460252761841
test_14206,0.9314194917678833
test_14207,5.242152951723256e-07
test_14208,0.9796655774116516
test_14209,0.022052869200706482
test_14210,0.9664851427078247
test_14211,8.534649532521144e-05
test_14212,0.9999997615814209
test_14213,0.0032578182872384787
test_14214,0.08142627775669098
test_14215,0.9824740290641785
test_14216,0.025765113532543182
test_14217,0.04775596782565117
test_14218,0.12135104089975357
test_14219,0.661331832408905
test_14220,0.0004086969420313835
test_14221,0.9953140020370483
test_14222,1.2917814274260309e-05
test_14223,6.464766192948446e-05
test_14224,0.04663700982928276
test_14225,0.9997304081916809
test_14226,0.7213213443756104
test_14227,0.31626445055007935
test_14228,0.04694458469748497
test_14229,0.9950571060180664
test_14230,0.2965705692768097
test_14231,0.6211196184158325
test_14232,9.002561114357377e-07
test_14233,0.9999998807907104
test_14234,0.005102228373289108
test_14235,9.802475915421383e-07
test_14236,0.4634549021720886
test_14237,0.9822703003883362
test_14238,0.051130279898643494
test_14239,0.7566306591033936
test_14240,0.00038660792051814497
test_14241,0.2292066067457199
test_14242,0.00035420971107669175
test_14243,0.9863548874855042
test_14244,0.993573009967804
test_14245,0.994549572467804
test_14246,0.2452772855758667
test_14247,0.57390296459198
test_14248,0.9986129999160767
test_14249,0.0031550813000649214
test_14250,0.971841037273407
test_14251,0.9940827488899231
test_14252,0.9207160472869873
test_14253,0.6192660927772522
test_14254,0.9998370409011841
test_14255,0.004700417630374432
test_14256,0.007089302409440279
test_14257,0.9988283514976501
test_14258,1.5152090782066807e-05
test_14259,0.5842050313949585
test_14260,3.600486024879501e-06
test_14261,6.298444350250065e-05
test_14262,0.9970173835754395
test_14263,0.012349795550107956
test_14264,0.06154995411634445
test_14265,8.927566597094483e-08
test_14266,0.34237954020500183
test_14267,0.2883032262325287
test_14268,3.547029700712301e-05
test_14269,0.017514456063508987
test_14270,0.0604647658765316
test_14271,0.004491585772484541
test_14272,0.9904060959815979
test_14273,0.18553878366947174
test_14274,0.9893985986709595
test_14275,0.7792277336120605
test_14276,4.072882973105152e-07
test_14277,0.008690244518220425
test_14278,0.9403015971183777
test_14279,0.9999080896377563
test_14280,0.9982776641845703
test_14281,0.9993951320648193
test_14282,0.5894681215286255
test_14283,1.0620791726978496e-05
test_14284,0.9991482496261597
test_14285,0.11587002873420715
test_14286,0.9999022483825684
test_14287,0.43921446800231934
test_14288,0.9390738010406494
test_14289,1.0
test_14290,0.004127271473407745
test_14291,0.9999834299087524
test_14292,0.006582265254110098
test_14293,0.9999868869781494
test_14294,5.421353534984519e-07
test_14295,1.0
test_14296,0.9999810457229614
test_14297,0.9712868332862854
test_14298,0.5294755101203918
test_14299,0.7004621028900146
test_14300,0.7175434231758118
test_14301,0.0005379887297749519
test_14302,0.2874142527580261
test_14303,0.67400062084198
test_14304,0.3780631721019745
test_14305,0.004577430430799723
test_14306,0.24954082071781158
test_14307,0.9755393266677856
test_14308,0.9999852180480957
test_14309,0.0033414200879633427
test_14310,0.010898214764893055
test_14311,0.9999902248382568
test_14312,0.7827666997909546
test_14313,0.6165993213653564
test_14314,0.6448522210121155
test_14315,2.1285727598296944e-06
test_14316,0.00012914015678688884
test_14317,0.38068708777427673
test_14318,0.0003461083979345858
test_14319,0.9999998807907104
test_14320,0.0014015163760632277
test_14321,0.6502624750137329
test_14322,0.598225474357605
test_14323,0.17397506535053253
test_14324,0.04256248474121094
test_14325,0.020079420879483223
test_14326,5.9567431890172884e-05
test_14327,1.1531884069881926e-07
test_14328,0.9997732043266296
test_14329,0.09582414478063583
test_14330,7.054549496388063e-05
test_14331,0.026660697534680367
test_14332,0.9425001740455627
test_14333,0.000920971913728863
test_14334,0.09360203891992569
test_14335,0.799041211605072
test_14336,0.9999880790710449
test_14337,0.28849393129348755
test_14338,1.4142887266643811e-05
test_14339,0.5586538910865784
test_14340,0.9342489242553711
test_14341,0.2512306272983551
test_14342,0.006733620073646307
test_14343,0.3462059795856476
test_14344,0.48353105783462524
test_14345,0.004507316276431084
test_14346,0.9710491299629211
test_14347,0.7792573571205139
test_14348,0.0008282448397949338
test_14349,0.9901195764541626
test_14350,0.15554434061050415
test_14351,5.600602759336937e-10
test_14352,1.0989743714162614e-05
test_14353,0.9999573230743408
test_14354,0.24378135800361633
test_14355,0.7558034658432007
test_14356,0.592301070690155
test_14357,0.13401782512664795
test_14358,0.26525819301605225
test_14359,0.46982643008232117
test_14360,0.9995187520980835
test_14361,9.364797006128356e-05
test_14362,0.9973750114440918
test_14363,4.488182185014011e-06
test_14364,0.9999536275863647
test_14365,0.015885135158896446
test_14366,0.9705845713615417
test_14367,0.9999943971633911
test_14368,0.5795049667358398
test_14369,0.9970878958702087
test_14370,0.9897831082344055
test_14371,0.9945598244667053
test_14372,6.728247535647824e-05
test_14373,0.016110997647047043
test_14374,0.07672254741191864
test_14375,0.7916702628135681
test_14376,0.4742790162563324
test_14377,0.0002162030286854133
test_14378,0.9996240139007568
test_14379,0.011763964779675007
test_14380,0.9687954783439636
test_14381,0.3379518985748291
test_14382,0.033456478267908096
test_14383,0.997969925403595
test_14384,0.36387088894844055
test_14385,0.8875104188919067
test_14386,0.06122758239507675
test_14387,0.3451178967952728
test_14388,2.7402247724239714e-05
test_14389,0.018998470157384872
test_14390,1.0
test_14391,0.9959781169891357
test_14392,0.9999189376831055
test_14393,0.7343645095825195
test_14394,0.9999961853027344
test_14395,0.7180012464523315
test_14396,0.5043875575065613
test_14397,0.9983183145523071
test_14398,0.9715248346328735
test_14399,0.3077484667301178
test_14400,0.49538174271583557
test_14401,0.9413939714431763
test_14402,2.7466430907452377e-08
test_14403,0.9980809688568115
test_14404,0.42327433824539185
test_14405,0.9999995231628418
test_14406,0.8204973340034485
test_14407,0.6539279818534851
test_14408,0.0014411055017262697
test_14409,0.9926891922950745
test_14410,0.40594011545181274
test_14411,8.267410294138244e-07
test_14412,0.9934414625167847
test_14413,0.9963233470916748
test_14414,6.963346095290035e-07
test_14415,0.15813499689102173
test_14416,0.5179449915885925
test_14417,0.8238628506660461
test_14418,0.006779720075428486
test_14419,0.0010783353354781866
test_14420,0.00021536258282139897
test_14421,0.6794610023498535
test_14422,0.03121981769800186
test_14423,0.38634052872657776
test_14424,0.00016771254013292491
test_14425,0.8537095189094543
test_14426,0.005116793792694807
test_14427,0.9989091157913208
test_14428,1.2263075177543215e-06
test_14429,0.9999889135360718
test_14430,0.3414957523345947
test_14431,0.9804968237876892
test_14432,4.665714357088291e-07
test_14433,0.9999947547912598
test_14434,1.0
test_14435,0.4977615475654602
test_14436,0.29103171825408936
test_14437,0.9999939203262329
test_14438,0.9999688863754272
test_14439,0.31650999188423157
test_14440,0.5217490196228027
test_14441,0.32108739018440247
test_14442,0.8309900760650635
test_14443,0.998150646686554
test_14444,0.09202827513217926
test_14445,3.8002465757580595e-11
test_14446,0.0010550804436206818
test_14447,1.0
test_14448,0.0006409033667296171
test_14449,0.10811072587966919
test_14450,0.6471329927444458
test_14451,0.8173789381980896
test_14452,6.48698744498688e-07
test_14453,0.3876223564147949
test_14454,0.005203245673328638
test_14455,0.7040970325469971
test_14456,0.8183490633964539
test_14457,0.3778577744960785
test_14458,0.06854548305273056
test_14459,0.8647816181182861
test_14460,0.38034725189208984
test_14461,0.0009241671650670469
test_14462,0.9994138479232788
test_14463,0.3714422583580017
test_14464,0.9989688396453857
test_14465,0.9999141693115234
test_14466,0.23349431157112122
test_14467,0.4037323296070099
test_14468,0.5798283219337463
test_14469,0.0017870720475912094
test_14470,0.9319657683372498
test_14471,0.00411041546612978
test_14472,4.1928092286980245e-06
test_14473,0.01570437103509903
test_14474,0.9647051095962524
test_14475,0.7915579080581665
test_14476,0.9962707757949829
test_14477,0.9970223307609558
test_14478,0.9836938977241516
test_14479,0.9008352160453796
test_14480,0.9999369382858276
test_14481,0.044531337916851044
test_14482,0.39214712381362915
test_14483,0.31798070669174194
test_14484,0.8678489327430725
test_14485,0.2831418514251709
test_14486,0.0016226518200710416
test_14487,0.5892865061759949
test_14488,0.007910463958978653
test_14489,0.043793946504592896
test_14490,0.7024796605110168
test_14491,0.9784719347953796
test_14492,0.1608760803937912
test_14493,0.006041640415787697
test_14494,0.00183915626257658
test_14495,1.1413526408432517e-06
test_14496,3.35163122144877e-06
test_14497,0.15534748136997223
test_14498,0.9997394680976868
test_14499,0.0011271712137386203
test_14500,0.0009528541704639792
test_14501,1.1612635297808538e-09
test_14502,0.9999904632568359
test_14503,0.996250569820404
test_14504,0.5495377779006958
test_14505,0.37332233786582947
test_14506,7.95806699898094e-05
test_14507,0.9982775449752808
test_14508,0.001964317401871085
test_14509,0.6033235192298889
test_14510,0.9822689294815063
test_14511,0.9171175956726074
test_14512,0.9999946355819702
test_14513,7.504815584979951e-06
test_14514,0.5318140387535095
test_14515,0.0001479914935771376
test_14516,0.9881452322006226
test_14517,9.053322536090036e-09
test_14518,0.9999139308929443
test_14519,0.870906412601471
test_14520,0.07484015077352524
test_14521,0.9999986886978149
test_14522,1.774511929397704e-06
test_14523,0.999882698059082
test_14524,0.4302841126918793
test_14525,0.2745160758495331
test_14526,0.0054244366474449635
test_14527,0.5270413756370544
test_14528,0.5892725586891174
test_14529,0.006300774868577719
test_14530,0.9195976257324219
test_14531,0.6597028374671936
test_14532,0.0007541605737060308
test_14533,6.965608190512285e-05
test_14534,0.9997624754905701
test_14535,0.1499747782945633
test_14536,0.9999995231628418
test_14537,0.0023156129755079746
test_14538,0.03013971447944641
test_14539,0.016726624220609665
test_14540,0.7414736747741699
test_14541,0.42163488268852234
test_14542,1.0
test_14543,0.4049396812915802
test_14544,0.01686239056289196
test_14545,0.9982200264930725
test_14546,0.9716715812683105
test_14547,0.9958186745643616
test_14548,0.4807839095592499
test_14549,0.9179320931434631
test_14550,0.8943215012550354
test_14551,0.8436829447746277
test_14552,0.725322425365448
test_14553,0.9999470710754395
test_14554,2.5328999981866218e-05
test_14555,0.0004971969174221158
test_14556,0.22003118693828583
test_14557,0.9999327659606934
test_14558,0.02009469084441662
test_14559,0.005521006416529417
test_14560,0.0022647669538855553
test_14561,0.7780613899230957
test_14562,0.9782506823539734
test_14563,0.7731253504753113
test_14564,0.5179073810577393
test_14565,0.9951672554016113
test_14566,0.06686732918024063
test_14567,0.7810590267181396
test_14568,0.9379256367683411
test_14569,0.011504818685352802
test_14570,0.999967098236084
test_14571,0.003967199940234423
test_14572,0.08983591943979263
test_14573,0.9996610879898071
test_14574,0.9999946355819702
test_14575,0.0004036491154693067
test_14576,0.026420477777719498
test_14577,0.9919571876525879
test_14578,0.03018750064074993
test_14579,1.2041546426644345e-07
test_14580,0.9955677390098572
test_14581,0.7211336493492126
test_14582,0.9991555213928223
test_14583,0.9999996423721313
test_14584,0.9834088087081909
test_14585,0.9933382272720337
test_14586,0.3372395634651184
test_14587,0.004430575296282768
test_14588,0.6964592337608337
test_14589,0.0024816791992634535
test_14590,0.9998258948326111
test_14591,0.9936122298240662
test_14592,0.49817076325416565
test_14593,0.9997488856315613
test_14594,0.5654074549674988
test_14595,0.5336741805076599
test_14596,0.6440373659133911
test_14597,0.8941940665245056
test_14598,0.0027755717746913433
test_14599,0.9994367957115173
test_14600,0.9688829779624939
test_14601,0.9999998807907104
test_14602,0.4273398518562317
test_14603,0.17847836017608643
test_14604,0.37178370356559753
test_14605,0.00038883413071744144
test_14606,0.5210304856300354
test_14607,0.0023757335729897022
test_14608,0.9849339723587036
test_14609,0.7022971510887146
test_14610,2.2274161892710254e-05
test_14611,0.012366383336484432
test_14612,0.05483464151620865
test_14613,0.9999598264694214
test_14614,0.9999978542327881
test_14615,0.6648722887039185
test_14616,0.48283082246780396
test_14617,0.9997058510780334
test_14618,0.8881999254226685
test_14619,0.5301332473754883
test_14620,0.9960470795631409
test_14621,0.9014705419540405
test_14622,0.9429743885993958
test_14623,0.9766270518302917
test_14624,0.9922229647636414
test_14625,0.9863656759262085
test_14626,0.9999542236328125
test_14627,0.9914255142211914
test_14628,0.24865926802158356
test_14629,1.0
test_14630,0.00024610047694295645
test_14631,0.8246431350708008
test_14632,0.00039482323336414993
test_14633,0.4954758286476135
test_14634,0.03234151750802994
test_14635,0.953827440738678
test_14636,0.0009078268776647747
test_14637,0.2920544743537903
test_14638,0.9993569254875183
test_14639,0.601979672908783
test_14640,0.07638631761074066
test_14641,5.590039108938072e-06
test_14642,0.0001553187903482467
test_14643,0.998599112033844
test_14644,0.7214259505271912
test_14645,0.32863256335258484
test_14646,0.5684921741485596
test_14647,0.013586781919002533
test_14648,0.025387678295373917
test_14649,0.9935051202774048
test_14650,0.6327970027923584
test_14651,0.9924688935279846
test_14652,0.0037322412244975567
test_14653,0.9654300212860107
test_14654,0.30160224437713623
test_14655,0.17779295146465302
test_14656,5.864626018592389e-06
test_14657,0.3092053532600403
test_14658,4.106188043806469e-06
test_14659,0.932584285736084
test_14660,8.901707042241469e-05
test_14661,0.003251546761021018
test_14662,0.9999790191650391
test_14663,0.9580766558647156
test_14664,0.0004951730952598155
test_14665,0.01919032819569111
test_14666,0.9971240162849426
test_14667,0.05392785370349884
test_14668,0.9956236481666565
test_14669,0.6947082877159119
test_14670,0.9027398228645325
test_14671,0.02490793913602829
test_14672,0.9365299344062805
test_14673,0.2257310450077057
test_14674,0.9969800114631653
test_14675,0.9856960773468018
test_14676,0.9999926090240479
test_14677,0.2843846082687378
test_14678,0.9074863791465759
test_14679,0.9569856524467468
test_14680,0.0006460099830292165
test_14681,0.6776452660560608
test_14682,0.9910255074501038
test_14683,1.6376095857140172e-07
test_14684,0.872259795665741
test_14685,0.9919278621673584
test_14686,0.11813484877347946
test_14687,0.4126797914505005
test_14688,0.9999873638153076
test_14689,1.966611762327375e-06
test_14690,0.6791695356369019
test_14691,0.9922943115234375
test_14692,0.0010681896237656474
test_14693,0.9992457628250122
test_14694,0.3222058117389679
test_14695,0.7565880417823792
test_14696,0.9999963045120239
test_14697,0.3500194847583771
test_14698,0.9999904632568359
test_14699,0.996070146560669
test_14700,0.9999939203262329
test_14701,0.19160909950733185
test_14702,0.6766197085380554
test_14703,0.6671394109725952
test_14704,0.9999991655349731
test_14705,0.5398236513137817
test_14706,0.5209967494010925
test_14707,0.0018608903046697378
test_14708,0.00015002769941929728
test_14709,0.6146718859672546
test_14710,0.9998892545700073
test_14711,0.0007990545709617436
test_14712,0.002104874700307846
test_14713,0.04929326847195625
test_14714,0.9973366856575012
test_14715,0.3431713581085205
test_14716,0.9999926090240479
test_14717,0.9855009913444519
test_14718,0.10494629293680191
test_14719,0.26205796003341675
test_14720,0.10525906831026077
test_14721,0.9942889213562012
test_14722,0.9999924898147583
test_14723,0.9970292448997498
test_14724,0.5743875503540039
test_14725,0.9999814033508301
test_14726,0.9993938207626343
test_14727,0.779971718788147
test_14728,7.816691504558548e-05
test_14729,0.5242745876312256
test_14730,0.9944122433662415
test_14731,1.0
test_14732,0.9936478734016418
test_14733,0.985183835029602
test_14734,0.9776754379272461
test_14735,0.32034024596214294
test_14736,0.9723190665245056
test_14737,0.9996167421340942
test_14738,1.4685526366520207e-05
test_14739,0.9982763528823853
test_14740,0.995116114616394
test_14741,1.676765168667771e-05
test_14742,0.4544098675251007
test_14743,0.9999997615814209
test_14744,0.9999978542327881
test_14745,1.0
test_14746,0.9968234300613403
test_14747,0.9089224338531494
test_14748,0.7008835077285767
test_14749,0.7692497968673706
test_14750,0.0005315230810083449
test_14751,0.3396243155002594
test_14752,1.0402120054209263e-08
test_14753,0.01050828117877245
test_14754,0.711599588394165
test_14755,0.006623789668083191
test_14756,0.89853435754776
test_14757,0.9998239874839783
test_14758,0.9999923706054688
test_14759,0.004406256135553122
test_14760,0.41491562128067017
test_14761,0.9884167313575745
test_14762,1.4102572443164263e-09
test_14763,0.31839293241500854
test_14764,0.9927608966827393
test_14765,1.0291619778612926e-09
test_14766,0.9994778037071228
test_14767,0.9999872446060181
test_14768,0.6218312382698059
test_14769,0.9999998807907104
test_14770,0.9996483325958252
test_14771,0.28798386454582214
test_14772,0.14791572093963623
test_14773,0.056572917848825455
test_14774,0.17310257256031036
test_14775,0.5367778539657593
test_14776,0.4579460322856903
test_14777,0.9924775958061218
test_14778,0.9907145500183105
test_14779,0.04352196678519249
test_14780,0.9999997615814209
test_14781,0.00212965183891356
test_14782,0.7662026286125183
test_14783,0.6936939358711243
test_14784,0.05533501133322716
test_14785,0.9762747883796692
test_14786,0.006622764281928539
test_14787,0.0011839393991976976
test_14788,0.9375832676887512
test_14789,0.0868164673447609
test_14790,0.13123002648353577
test_14791,0.9998800754547119
test_14792,0.6656407713890076
test_14793,0.9997614026069641
test_14794,0.024958128109574318
test_14795,0.9998857975006104
test_14796,0.9977643489837646
test_14797,0.9997051358222961
test_14798,0.9984731078147888
test_14799,0.01712643913924694
test_14800,0.04549334943294525
test_14801,3.567883686628193e-05
test_14802,0.0006307142321020365
test_14803,0.733161211013794
test_14804,0.037255365401506424
test_14805,0.02037179470062256
test_14806,2.643351990627707e-07
test_14807,0.9130669236183167
test_14808,0.8956508040428162
test_14809,0.6305543780326843
test_14810,0.04304693639278412
test_14811,0.5630240440368652
test_14812,0.999995231628418
test_14813,0.9669824838638306
test_14814,0.9997463822364807
test_14815,0.6716931462287903
test_14816,9.285486885346472e-05
test_14817,0.1333213746547699
test_14818,0.8117551803588867
test_14819,0.999975323677063
test_14820,0.3912543058395386
test_14821,9.439171662961598e-06
test_14822,0.9321090579032898
test_14823,0.5346312522888184
test_14824,0.8860266804695129
test_14825,0.009601830504834652
test_14826,0.47214266657829285
test_14827,0.9999958276748657
test_14828,0.07157795131206512
test_14829,0.9999977350234985
test_14830,0.4491406977176666
test_14831,0.29198211431503296
test_14832,0.173568457365036
test_14833,0.004194303881376982
test_14834,0.3957613408565521
test_14835,0.0005562595324590802
test_14836,0.998678982257843
test_14837,1.1538980288605671e-05
test_14838,0.002543391427025199
test_14839,0.505692183971405
test_14840,0.0002308817347511649
test_14841,0.9999998807907104
test_14842,1.0
test_14843,0.012462985701858997
test_14844,0.8445394039154053
test_14845,0.9999836683273315
test_14846,0.9602669477462769
test_14847,0.4837358891963959
test_14848,0.4191489517688751
test_14849,0.7759439945220947
test_14850,0.002916174242272973
test_14851,0.5948650240898132
test_14852,0.28818637132644653
test_14853,8.164815312738938e-08
test_14854,0.36899298429489136
test_14855,0.9750314354896545
test_14856,0.00013982686505187303
test_14857,0.6365708112716675
test_14858,0.9792889952659607
test_14859,0.6337520480155945
test_14860,1.0
test_14861,0.07903734594583511
test_14862,0.13158361613750458
test_14863,0.01565862074494362
test_14864,3.080443275393918e-05
test_14865,0.9857607483863831
test_14866,0.004994065035134554
test_14867,0.03939427435398102
test_14868,0.38616302609443665
test_14869,0.9999994039535522
test_14870,7.588363587274216e-06
test_14871,0.9873698353767395
test_14872,0.8943809270858765
test_14873,0.15574347972869873
test_14874,0.00033011025516316295
test_14875,0.9716182351112366
test_14876,0.008768045343458652
test_14877,0.09365849941968918
test_14878,0.9999618530273438
test_14879,0.9712860584259033
test_14880,0.999990701675415
test_14881,0.4210807979106903
test_14882,0.18528497219085693
test_14883,0.9741422533988953
test_14884,0.3123024106025696
test_14885,0.9979185461997986
test_14886,0.6787486672401428
test_14887,0.2664310038089752
test_14888,0.918411374092102
test_14889,0.002559884451329708
test_14890,0.00017068306624423712
test_14891,0.9999991655349731
test_14892,0.37763163447380066
test_14893,0.0011980970157310367
test_14894,0.5032083988189697
test_14895,0.5028514266014099
test_14896,2.8855796699644998e-05
test_14897,0.0002573850506450981
test_14898,0.9999998807907104
test_14899,0.0005028809537179768
test_14900,0.008439742960035801
test_14901,0.13345369696617126
test_14902,0.3997975289821625
test_14903,0.9999979734420776
test_14904,0.9845202565193176
test_14905,0.816353440284729
test_14906,0.6958712339401245
test_14907,0.10836609452962875
test_14908,0.09954342246055603
test_14909,1.2535767979215962e-09
test_14910,0.011163683608174324
test_14911,0.9985552430152893
test_14912,0.9963147044181824
test_14913,0.9994638562202454
test_14914,0.6924487948417664
test_14915,5.079743459646124e-06
test_14916,0.9976474642753601
test_14917,0.44554948806762695
test_14918,0.46361422538757324
test_14919,0.055984385311603546
test_14920,0.055662743747234344
test_14921,0.5377218127250671
test_14922,4.545366039110377e-08
test_14923,0.0003616200410760939
test_14924,0.9999996423721313
test_14925,0.9999998807907104
test_14926,0.00017506687436252832
test_14927,0.15654899179935455
test_14928,0.999997615814209
test_14929,2.0125883111177245e-06
test_14930,0.18769386410713196
test_14931,0.9991868138313293
test_14932,9.836768003879115e-05
test_14933,0.006850532256066799
test_14934,3.329490255055134e-06
test_14935,0.003850586712360382
test_14936,0.7541126608848572
test_14937,0.9939046502113342
test_14938,0.22817371785640717
test_14939,4.951181509227354e-08
test_14940,0.15983030200004578
test_14941,0.6065264940261841
test_14942,0.9996511936187744
test_14943,0.00018451185314916074
test_14944,0.0707693099975586
test_14945,0.0022639676462858915
test_14946,0.008003141731023788
test_14947,0.9991346001625061
test_14948,0.9962189793586731
test_14949,0.5937872529029846
test_14950,0.9865033626556396
test_14951,0.8084701895713806
test_14952,0.2573346495628357
test_14953,0.9999649524688721
test_14954,0.0028205544222146273
test_14955,9.957032489182893e-06
test_14956,0.2665475010871887
test_14957,0.9142037034034729
test_14958,3.828437913910854e-11
test_14959,0.0003369945625308901
test_14960,0.8997364044189453
test_14961,0.7924780249595642
test_14962,0.6893770694732666
test_14963,0.8995901346206665
test_14964,0.0014240817399695516
test_14965,0.9999961853027344
test_14966,0.9994039535522461
test_14967,7.951497536851093e-05
test_14968,3.8459478673757985e-05
test_14969,0.1007518619298935
test_14970,0.07020433992147446
test_14971,0.00018390904006082565
test_14972,0.5908249020576477
test_14973,0.006352349184453487
test_14974,0.999988317489624
test_14975,0.9442753791809082
test_14976,0.003930298145860434
test_14977,0.946506917476654
test_14978,0.06423945724964142
test_14979,0.0010938809718936682
test_14980,0.9997557997703552
test_14981,0.2580203115940094
test_14982,0.9756014943122864
test_14983,0.9998328685760498
test_14984,1.1640048569461214e-06
test_14985,0.031614627689123154
test_14986,0.9979708790779114
test_14987,0.005121713969856501
test_14988,0.0041284807957708836
test_14989,0.9999995231628418
test_14990,1.3615729585580993e-05
test_14991,0.9535866379737854
test_14992,0.44216153025627136
test_14993,0.9976473450660706
test_14994,0.9976515173912048
test_14995,0.40590858459472656
test_14996,0.9999164342880249
test_14997,0.04380631074309349
test_14998,0.25280919671058655
test_14999,0.722743034362793
test_15000,0.9994372725486755
test_15001,0.9971615076065063
test_15002,7.411760179820703e-06
test_15003,1.219676004637904e-08
test_15004,0.5290364623069763
test_15005,0.0001619748945813626
test_15006,0.42369943857192993
test_15007,0.5648607611656189
test_15008,0.8206955790519714
test_15009,0.00038146934821270406
test_15010,3.0040033379918896e-05
test_15011,0.0008468686137348413
test_15012,3.54393596353475e-05
test_15013,0.9999903440475464
test_15014,0.06411227583885193
test_15015,0.6753863096237183
test_15016,0.003648152807727456
test_15017,0.24370571970939636
test_15018,0.9999125003814697
test_15019,0.01759495586156845
test_15020,0.999966025352478
test_15021,0.08475899696350098
test_15022,0.033211737871170044
test_15023,0.8616048693656921
test_15024,0.8152057528495789
test_15025,4.417853051563725e-05
test_15026,1.1983527201664401e-06
test_15027,0.00010694883530959487
test_15028,0.0009486132184974849
test_15029,0.9989383816719055
test_15030,0.6884525418281555
test_15031,1.1811885670953703e-11
test_15032,0.5292211771011353
test_15033,1.751237505231984e-05
test_15034,0.9999957084655762
test_15035,0.9946303367614746
test_15036,0.00020001117081847042
test_15037,0.01908201351761818
test_15038,0.9875401258468628
test_15039,0.6659979820251465
test_15040,0.8814432621002197
test_15041,1.7641951899349806e-06
test_15042,0.9838438630104065
test_15043,0.40676236152648926
test_15044,0.7202773690223694
test_15045,0.053524117916822433
test_15046,0.00015360472025349736
test_15047,0.9997921586036682
test_15048,0.2623683214187622
test_15049,1.0
test_15050,1.0
test_15051,0.9997631907463074
test_15052,0.6124224662780762
test_15053,3.681796556520567e-07
test_15054,4.2873256461462006e-05
test_15055,0.008722913451492786
test_15056,0.9883861541748047
test_15057,0.16420698165893555
test_15058,0.969694972038269
test_15059,0.9906744360923767
test_15060,0.6200888156890869
test_15061,0.9999188184738159
test_15062,0.998547375202179
test_15063,0.9843404293060303
test_15064,0.8018621802330017
test_15065,0.9990963935852051
test_15066,0.9513363242149353
test_15067,0.9836322665214539
test_15068,0.2822115123271942
test_15069,0.0008988809422589839
test_15070,0.9877961874008179
test_15071,0.5904399156570435
test_15072,0.6011081337928772
test_15073,0.00998654030263424
test_15074,2.6995574444299564e-05
test_15075,0.3900361955165863
test_15076,0.9845752716064453
test_15077,0.8131816387176514
test_15078,0.00805618241429329
test_15079,0.02072702720761299
test_15080,0.0005629995721392334
test_15081,0.6848399639129639
test_15082,0.9971299767494202
test_15083,0.9999926090240479
test_15084,0.9849132895469666
test_15085,0.9978305697441101
test_15086,0.13032060861587524
test_15087,0.9984604120254517
test_15088,0.988606870174408
test_15089,0.00039607082726433873
test_15090,0.0061497678980231285
test_15091,0.045470498502254486
test_15092,0.9999699592590332
test_15093,0.4951115846633911
test_15094,0.9924198985099792
test_15095,0.1383107751607895
test_15096,7.4321665124443825e-06
test_15097,0.9999984502792358
test_15098,0.7860257029533386
test_15099,0.9998996257781982
test_15100,0.3208308517932892
test_15101,0.499212384223938
test_15102,0.9991421699523926
test_15103,0.06461650133132935
test_15104,0.9988551139831543
test_15105,0.9996639490127563
test_15106,0.9986279010772705
test_15107,0.31032243371009827
test_15108,0.010390324518084526
test_15109,0.4137292206287384
test_15110,0.9993984699249268
test_15111,0.9934964179992676
test_15112,0.9999370574951172
test_15113,0.21191975474357605
test_15114,0.9999587535858154
test_15115,0.8749076724052429
test_15116,0.9999992847442627
test_15117,0.002151908352971077
test_15118,0.12265266478061676
test_15119,1.340252353543292e-08
test_15120,5.185569534660317e-05
test_15121,0.017729181796312332
test_15122,0.16658489406108856
test_15123,0.4193580746650696
test_15124,0.0005779119092039764
test_15125,0.5710013508796692
test_15126,0.8515207171440125
test_15127,0.9867896437644958
test_15128,0.06356630474328995
test_15129,0.33868661522865295
test_15130,0.0347532294690609
test_15131,0.11679255962371826
test_15132,0.32465189695358276
test_15133,0.9230024218559265
test_15134,1.0
test_15135,0.9993389248847961
test_15136,0.5691624879837036
test_15137,0.8261187672615051
test_15138,0.9999794960021973
test_15139,0.551869809627533
test_15140,4.551982613065775e-07
test_15141,0.6196340918540955
test_15142,0.9999881982803345
test_15143,0.010190505534410477
test_15144,0.0002022842672886327
test_15145,0.9987801909446716
test_15146,0.9994907379150391
test_15147,0.0002955663076136261
test_15148,0.459229439496994
test_15149,0.046087734401226044
test_15150,0.08062512427568436
test_15151,0.9895317554473877
test_15152,0.011478806845843792
test_15153,1.5424229786731303e-05
test_15154,0.7407716512680054
test_15155,0.009545733220875263
test_15156,0.6764732599258423
test_15157,0.9618374109268188
test_15158,5.734747432484255e-08
test_15159,0.15449486672878265
test_15160,0.9803054332733154
test_15161,0.999997615814209
test_15162,0.9845637083053589
test_15163,0.028424778953194618
test_15164,0.9997239708900452
test_15165,5.526090899365954e-05
test_15166,2.1161626136745326e-05
test_15167,0.6332833766937256
test_15168,0.00045927020255476236
test_15169,0.00187650416046381
test_15170,0.11607155203819275
test_15171,0.9994447827339172
test_15172,0.1467963308095932
test_15173,1.6233940414167591e-06
test_15174,0.5105882883071899
test_15175,0.9622589945793152
test_15176,0.9994121789932251
test_15177,0.3512882888317108
test_15178,0.002039920538663864
test_15179,0.055013567209243774
test_15180,0.5562993884086609
test_15181,2.105279691022588e-06
test_15182,0.4753967821598053
test_15183,0.44884318113327026
test_15184,0.9999651908874512
test_15185,0.9999988079071045
test_15186,0.9992625117301941
test_15187,0.3362639546394348
test_15188,0.6869507431983948
test_15189,0.944872260093689
test_15190,0.3336167633533478
test_15191,0.00995995756238699
test_15192,5.482999767991714e-05
test_15193,0.005489646457135677
test_15194,0.02710801362991333
test_15195,1.912926381919533e-05
test_15196,0.0014152518706396222
test_15197,0.9999878406524658
test_15198,5.860874807694927e-05
test_15199,0.00018165452638641
test_15200,0.30374541878700256
test_15201,0.46391963958740234
test_15202,0.9967995882034302
test_15203,0.00011773830919992179
test_15204,0.9874656796455383
test_15205,0.9265836477279663
test_15206,0.7847280502319336
test_15207,0.9087662100791931
test_15208,1.548462751088664e-05
test_15209,5.83737893578018e-08
test_15210,0.06894908845424652
test_15211,5.93713230045978e-05
test_15212,0.010714945383369923
test_15213,1.0
test_15214,0.9800413250923157
test_15215,0.999483585357666
test_15216,0.9986300468444824
test_15217,0.04376301169395447
test_15218,0.6186457872390747
test_15219,0.9999507665634155
test_15220,0.00045778241474181414
test_15221,2.4934076137128613e-08
test_15222,0.9999150037765503
test_15223,0.47073543071746826
test_15224,0.2458833009004593
test_15225,0.008195034228265285
test_15226,0.5132132768630981
test_15227,0.030295969918370247
test_15228,0.9998668432235718
test_15229,0.0004510686849243939
test_15230,0.9999771118164062
test_15231,0.9387685060501099
test_15232,0.686861515045166
test_15233,0.0002972318325191736
test_15234,0.8134201169013977
test_15235,3.062476389459334e-05
test_15236,0.9996383190155029
test_15237,0.002552939346060157
test_15238,0.9999657869338989
test_15239,0.21381893754005432
test_15240,0.9999399185180664
test_15241,0.0004126369603909552
test_15242,0.006450308486819267
test_15243,4.319042636780068e-05
test_15244,3.794319854932837e-05
test_15245,0.9999891519546509
test_15246,0.3131551742553711
test_15247,0.9993780851364136
test_15248,0.7155213356018066
test_15249,0.7092969417572021
test_15250,0.9267733097076416
test_15251,0.9999996423721313
test_15252,0.9014084339141846
test_15253,0.9999943971633911
test_15254,3.263366670580581e-05
test_15255,0.00021408362954389304
test_15256,3.8380047044483945e-05
test_15257,0.8740304708480835
test_15258,0.0008997287950478494
test_15259,0.01752978004515171
test_15260,0.9995064735412598
test_15261,0.9685119986534119
test_15262,0.31991663575172424
test_15263,0.9994244575500488
test_15264,0.8093577027320862
test_15265,0.09443950653076172
test_15266,0.9999465942382812
test_15267,0.0014491361798718572
test_15268,0.0034224665723741055
test_15269,0.9481204748153687
test_15270,0.6649706363677979
test_15271,0.0008520452538505197
test_15272,0.9996237754821777
test_15273,0.8695811629295349
test_15274,0.06580901145935059
test_15275,0.0010539331706240773
test_15276,0.8463481068611145
test_15277,0.3206917643547058
test_15278,0.9980975985527039
test_15279,0.999864935874939
test_15280,0.9878563284873962
test_15281,0.000995128066278994
test_15282,0.9999990463256836
test_15283,0.993728756904602
test_15284,0.9676511883735657
test_15285,0.01782437227666378
test_15286,0.6276954412460327
test_15287,0.7907688617706299
test_15288,0.006072541233152151
test_15289,0.0034320494160056114
test_15290,0.5131925344467163
test_15291,0.008085101842880249
test_15292,0.00045247175148688257
test_15293,0.0005183424800634384
test_15294,0.9918599724769592
test_15295,0.8460819125175476
test_15296,0.9759700298309326
test_15297,0.99996018409729
test_15298,2.1319925380680615e-08
test_15299,0.08260726928710938
test_15300,0.010782706551253796
test_15301,0.001001732423901558
test_15302,2.0019392366066313e-08
test_15303,0.5967004895210266
test_15304,0.9889601469039917
test_15305,0.9999977350234985
test_15306,0.9998512268066406
test_15307,0.9962860345840454
test_15308,0.022847697138786316
test_15309,0.9989670515060425
test_15310,0.48574385046958923
test_15311,0.03726474940776825
test_15312,0.014819580130279064
test_15313,0.0019322792068123817
test_15314,0.007515537552535534
test_15315,0.9680885076522827
test_15316,0.9226438999176025
test_15317,0.008863245137035847
test_15318,0.520362913608551
test_15319,0.6012035608291626
test_15320,0.0005233741831034422
test_15321,0.9999998807907104
test_15322,0.007334374822676182
test_15323,0.7563895583152771
test_15324,0.9506133794784546
test_15325,0.9635950922966003
test_15326,0.09995395690202713
test_15327,0.903245210647583
test_15328,0.12689274549484253
test_15329,0.9598531723022461
test_15330,0.0001758991420501843
test_15331,1.0
test_15332,0.9998341798782349
test_15333,0.0005812558811157942
test_15334,0.6860846877098083
test_15335,0.2845826745033264
test_15336,0.726876437664032
test_15337,0.02535117417573929
test_15338,0.7259788513183594
test_15339,0.04750565066933632
test_15340,0.9759026169776917
test_15341,0.9905524253845215
test_15342,0.0001912815059768036
test_15343,0.002852275036275387
test_15344,1.0
test_15345,0.8892133831977844
test_15346,0.5800953507423401
test_15347,0.9772477746009827
test_15348,1.0101666703121737e-05
test_15349,0.9999227523803711
test_15350,0.2656784951686859
test_15351,0.06487660109996796
test_15352,1.627441633900162e-05
test_15353,0.9567180275917053
test_15354,0.9998818635940552
test_15355,0.9408900737762451
test_15356,0.0002387139538768679
test_15357,1.2597012073456426e-06
test_15358,0.30207109451293945
test_15359,0.9993476271629333
test_15360,0.9991976618766785
test_15361,0.9990045428276062
test_15362,0.00037381911533884704
test_15363,0.3986969590187073
test_15364,0.9965977072715759
test_15365,0.0014009798178449273
test_15366,0.0023669637739658356
test_15367,0.9999885559082031
test_15368,0.9906460046768188
test_15369,0.9998821020126343
test_15370,0.01830255053937435
test_15371,0.013514649122953415
test_15372,0.0055100261233747005
test_15373,0.656761646270752
test_15374,0.9674669504165649
test_15375,0.07171031832695007
test_15376,0.9999822378158569
test_15377,0.9979903697967529
test_15378,0.5510050654411316
test_15379,0.9999245405197144
test_15380,0.9638042449951172
test_15381,0.9999998807907104
test_15382,0.7146816849708557
test_15383,0.0031408839859068394
test_15384,0.0073638735339045525
test_15385,0.015647394582629204
test_15386,0.9659752249717712
test_15387,0.9997584223747253
test_15388,0.976326048374176
test_15389,0.9973214268684387
test_15390,2.6792446078616194e-05
test_15391,0.9620187282562256
test_15392,0.018701232969760895
test_15393,0.9999717473983765
test_15394,0.053814005106687546
test_15395,0.9657691717147827
test_15396,0.006552945822477341
test_15397,0.9977102279663086
test_15398,0.9870098829269409
test_15399,0.08146170526742935
test_15400,0.4423186779022217
test_15401,0.6163593530654907
test_15402,0.7956896424293518
test_15403,0.8880062699317932
test_15404,0.5243638753890991
test_15405,0.9999865293502808
test_15406,0.8128372430801392
test_15407,0.9999487400054932
test_15408,0.12365522235631943
test_15409,0.5847748517990112
test_15410,0.5638812184333801
test_15411,0.9831095337867737
test_15412,1.0
test_15413,0.9796746373176575
test_15414,0.8844727277755737
test_15415,0.48863863945007324
test_15416,0.008429836481809616
test_15417,0.8696659207344055
test_15418,0.999790608882904
test_15419,0.39364078640937805
test_15420,0.9999903440475464
test_15421,0.9513784050941467
test_15422,0.017361130565404892
test_15423,0.7964940071105957
test_15424,1.0
test_15425,0.6716792583465576
test_15426,0.9886472821235657
test_15427,0.9999032020568848
test_15428,1.0
test_15429,0.5410329103469849
test_15430,0.9999957084655762
test_15431,0.9999990463256836
test_15432,0.07691006362438202
test_15433,0.14202016592025757
test_15434,0.6917125582695007
test_15435,0.9999921321868896
test_15436,0.0005258554592728615
test_15437,0.9999854564666748
test_15438,0.0012197846081107855
test_15439,0.9999165534973145
test_15440,0.04833511635661125
test_15441,0.5740842223167419
test_15442,0.9938910007476807
test_15443,0.00612802105024457
test_15444,1.6516862899607077e-07
test_15445,0.9517319202423096
test_15446,0.9995489716529846
test_15447,6.036468766978942e-05
test_15448,0.37926098704338074
test_15449,0.0006633431767113507
test_15450,0.9921382069587708
test_15451,1.948829151388054e-07
test_15452,0.9971275925636292
test_15453,0.89508056640625
test_15454,0.009118990041315556
test_15455,0.9996263980865479
test_15456,0.8407984375953674
test_15457,0.259758859872818
test_15458,0.007832190953195095
test_15459,0.18720942735671997
test_15460,0.9979361295700073
test_15461,0.9921277761459351
test_15462,0.9976317882537842
test_15463,2.6848658762901323e-07
test_15464,0.013844585977494717
test_15465,0.5857092142105103
test_15466,0.9999803304672241
test_15467,0.9883639812469482
test_15468,0.9992340803146362
test_15469,0.33634865283966064
test_15470,0.19174513220787048
test_15471,0.21148443222045898
test_15472,0.040205296128988266
test_15473,0.293965220451355
test_15474,0.18523292243480682
test_15475,0.002826385200023651
test_15476,0.12698762118816376
test_15477,0.999983549118042
test_15478,0.9999996423721313
test_15479,0.9993430972099304
test_15480,0.6232811808586121
test_15481,0.9999175071716309
test_15482,0.5116119980812073
test_15483,0.8995028734207153
test_15484,0.038346197456121445
test_15485,0.9608967900276184
test_15486,0.367463082075119
test_15487,1.4724750144523568e-05
test_15488,0.48529189825057983
test_15489,0.006349051371216774
test_15490,5.890156899113208e-05
test_15491,6.846046289865626e-07
test_15492,0.36759811639785767
test_15493,0.0042320177890360355
test_15494,0.9942893981933594
test_15495,0.44269201159477234
test_15496,1.919250462378841e-05
test_15497,0.959662675857544
test_15498,0.9998562335968018
test_15499,0.9999998807907104
test_15500,5.158656790626992e-07
test_15501,0.9994064569473267
test_15502,0.45609545707702637
test_15503,1.0
test_15504,0.9999815225601196
test_15505,0.9999916553497314
test_15506,0.3453647792339325
test_15507,2.7458178010419942e-05
test_15508,0.9996955394744873
test_15509,0.020361460745334625
test_15510,0.16913171112537384
test_15511,0.9981594681739807
test_15512,0.036808740347623825
test_15513,0.9841005802154541
test_15514,0.9947768449783325
test_15515,0.9736055731773376
test_15516,0.9817536473274231
test_15517,0.24849233031272888
test_15518,0.001063522882759571
test_15519,0.5474012494087219
test_15520,0.7254309058189392
test_15521,0.9997518658638
test_15522,0.9853000044822693
test_15523,0.5276289582252502
test_15524,9.006576146930456e-05
test_15525,0.01085877325385809
test_15526,0.999995231628418
test_15527,0.999842643737793
test_15528,0.002725734142586589
test_15529,0.006571660749614239
test_15530,0.9914201498031616
test_15531,0.03303998336195946
test_15532,0.07401998341083527
test_15533,0.008531861938536167
test_15534,0.00032234398531727493
test_15535,0.003885808866471052
test_15536,0.05437600612640381
test_15537,0.7162814140319824
test_15538,0.3905602693557739
test_15539,0.06528852880001068
test_15540,0.22729790210723877
test_15541,0.9969083666801453
test_15542,2.0484524156927364e-06
test_15543,0.35047388076782227
test_15544,0.2990180253982544
test_15545,0.283113569021225
test_15546,0.0681382268667221
test_15547,6.88060595166462e-08
test_15548,0.024871647357940674
test_15549,0.22446511685848236
test_15550,0.6919224858283997
test_15551,0.02119600772857666
test_15552,0.019538946449756622
test_15553,0.13367322087287903
test_15554,0.0007672818028368056
test_15555,0.9964732527732849
test_15556,0.48296624422073364
test_15557,2.3935353965498507e-06
test_15558,0.08558626472949982
test_15559,0.6179586052894592
test_15560,0.9999831914901733
test_15561,0.48823127150535583
test_15562,0.9894142150878906
test_15563,0.9999988079071045
test_15564,1.122388584917644e-05
test_15565,0.00651254877448082
test_15566,0.6979759931564331
test_15567,0.5019710659980774
test_15568,0.991553008556366
test_15569,0.818612277507782
test_15570,0.9861370325088501
test_15571,0.017462927848100662
test_15572,0.023741664364933968
test_15573,0.5656928420066833
test_15574,0.9972363114356995
test_15575,0.011702556163072586
test_15576,0.9999958276748657
test_15577,0.824079692363739
test_15578,0.999711811542511
test_15579,0.8740770816802979
test_15580,0.999876856803894
test_15581,0.0013259786646813154
test_15582,0.9799643158912659
test_15583,3.9836097130319104e-05
test_15584,0.7901462316513062
test_15585,0.9998898506164551
test_15586,0.872673749923706
test_15587,0.17040136456489563
test_15588,0.5297976732254028
test_15589,0.9999828338623047
test_15590,1.0805919373524375e-05
test_15591,0.4841214120388031
test_15592,0.9806503057479858
test_15593,0.9997078776359558
test_15594,0.9365530014038086
test_15595,0.005345306359231472
test_15596,0.9999998807907104
test_15597,0.9728540182113647
test_15598,0.4875454902648926
test_15599,0.6181111931800842
test_15600,0.6051502227783203
test_15601,0.9557336568832397
test_15602,0.0026301152538508177
test_15603,0.0614691823720932
test_15604,0.19336429238319397
test_15605,1.0550378647167236e-05
test_15606,0.2182178795337677
test_15607,0.9198958873748779
test_15608,0.03247577324509621
test_15609,0.9999444484710693
test_15610,0.5819788575172424
test_15611,0.3472951650619507
test_15612,0.4764493703842163
test_15613,0.9962726831436157
test_15614,0.20697779953479767
test_15615,0.38779211044311523
test_15616,0.0008607074269093573
test_15617,0.6837721467018127
test_15618,0.005377566907554865
test_15619,0.9996676445007324
test_15620,4.126316707697697e-05
test_15621,0.8340673446655273
test_15622,0.001437682076357305
test_15623,0.00921308621764183
test_15624,1.1069811733932511e-08
test_15625,0.403165727853775
test_15626,0.9999063014984131
test_15627,0.6735830903053284
test_15628,0.3345477879047394
test_15629,1.6540727756364504e-06
test_15630,1.4584228665626142e-05
test_15631,0.9178552031517029
test_15632,0.9757189154624939
test_15633,0.9740841388702393
test_15634,7.089449354680255e-05
test_15635,0.0025853293482214212
test_15636,0.41648682951927185
test_15637,0.999439537525177
test_15638,0.9759673476219177
test_15639,0.08361434191465378
test_15640,0.33925846219062805
test_15641,0.9325423240661621
test_15642,0.6127818822860718
test_15643,0.9999994039535522
test_15644,0.9133647680282593
test_15645,0.9999504089355469
test_15646,0.9999645948410034
test_15647,9.71764668733499e-10
test_15648,0.7527588605880737
test_15649,0.5468099117279053
test_15650,0.999998927116394
test_15651,0.13656651973724365
test_15652,0.9997797608375549
test_15653,1.763636464602314e-05
test_15654,0.9999871253967285
test_15655,0.03148074075579643
test_15656,0.9672342538833618
test_15657,0.2445341795682907
test_15658,0.9877190589904785
test_15659,0.06825511157512665
test_15660,0.9000300765037537
test_15661,8.963188156485558e-05
test_15662,0.0008344960515387356
test_15663,1.0
test_15664,1.001132843292396e-09
test_15665,0.6597343683242798
test_15666,0.6093850135803223
test_15667,0.7645144462585449
test_15668,0.9999958276748657
test_15669,0.4465588629245758
test_15670,0.06513208895921707
test_15671,0.9986580610275269
test_15672,0.9215602278709412
test_15673,0.4378524422645569
test_15674,0.00027928705094382167
test_15675,0.9995230436325073
test_15676,4.2632425367727933e-10
test_15677,4.660141348722391e-05
test_15678,1.0
test_15679,0.9586735963821411
test_15680,0.19412940740585327
test_15681,0.2534067630767822
test_15682,6.725918501615524e-05
test_15683,0.2057916522026062
test_15684,0.9972547888755798
test_15685,0.0006339015671983361
test_15686,0.5191759467124939
test_15687,0.986624002456665
test_15688,0.7422628402709961
test_15689,0.32050174474716187
test_15690,0.11668851971626282
test_15691,0.06346894055604935
test_15692,0.37260669469833374
test_15693,0.9999951124191284
test_15694,0.04392242804169655
test_15695,0.0027143191546201706
test_15696,0.9907512068748474
test_15697,0.9996893405914307
test_15698,1.339023203428269e-08
test_15699,0.6620304584503174
test_15700,2.8111912797612604e-06
test_15701,0.9988303780555725
test_15702,0.9956101775169373
test_15703,0.936069130897522
test_15704,0.00011369551066309214
test_15705,0.05066700279712677
test_15706,0.6838986873626709
test_15707,0.9318182468414307
test_15708,0.3685653507709503
test_15709,0.9994780421257019
test_15710,0.8337819576263428
test_15711,0.9738131761550903
test_15712,0.00023490503372158855
test_15713,0.4757719933986664
test_15714,0.20496302843093872
test_15715,0.8130059838294983
test_15716,0.0982353612780571
test_15717,0.9059037566184998
test_15718,0.9998538494110107
test_15719,0.6742772459983826
test_15720,0.9998302459716797
test_15721,0.9997550845146179
test_15722,1.0
test_15723,0.9999945163726807
test_15724,0.9979269504547119
test_15725,0.2602790594100952
test_15726,0.9999747276306152
test_15727,0.7456112504005432
test_15728,0.9387339353561401
test_15729,0.003126157447695732
test_15730,0.004980773665010929
test_15731,0.0038616058882325888
test_15732,0.9351323246955872
test_15733,0.765310525894165
test_15734,0.013322288170456886
test_15735,0.37928974628448486
test_15736,1.5361882788056391e-06
test_15737,0.9806063771247864
test_15738,0.04015654698014259
test_15739,0.6994150876998901
test_15740,0.28832077980041504
test_15741,0.9999980926513672
test_15742,0.8592656254768372
test_15743,0.9999996423721313
test_15744,0.5940465331077576
test_15745,0.8558660745620728
test_15746,0.9953965544700623
test_15747,0.9999997615814209
test_15748,0.004789356142282486
test_15749,0.05589395761489868
test_15750,0.5486259460449219
test_15751,0.9999992847442627
test_15752,0.18565048277378082
test_15753,0.9999948740005493
test_15754,0.016264112666249275
test_15755,1.0
test_15756,5.130380486662034e-06
test_15757,0.9963963627815247
test_15758,0.6744396686553955
test_15759,0.7239651679992676
test_15760,0.9601185917854309
test_15761,0.6125401854515076
test_15762,0.5623242259025574
test_15763,0.7254455089569092
test_15764,0.9992765784263611
test_15765,0.5823800563812256
test_15766,0.0002499438123777509
test_15767,0.9988271594047546
test_15768,0.228288471698761
test_15769,0.22639890015125275
test_15770,0.9976900815963745
test_15771,3.8212201616261154e-05
test_15772,0.7098487019538879
test_15773,2.82540095213335e-05
test_15774,0.9991979002952576
test_15775,1.0
test_15776,0.35279425978660583
test_15777,1.8059907347378612e-07
test_15778,0.33427301049232483
test_15779,8.272727569647031e-08
test_15780,0.0155522171407938
test_15781,0.00291135860607028
test_15782,0.8474711775779724
test_15783,0.768802285194397
test_15784,0.043741375207901
test_15785,0.3948837220668793
test_15786,0.582309901714325
test_15787,0.257351279258728
test_15788,0.011136576533317566
test_15789,3.955067768401932e-06
test_15790,0.9947851300239563
test_15791,0.7545748353004456
test_15792,0.8009664416313171
test_15793,0.5639883279800415
test_15794,0.9957631826400757
test_15795,0.9639920592308044
test_15796,0.08015112578868866
test_15797,0.001892153755761683
test_15798,0.031138155609369278
test_15799,7.273590745171532e-05
test_15800,0.6115366816520691
test_15801,0.995793342590332
test_15802,0.46670064330101013
test_15803,4.390017784317024e-05
test_15804,0.00019445031648501754
test_15805,0.9964356422424316
test_15806,3.280461768895293e-08
test_15807,0.9945281147956848
test_15808,0.8043012022972107
test_15809,0.5024476051330566
test_15810,0.0036193665582686663
test_15811,0.9923211932182312
test_15812,0.016268141567707062
test_15813,0.9999982118606567
test_15814,0.6930226683616638
test_15815,0.006870274897664785
test_15816,0.909018874168396
test_15817,0.22001424431800842
test_15818,0.29369428753852844
test_15819,0.9986146688461304
test_15820,0.627521276473999
test_15821,0.9869421720504761
test_15822,0.9699297547340393
test_15823,0.5143066048622131
test_15824,0.5499944686889648
test_15825,8.537837743460841e-07
test_15826,0.0019810087978839874
test_15827,0.9993151426315308
test_15828,0.9911754131317139
test_15829,0.9834281802177429
test_15830,0.1654585897922516
test_15831,0.0002883525739889592
test_15832,1.0
test_15833,0.5511001944541931
test_15834,0.0014575286768376827
test_15835,0.0007980326772667468
test_15836,0.9991044402122498
test_15837,0.9379568696022034
test_15838,0.0002697611344046891
test_15839,1.0
test_15840,0.9999710321426392
test_15841,9.381341442349367e-06
test_15842,0.5081213712692261
test_15843,0.10461559146642685
test_15844,0.2963273525238037
test_15845,0.35323578119277954
test_15846,0.38620108366012573
test_15847,0.0019302662694826722
test_15848,0.5052338242530823
test_15849,0.6863399744033813
test_15850,0.00018596900918055326
test_15851,0.3510069251060486
test_15852,2.8133741579949856e-05
test_15853,0.6768430471420288
test_15854,0.9899550676345825
test_15855,0.9861438274383545
test_15856,0.9253038763999939
test_15857,0.0006764240679331124
test_15858,0.9338222146034241
test_15859,0.9993419051170349
test_15860,9.079063261197007e-07
test_15861,0.8418797850608826
test_15862,0.20630408823490143
test_15863,0.6113588809967041
test_15864,0.999997615814209
test_15865,0.8894531726837158
test_15866,0.9983617663383484
test_15867,0.4261893332004547
test_15868,0.8535759449005127
test_15869,0.43535226583480835
test_15870,0.16182100772857666
test_15871,0.6073721051216125
test_15872,0.17160357534885406
test_15873,0.13213618099689484
test_15874,0.1268324851989746
test_15875,0.0031773701775819063
test_15876,7.779041879985016e-06
test_15877,0.0015041528968140483
test_15878,0.24020631611347198
test_15879,0.42657431960105896
test_15880,0.39944085478782654
test_15881,0.018521122634410858
test_15882,0.2560484707355499
test_15883,0.0008052721968851984
test_15884,1.0
test_15885,0.9836358428001404
test_15886,0.49514979124069214
test_15887,0.8569044470787048
test_15888,0.9380301833152771
test_15889,0.6520174741744995
test_15890,0.8034233450889587
test_15891,0.571877121925354
test_15892,0.9854182004928589
test_15893,0.000217631968553178
test_15894,0.00047666262253187597
test_15895,0.9999744892120361
test_15896,0.9872927665710449
test_15897,0.9966737031936646
test_15898,0.5228102803230286
test_15899,0.0003516852739267051
test_15900,0.9999996423721313
test_15901,0.887844443321228
test_15902,0.09254151582717896
test_15903,0.4328336715698242
test_15904,0.0001663953735260293
test_15905,0.9940635561943054
test_15906,3.7122292269486934e-05
test_15907,0.9992972612380981
test_15908,5.833870719840206e-09
test_15909,0.9997753500938416
test_15910,0.9888318777084351
test_15911,0.007560002617537975
test_15912,0.9968101382255554
test_15913,0.998649537563324
test_15914,0.5752630829811096
test_15915,0.00019335986871737987
test_15916,1.347373199678259e-05
test_15917,0.018735380843281746
test_15918,1.4934172440916882e-06
test_15919,0.9996552467346191
test_15920,0.9927238821983337
test_15921,0.9999864101409912
test_15922,0.5079105496406555
test_15923,0.9982014894485474
test_15924,0.7099804878234863
test_15925,0.6472203731536865
test_15926,0.9989941716194153
test_15927,0.9999600648880005
test_15928,0.9371480345726013
test_15929,0.9999967813491821
test_15930,0.0006033970275893807
test_15931,0.001760984188877046
test_15932,0.5740375518798828
test_15933,0.9874777793884277
test_15934,0.5403063893318176
test_15935,0.9963793158531189
test_15936,0.13967415690422058
test_15937,0.9269942045211792
test_15938,0.18723714351654053
test_15939,0.9822628498077393
test_15940,0.9999709129333496
test_15941,0.999977707862854
test_15942,1.8091109721396492e-09
test_15943,0.974519670009613
test_15944,0.0001561171666253358
test_15945,0.9864572882652283
test_15946,0.07455231994390488
test_15947,0.05844884365797043
test_15948,0.5210853815078735
test_15949,0.9998923540115356
test_15950,0.5522401928901672
test_15951,1.7494614439783618e-05
test_15952,0.5058262348175049
test_15953,0.5320711731910706
test_15954,0.9999830722808838
test_15955,0.28194332122802734
test_15956,0.0007212348864413798
test_15957,4.3961677874904126e-05
test_15958,0.9962169528007507
test_15959,0.999991774559021
test_15960,0.7588450908660889
test_15961,0.7409912943840027
test_15962,0.4949410855770111
test_15963,0.3992677628993988
test_15964,0.9989769458770752
test_15965,0.0004098647041246295
test_15966,0.9958440661430359
test_15967,0.05862962082028389
test_15968,5.376083208830096e-05
test_15969,0.15124951303005219
test_15970,0.23538391292095184
test_15971,4.929254515673165e-08
test_15972,0.00022303624427877367
test_15973,0.07010181248188019
test_15974,0.005590633023530245
test_15975,0.3593882918357849
test_15976,0.560879111289978
test_15977,0.28014060854911804
test_15978,0.9513372182846069
test_15979,0.8971918821334839
test_15980,0.02299382910132408
test_15981,1.0
test_15982,0.005852096248418093
test_15983,0.9998001456260681
test_15984,0.9558583498001099
test_15985,0.5224443674087524
test_15986,0.01421627588570118
test_15987,8.90875071490882e-07
test_15988,0.8293993473052979
test_15989,0.1568794846534729
test_15990,0.9997543692588806
test_15991,0.9657690525054932
test_15992,9.693027095636353e-05
test_15993,0.9036412835121155
test_15994,0.010475005023181438
test_15995,0.4617465138435364
test_15996,0.4574942886829376
test_15997,0.034861501306295395
test_15998,0.24802376329898834
test_15999,0.4193870425224304
test_16000,0.12502369284629822
test_16001,0.670285165309906
test_16002,0.6502455472946167
test_16003,0.7275324463844299
test_16004,0.006041002459824085
test_16005,1.605265242687892e-05
test_16006,0.0004581288085319102
test_16007,0.5131171345710754
test_16008,0.45271411538124084
test_16009,0.0002421952085569501
test_16010,0.9566618204116821
test_16011,0.23419980704784393
test_16012,0.8838202953338623
test_16013,0.981942355632782
test_16014,1.0726716936915182e-07
test_16015,0.010191020555794239
test_16016,0.1646115481853485
test_16017,0.0003558161552064121
test_16018,0.4942147731781006
test_16019,8.895983683032682e-08
test_16020,0.9999829530715942
test_16021,0.9996125102043152
test_16022,0.9912136197090149
test_16023,0.32178977131843567
test_16024,0.14511215686798096
test_16025,0.7014631032943726
test_16026,0.08454249054193497
test_16027,0.4328278601169586
test_16028,0.0002659560414031148
test_16029,0.055301111191511154
test_16030,1.582285221957136e-06
test_16031,0.5639963746070862
test_16032,0.5553385615348816
test_16033,8.375545945682461e-08
test_16034,0.9999934434890747
test_16035,0.3510657548904419
test_16036,0.0013760587899014354
test_16037,0.002841584151610732
test_16038,3.3587784287192335e-07
test_16039,0.0030877802055329084
test_16040,0.0022273296490311623
test_16041,0.9990127086639404
test_16042,0.9730110764503479
test_16043,0.9987437129020691
test_16044,0.9998331069946289
test_16045,0.9771690368652344
test_16046,0.9387930631637573
test_16047,0.5186963677406311
test_16048,0.9813698530197144
test_16049,0.4326726794242859
test_16050,0.9547045826911926
test_16051,0.3966570496559143
test_16052,0.001234936062246561
test_16053,0.8553854823112488
test_16054,9.779249376151711e-05
test_16055,0.3974311649799347
test_16056,0.6150842905044556
test_16057,0.5684207677841187
test_16058,0.04814674332737923
test_16059,0.9999998807907104
test_16060,0.4372654855251312
test_16061,0.4731745719909668
test_16062,2.5745757739059627e-05
test_16063,0.8597464561462402
test_16064,0.9878402352333069
test_16065,0.897118330001831
test_16066,0.46064338088035583
test_16067,0.9986647367477417
test_16068,4.295055532566039e-06
test_16069,0.1311652958393097
test_16070,0.9457376599311829
test_16071,0.9944789409637451
test_16072,0.4880925714969635
test_16073,0.00016409967793151736
test_16074,0.0002859194646589458
test_16075,0.9983106851577759
test_16076,0.43787938356399536
test_16077,0.8328577876091003
test_16078,0.5446537137031555
test_16079,0.8323250412940979
test_16080,0.9989511966705322
test_16081,0.9723302125930786
test_16082,0.7168164253234863
test_16083,0.000882796011865139
test_16084,0.0196766946464777
test_16085,0.00037252524634823203
test_16086,0.9939600229263306
test_16087,0.2705993354320526
test_16088,0.9233389496803284
test_16089,0.6200101375579834
test_16090,2.058640166069381e-05
test_16091,0.9794914722442627
test_16092,0.5389909148216248
test_16093,0.4813174903392792
test_16094,0.9999606609344482
test_16095,0.9928469061851501
test_16096,0.8968262672424316
test_16097,0.00022139250359032303
test_16098,0.627357542514801
test_16099,0.9927465319633484
test_16100,0.002130817389115691
test_16101,0.03299333527684212
test_16102,1.0
test_16103,0.00231999927200377
test_16104,0.10215891152620316
test_16105,0.2324226349592209
test_16106,0.9997841715812683
test_16107,0.9996163845062256
test_16108,0.0053121247328817844
test_16109,1.0
test_16110,5.091434650239535e-05
test_16111,0.9625012874603271
test_16112,0.9999980926513672
test_16113,0.9995368719100952
test_16114,0.5334044098854065
test_16115,0.6881812214851379
test_16116,0.005739539861679077
test_16117,0.7235829830169678
test_16118,0.9984883069992065
test_16119,0.5129874348640442
test_16120,0.02296631410717964
test_16121,0.998195230960846
test_16122,6.97846246566769e-07
test_16123,0.9999258518218994
test_16124,0.909845769405365
test_16125,0.9986516833305359
test_16126,0.3946613371372223
test_16127,0.5857388377189636
test_16128,0.09184220433235168
test_16129,0.05202624201774597
test_16130,0.9171934127807617
test_16131,0.007614879868924618
test_16132,0.9968146681785583
test_16133,0.02348695695400238
test_16134,0.9736799597740173
test_16135,0.9999910593032837
test_16136,0.9754237532615662
test_16137,0.9708099961280823
test_16138,0.06199271231889725
test_16139,0.9970259070396423
test_16140,0.6029834151268005
test_16141,3.312591445592261e-07
test_16142,0.0005105576128698885
test_16143,0.6923446655273438
test_16144,0.9590161442756653
test_16145,0.43388572335243225
test_16146,0.012988444417715073
test_16147,0.006993691436946392
test_16148,0.7692117691040039
test_16149,0.07039596885442734
test_16150,0.4060811698436737
test_16151,0.9998238682746887
test_16152,6.920223677298054e-05
test_16153,0.9999998807907104
test_16154,0.06909596174955368
test_16155,0.9948358535766602
test_16156,0.6653912663459778
test_16157,2.713337198656518e-05
test_16158,0.003660604590550065
test_16159,0.7145082354545593
test_16160,0.2147059589624405
test_16161,0.9989915490150452
test_16162,0.998891294002533
test_16163,2.4278522232634714e-06
test_16164,0.47052350640296936
test_16165,0.05418828874826431
test_16166,1.127825271396432e-05
test_16167,0.7600626945495605
test_16168,2.0886663509855907e-09
test_16169,0.7103230953216553
test_16170,0.36829596757888794
test_16171,0.0058733015321195126
test_16172,1.489150577071996e-06
test_16173,0.9722451567649841
test_16174,0.0008491189801134169
test_16175,0.5460404753684998
test_16176,0.4899625778198242
test_16177,0.0006716034840792418
test_16178,0.007480959873646498
test_16179,2.3790731574990787e-05
test_16180,0.6692124605178833
test_16181,0.9999978542327881
test_16182,0.013678266666829586
test_16183,1.8688067939365283e-05
test_16184,0.6213566660881042
test_16185,0.9999997615814209
test_16186,0.011885294690728188
test_16187,0.00043062379700131714
test_16188,0.05871191993355751
test_16189,0.8846642971038818
test_16190,0.15860123932361603
test_16191,0.47596871852874756
test_16192,0.9511576294898987
test_16193,0.999998927116394
test_16194,0.003108087694272399
test_16195,0.9999411106109619
test_16196,7.426714000757784e-05
test_16197,0.9993680119514465
test_16198,0.03115363046526909
test_16199,0.9130393862724304
test_16200,0.10814116895198822
test_16201,3.4296019293833524e-05
test_16202,0.9999991655349731
test_16203,0.9966889023780823
test_16204,0.9999767541885376
test_16205,0.9981456995010376
test_16206,0.7861829996109009
test_16207,0.9984840750694275
test_16208,0.5620938539505005
test_16209,0.031248025596141815
test_16210,0.9999996423721313
test_16211,0.9914823770523071
test_16212,0.9999997615814209
test_16213,0.5487398505210876
test_16214,0.3482469618320465
test_16215,0.49029338359832764
test_16216,0.9967977404594421
test_16217,0.03260665386915207
test_16218,0.9637954831123352
test_16219,0.5938942432403564
test_16220,0.9978621602058411
test_16221,0.9701508283615112
test_16222,0.9644238948822021
test_16223,0.3741306662559509
test_16224,0.9926704168319702
test_16225,0.969429612159729
test_16226,0.9888266324996948
test_16227,3.092990937147988e-06
test_16228,0.07787202298641205
test_16229,0.8877295851707458
test_16230,0.9710142016410828
test_16231,0.993274450302124
test_16232,4.7038971388246864e-05
test_16233,0.0005430318415164948
test_16234,0.6204325556755066
test_16235,0.6781499981880188
test_16236,0.006587190553545952
test_16237,0.9999936819076538
test_16238,0.013873846270143986
test_16239,0.005139186512678862
test_16240,0.8280907273292542
test_16241,7.544020377281413e-07
test_16242,0.3035411834716797
test_16243,0.8655962944030762
test_16244,0.4880727529525757
test_16245,0.9966817498207092
test_16246,0.8388711214065552
test_16247,1.2787151035809075e-06
test_16248,0.9946733117103577
test_16249,0.6677777171134949
test_16250,0.6765204071998596
test_16251,0.5593933463096619
test_16252,0.00044428950059227645
test_16253,0.6229357123374939
test_16254,0.6099796295166016
test_16255,0.01751125603914261
test_16256,0.013921263627707958
test_16257,0.4409656524658203
test_16258,0.02233877219259739
test_16259,0.9995009899139404
test_16260,0.25940215587615967
test_16261,0.9950371384620667
test_16262,0.9761610627174377
test_16263,0.11027468740940094
test_16264,3.3135231205960736e-05
test_16265,0.9999302625656128
test_16266,0.9999672174453735
test_16267,3.544562687807229e-08
test_16268,0.9999583959579468
test_16269,1.8435658333260108e-08
test_16270,0.906817615032196
test_16271,0.999996542930603
test_16272,0.9999139308929443
test_16273,0.9991164803504944
test_16274,0.4652464687824249
test_16275,1.0367306458647363e-05
test_16276,2.642045365064405e-05
test_16277,1.0
test_16278,0.00017457811918575317
test_16279,0.05846486985683441
test_16280,0.751042902469635
test_16281,0.9989534616470337
test_16282,0.9999920129776001
test_16283,0.005116728600114584
test_16284,0.00046481520985253155
test_16285,0.856562077999115
test_16286,0.1599052995443344
test_16287,0.7706055045127869
test_16288,0.2717214822769165
test_16289,0.8787077069282532
test_16290,0.027841705828905106
test_16291,0.9999963045120239
test_16292,0.4197137951850891
test_16293,0.023948833346366882
test_16294,0.00026105064898729324
test_16295,0.9999620914459229
test_16296,0.00015855833771638572
test_16297,0.9999818801879883
test_16298,0.995059609413147
test_16299,0.9706629514694214
test_16300,0.0001352304534520954
test_16301,0.00015179098409134895
test_16302,0.6415117383003235
test_16303,0.9998306035995483
test_16304,0.0004471621650736779
test_16305,0.9999966621398926
test_16306,0.609005868434906
test_16307,0.8439843654632568
test_16308,0.9999629259109497
test_16309,0.9999997615814209
test_16310,0.5784342885017395
test_16311,0.7352854013442993
test_16312,0.0029205475002527237
test_16313,2.8883545155622414e-07
test_16314,0.522813618183136
test_16315,0.05197873339056969
test_16316,0.7117438316345215
test_16317,0.9824503660202026
test_16318,0.9998705387115479
test_16319,1.2326636351644993e-05
test_16320,1.0
test_16321,0.8200984001159668
test_16322,0.4428909122943878
test_16323,0.07625287026166916
test_16324,0.9956328272819519
test_16325,0.5584670901298523
test_16326,0.9968827962875366
test_16327,0.002532310551032424
test_16328,0.003942853305488825
test_16329,8.164162136381492e-05
test_16330,0.2149752527475357
test_16331,1.2670575415540952e-05
test_16332,0.8789260983467102
test_16333,0.4903028905391693
test_16334,0.9985653758049011
test_16335,0.9999988079071045
test_16336,0.035244815051555634
test_16337,0.25212132930755615
test_16338,0.9999935626983643
test_16339,0.9912692308425903
test_16340,0.9787589311599731
test_16341,1.0
test_16342,0.715137779712677
test_16343,0.9792536497116089
test_16344,0.34880152344703674
test_16345,0.01181840430945158
test_16346,0.8929111957550049
test_16347,0.25569865107536316
test_16348,0.9984130859375
test_16349,0.9999884366989136
test_16350,0.5017817616462708
test_16351,0.8634607791900635
test_16352,3.6306673223407415e-09
test_16353,0.5739901065826416
test_16354,0.23450684547424316
test_16355,1.0
test_16356,0.19525840878486633
test_16357,0.3528447151184082
test_16358,0.0068969884887337685
test_16359,0.9999629259109497
test_16360,1.2973147022421472e-05
test_16361,1.0516580661867891e-10
test_16362,0.9999943971633911
test_16363,0.6750163435935974
test_16364,0.47827038168907166
test_16365,0.38644856214523315
test_16366,0.06680309027433395
test_16367,0.9999935626983643
test_16368,9.429813871975057e-06
test_16369,0.012935160659253597
test_16370,0.0025622693356126547
test_16371,0.8989304900169373
test_16372,0.9998806715011597
test_16373,0.09230165928602219
test_16374,0.44631242752075195
test_16375,0.6116902828216553
test_16376,0.9773561954498291
test_16377,0.9865295886993408
test_16378,0.004636733327060938
test_16379,0.41163745522499084
test_16380,2.4771588869043626e-06
test_16381,0.6287607550621033
test_16382,1.0339992684293975e-07
test_16383,0.8471188545227051
test_16384,0.9999946355819702
test_16385,0.12645724415779114
test_16386,0.983173668384552
test_16387,0.9999850988388062
test_16388,0.5425646901130676
test_16389,0.9842413067817688
test_16390,0.9971479773521423
test_16391,0.018977520987391472
test_16392,0.9999955892562866
test_16393,0.007560056634247303
test_16394,0.8793251514434814
test_16395,0.0030719914939254522
test_16396,0.9999998807907104
test_16397,2.699222750379704e-05
test_16398,0.9999841451644897
test_16399,2.1162555640330538e-05
test_16400,1.5637506294297054e-05
test_16401,0.9725036025047302
test_16402,0.3528546988964081
test_16403,0.9965649247169495
test_16404,1.0
test_16405,0.06329447776079178
test_16406,0.0005212091491557658
test_16407,0.994529664516449
test_16408,0.03648121654987335
test_16409,2.714483855470462e-07
test_16410,6.719538760080468e-06
test_16411,0.0012971515534445643
test_16412,9.84531725407578e-05
test_16413,0.30566003918647766
test_16414,0.10667898505926132
test_16415,0.9989780187606812
test_16416,0.09633152186870575
test_16417,0.2140776365995407
test_16418,2.7773722877100226e-07
test_16419,1.218126158164523e-06
test_16420,1.0516194492993236e-07
test_16421,0.961043655872345
test_16422,0.41496801376342773
test_16423,0.999634861946106
test_16424,0.020128600299358368
test_16425,0.00919909868389368
test_16426,0.0026014922186732292
test_16427,0.09593448787927628
test_16428,1.3488275953932316e-06
test_16429,0.9983158111572266
test_16430,0.999833345413208
test_16431,0.9950050711631775
test_16432,0.46047523617744446
test_16433,0.0013052640715613961
test_16434,0.6599352359771729
test_16435,0.0001761221792548895
test_16436,0.028530053794384003
test_16437,0.9515726566314697
test_16438,0.2784130275249481
test_16439,0.9982300400733948
test_16440,0.9446160197257996
test_16441,2.6657395210349932e-05
test_16442,0.9953911304473877
test_16443,0.4341038465499878
test_16444,0.9999940395355225
test_16445,0.9999417066574097
test_16446,2.540189598221332e-06
test_16447,0.9920367002487183
test_16448,0.2378242164850235
test_16449,0.9758574366569519
test_16450,0.007257883436977863
test_16451,0.01887209713459015
test_16452,0.9903171062469482
test_16453,0.7768582701683044
test_16454,1.2462962786230491e-06
test_16455,0.9999431371688843
test_16456,0.9313684105873108
test_16457,0.2600943148136139
test_16458,0.009154913015663624
test_16459,0.0005183926550671458
test_16460,0.07174160331487656
test_16461,0.9821895360946655
test_16462,0.880555272102356
test_16463,0.9593262672424316
test_16464,0.8392080068588257
test_16465,0.9876399636268616
test_16466,0.8006369471549988
test_16467,0.49951720237731934
test_16468,0.9168834686279297
test_16469,0.40282008051872253
test_16470,0.5255652070045471
test_16471,0.021393610164523125
test_16472,1.8832057548934245e-06
test_16473,0.027811961248517036
test_16474,0.2779258191585541
test_16475,0.011080329306423664
test_16476,0.0001700967113720253
test_16477,0.17411907017230988
test_16478,0.9999998807907104
test_16479,0.3828697204589844
test_16480,0.7136122584342957
test_16481,0.004355472046881914
test_16482,0.9998579025268555
test_16483,0.05610107630491257
test_16484,0.5963106155395508
test_16485,0.04567631334066391
test_16486,0.8868932723999023
test_16487,0.1474117934703827
test_16488,0.00514928949996829
test_16489,0.035136397927999496
test_16490,0.8016029596328735
test_16491,0.4093233048915863
test_16492,5.499694452737458e-05
test_16493,0.00014414051838684827
test_16494,0.033426858484745026
test_16495,0.5302751660346985
test_16496,0.7483152747154236
test_16497,2.83531189779751e-05
test_16498,0.4432777762413025
test_16499,0.005971243605017662
test_16500,0.9909301400184631
test_16501,0.9906559586524963
test_16502,0.037005580961704254
test_16503,0.039071593433618546
test_16504,1.1407724741729908e-05
test_16505,0.9999998807907104
test_16506,9.54512699991028e-08
test_16507,0.702000617980957
test_16508,0.9999998807907104
test_16509,0.012416030280292034
test_16510,0.006160184275358915
test_16511,0.9999834299087524
test_16512,0.00015623601211700588
test_16513,0.2614116072654724
test_16514,0.3635185658931732
test_16515,0.8453537821769714
test_16516,0.9034481048583984
test_16517,0.02368960529565811
test_16518,0.5343343019485474
test_16519,0.5541239976882935
test_16520,0.05941937118768692
test_16521,0.45771661400794983
test_16522,0.9929632544517517
test_16523,0.9982994198799133
test_16524,0.2731766700744629
test_16525,0.0002346178371226415
test_16526,0.9994148015975952
test_16527,5.160235900802945e-07
test_16528,0.0001220754929818213
test_16529,0.9999363422393799
test_16530,0.5290466547012329
test_16531,0.9756636619567871
test_16532,0.7569963335990906
test_16533,9.50169180669036e-07
test_16534,0.4633741080760956
test_16535,0.7179563641548157
test_16536,3.8220928217924666e-06
test_16537,0.9881455898284912
test_16538,0.9998648166656494
test_16539,0.9692700505256653
test_16540,1.2460396874303115e-06
test_16541,0.0074076964519917965
test_16542,0.5267506241798401
test_16543,0.6359800100326538
test_16544,0.33975058794021606
test_16545,4.0368990994466e-06
test_16546,0.9999967813491821
test_16547,0.1030125543475151
test_16548,0.04957332834601402
test_16549,0.019559470936655998
test_16550,0.9978159666061401
test_16551,0.999998927116394
test_16552,0.8862618207931519
test_16553,0.0002207746874773875
test_16554,0.0007226559100672603
test_16555,0.12385500222444534
test_16556,0.20355252921581268
test_16557,0.9996830224990845
test_16558,0.27523282170295715
test_16559,0.9978213310241699
test_16560,0.03261543810367584
test_16561,0.9927778840065002
test_16562,0.2603152096271515
test_16563,0.00010980282968375832
test_16564,0.4111156761646271
test_16565,0.9296520948410034
test_16566,4.857056410401128e-06
test_16567,0.9999990463256836
test_16568,0.7133817672729492
test_16569,2.6950225219479762e-05
test_16570,0.8329429626464844
test_16571,0.5311131477355957
test_16572,0.6288102269172668
test_16573,0.00017549272160977125
test_16574,0.6850423216819763
test_16575,0.015497774817049503
test_16576,0.08745144307613373
test_16577,0.6698735356330872
test_16578,1.0
test_16579,0.1285211592912674
test_16580,4.8919304163064226e-08
test_16581,0.5545724034309387
test_16582,0.48882177472114563
test_16583,0.9996973276138306
test_16584,0.8812912702560425
test_16585,0.6494538187980652
test_16586,0.38766685128211975
test_16587,0.8608514070510864
test_16588,0.0014254023553803563
test_16589,0.9943910241127014
test_16590,0.3992204964160919
test_16591,0.9999995231628418
test_16592,0.0015089744701981544
test_16593,0.006954078562557697
test_16594,6.828545792814111e-06
test_16595,0.010362140834331512
test_16596,0.005176583305001259
test_16597,0.751890242099762
test_16598,0.9281378388404846
test_16599,0.7971541881561279
test_16600,0.9896311163902283
test_16601,0.0704057440161705
test_16602,0.999985933303833
test_16603,0.9671667814254761
test_16604,0.9920572638511658
test_16605,3.914116177838878e-07
test_16606,0.9007115960121155
test_16607,0.03579404577612877
test_16608,0.9999990463256836
test_16609,0.9999991655349731
test_16610,5.53220367294216e-08
test_16611,0.6731343269348145
test_16612,1.806835462048184e-05
test_16613,0.03107740543782711
test_16614,0.6553138494491577
test_16615,0.010088590905070305
test_16616,2.7499023058652483e-09
test_16617,0.013364538550376892
test_16618,0.13433335721492767
test_16619,3.9040504162812795e-08
test_16620,0.40944841504096985
test_16621,0.5044392347335815
test_16622,0.9999996423721313
test_16623,0.37684205174446106
test_16624,0.8819655179977417
test_16625,0.47527050971984863
test_16626,0.0004261223366484046
test_16627,0.8079499006271362
test_16628,0.5715009570121765
test_16629,0.0009200283093377948
test_16630,3.3507651096442714e-05
test_16631,0.38679489493370056
test_16632,0.9679223299026489
test_16633,0.1089358851313591
test_16634,0.8534543514251709
test_16635,5.815513759444002e-07
test_16636,0.9916960597038269
test_16637,0.00033944559982046485
test_16638,0.9901260137557983
test_16639,0.9969969987869263
test_16640,0.4484202265739441
test_16641,0.7223416566848755
test_16642,0.9877929091453552
test_16643,0.9886285066604614
test_16644,1.0
test_16645,0.9940411448478699
test_16646,0.9994441866874695
test_16647,0.7172631621360779
test_16648,0.7787444591522217
test_16649,0.8870120644569397
test_16650,0.3325064182281494
test_16651,0.35485100746154785
test_16652,0.0024858072865754366
test_16653,0.9670135974884033
test_16654,1.0
test_16655,1.0182089908994385e-06
test_16656,0.35572049021720886
test_16657,0.9955281615257263
test_16658,0.16999633610248566
test_16659,0.7667079567909241
test_16660,0.9999996423721313
test_16661,0.00022323323355522007
test_16662,0.9981564879417419
test_16663,0.011676554568111897
test_16664,0.9999995231628418
test_16665,0.0024627516977488995
test_16666,0.9999696016311646
test_16667,6.961080362088978e-05
test_16668,0.9302288293838501
test_16669,9.595736628398299e-05
test_16670,0.017370210960507393
test_16671,0.4339703917503357
test_16672,1.0
test_16673,0.0007395951543003321
test_16674,0.5059170126914978
test_16675,0.056318894028663635
test_16676,0.05715109780430794
test_16677,0.41459694504737854
test_16678,0.8466922044754028
test_16679,0.0012076476123183966
test_16680,0.28646180033683777
test_16681,0.00022115916362963617
test_16682,0.9996042847633362
test_16683,0.009697425179183483
test_16684,0.000897276506293565
test_16685,8.51239383337088e-06
test_16686,0.07649092376232147
test_16687,0.9996272325515747
test_16688,0.9556195139884949
test_16689,0.9561955332756042
test_16690,0.9434133768081665
test_16691,0.416688472032547
test_16692,0.9999376535415649
test_16693,0.5631632208824158
test_16694,0.9999914169311523
test_16695,0.0027576566208153963
test_16696,0.007974207401275635
test_16697,0.516398549079895
test_16698,0.4139106571674347
test_16699,0.008150387555360794
test_16700,0.2108425796031952
test_16701,7.985287993506063e-06
test_16702,0.45728710293769836
test_16703,0.9991959929466248
test_16704,0.014206143096089363
test_16705,0.4978978633880615
test_16706,0.46977001428604126
test_16707,0.32036662101745605
test_16708,0.9999767541885376
test_16709,0.9996131062507629
test_16710,0.00039555938565172255
test_16711,0.5115568041801453
test_16712,0.023858414962887764
test_16713,0.0026255459524691105
test_16714,2.602887252578512e-05
test_16715,3.724219652667671e-07
test_16716,0.5004256367683411
test_16717,0.8383932113647461
test_16718,0.00047054330934770405
test_16719,0.3535466194152832
test_16720,0.1402987390756607
test_16721,0.9893755912780762
test_16722,0.9969615340232849
test_16723,0.9970647692680359
test_16724,0.0401417501270771
test_16725,0.0004583399568218738
test_16726,2.3500564566347748e-05
test_16727,0.944679856300354
test_16728,1.3380576092458796e-05
test_16729,0.3864974081516266
test_16730,0.8400007486343384
test_16731,0.00949527882039547
test_16732,0.0003854762762784958
test_16733,0.7677430510520935
test_16734,0.9979155659675598
test_16735,3.182110930310955e-08
test_16736,0.9988967180252075
test_16737,1.0
test_16738,0.9877931475639343
test_16739,0.8914802670478821
test_16740,0.8663926720619202
test_16741,0.6637812256813049
test_16742,0.002549083437770605
test_16743,6.778216175007401e-07
test_16744,0.918820321559906
test_16745,0.0003019623691216111
test_16746,0.40705543756484985
test_16747,0.8183611631393433
test_16748,0.999934196472168
test_16749,0.9867603778839111
test_16750,0.9684051275253296
test_16751,0.9353274703025818
test_16752,0.0007367384387180209
test_16753,0.9999992847442627
test_16754,0.2677381634712219
test_16755,0.0011873998446390033
test_16756,0.9995220899581909
test_16757,0.0003560176701284945
test_16758,0.9994588494300842
test_16759,0.9138970375061035
test_16760,0.9942395687103271
test_16761,0.6442299485206604
test_16762,0.07975399494171143
test_16763,0.9581092000007629
test_16764,0.0002113933878717944
test_16765,0.9997429251670837
test_16766,0.9999996423721313
test_16767,0.20674872398376465
test_16768,0.6176488399505615
test_16769,0.848257303237915
test_16770,0.5569989681243896
test_16771,0.752886176109314
test_16772,0.017314709722995758
test_16773,0.702320396900177
test_16774,0.9968202114105225
test_16775,0.007790231611579657
test_16776,0.1985590159893036
test_16777,0.7624720335006714
test_16778,0.16495712101459503
test_16779,0.05020253732800484
test_16780,0.9983634352684021
test_16781,0.362862765789032
test_16782,0.9999996423721313
test_16783,0.4782920777797699
test_16784,0.8066726922988892
test_16785,0.9999027252197266
test_16786,0.04331429302692413
test_16787,0.2545635402202606
test_16788,0.4781798720359802
test_16789,0.3338778614997864
test_16790,0.3902931809425354
test_16791,7.322995099201535e-09
test_16792,0.9989870190620422
test_16793,0.023228326812386513
test_16794,0.9997679591178894
test_16795,2.501349172234768e-06
test_16796,0.5421538949012756
test_16797,0.041153453290462494
test_16798,0.6170932054519653
test_16799,0.9997746348381042
test_16800,0.9999608993530273
test_16801,0.9999853372573853
test_16802,0.6277380585670471
test_16803,0.005665098316967487
test_16804,1.0
test_16805,0.557496964931488
test_16806,0.9935111403465271
test_16807,0.5886111259460449
test_16808,7.508131893985137e-09
test_16809,0.000502691138535738
test_16810,3.505359558175769e-08
test_16811,0.07581549882888794
test_16812,0.006622848566621542
test_16813,4.037896815134445e-06
test_16814,0.03456202149391174
test_16815,0.9996252059936523
test_16816,0.0015393909998238087
test_16817,0.8952631950378418
test_16818,3.592499706428498e-05
test_16819,0.9997624754905701
test_16820,0.004706158302724361
test_16821,0.907189667224884
test_16822,0.0821530893445015
test_16823,0.9999692440032959
test_16824,0.9988290667533875
test_16825,0.09611943364143372
test_16826,0.9044650197029114
test_16827,0.38017380237579346
test_16828,0.08398974686861038
test_16829,0.0008211596286855638
test_16830,8.330857963301241e-05
test_16831,0.2904432713985443
test_16832,0.999961256980896
test_16833,0.15530037879943848
test_16834,0.6240376830101013
test_16835,0.9994851350784302
test_16836,0.0002243158087367192
test_16837,1.0
test_16838,0.5242727994918823
test_16839,0.9249559044837952
test_16840,0.4879015386104584
test_16841,0.9999911785125732
test_16842,0.9904056191444397
test_16843,0.08419813960790634
test_16844,0.9861060380935669
test_16845,0.00021727679995819926
test_16846,8.139344913615787e-07
test_16847,0.320537269115448
test_16848,0.9989261031150818
test_16849,0.9999998807907104
test_16850,5.861188401468098e-05
test_16851,0.00038317107828333974
test_16852,0.002315912861377001
test_16853,0.7306716442108154
test_16854,0.3568618595600128
test_16855,0.009445386938750744
test_16856,0.9749383926391602
test_16857,0.9983575940132141
test_16858,0.9999573230743408
test_16859,0.007373286876827478
test_16860,0.7438661456108093
test_16861,0.8655848503112793
test_16862,0.0003683558607008308
test_16863,0.7970806956291199
test_16864,0.6185071468353271
test_16865,0.04165204241871834
test_16866,0.00039316160837188363
test_16867,0.937220573425293
test_16868,0.6224236488342285
test_16869,0.08354119211435318
test_16870,0.9999996423721313
test_16871,0.9999638795852661
test_16872,1.0
test_16873,0.029644526541233063
test_16874,0.8844802379608154
test_16875,0.006603126879781485
test_16876,0.9846106171607971
test_16877,5.80921721393679e-07
test_16878,0.0214376300573349
test_16879,0.6874797344207764
test_16880,0.9835572242736816
test_16881,0.08689119666814804
test_16882,0.018923431634902954
test_16883,0.994251012802124
test_16884,0.9996337890625
test_16885,0.48000824451446533
test_16886,0.48409536480903625
test_16887,0.9996527433395386
test_16888,0.9955995082855225
test_16889,0.9999889135360718
test_16890,0.9993634819984436
test_16891,0.05973018705844879
test_16892,0.22805576026439667
test_16893,0.9993208646774292
test_16894,0.9999390840530396
test_16895,0.006944173481315374
test_16896,0.8344560265541077
test_16897,0.013058598153293133
test_16898,0.0003154326695948839
test_16899,0.18555283546447754
test_16900,0.0008013147162273526
test_16901,0.0010352515382692218
test_16902,0.0059165130369365215
test_16903,1.0
test_16904,0.9975405931472778
test_16905,0.0476464182138443
test_16906,0.9447599053382874
test_16907,0.8682659268379211
test_16908,0.0017951354384422302
test_16909,0.7069673538208008
test_16910,0.43170297145843506
test_16911,0.006628789473325014
test_16912,0.9906731247901917
test_16913,0.7508848905563354
test_16914,0.1411159187555313
test_16915,0.9142707586288452
test_16916,0.9999998807907104
test_16917,0.00023750436957925558
test_16918,0.9991626739501953
test_16919,0.17405614256858826
test_16920,0.996323823928833
test_16921,0.9656405448913574
test_16922,0.641761064529419
test_16923,5.438265304746892e-08
test_16924,0.23464979231357574
test_16925,0.03708938509225845
test_16926,0.20394150912761688
test_16927,0.00995945930480957
test_16928,0.8949903249740601
test_16929,0.001807527500204742
test_16930,0.41477319598197937
test_16931,0.9986269474029541
test_16932,0.05212446674704552
test_16933,0.9985291957855225
test_16934,0.9999864101409912
test_16935,0.9816017746925354
test_16936,0.9901919364929199
test_16937,0.5260419845581055
test_16938,0.39998167753219604
test_16939,0.0670764371752739
test_16940,0.6855147480964661
test_16941,0.9999943971633911
test_16942,0.9233559966087341
test_16943,0.9690914750099182
test_16944,8.27517760626506e-06
test_16945,5.776682314717618e-07
test_16946,0.99167400598526
test_16947,0.32885462045669556
test_16948,0.0009568175300955772
test_16949,0.6138386130332947
test_16950,0.2673547565937042
test_16951,0.999987006187439
test_16952,0.9995498061180115
test_16953,0.9999973773956299
test_16954,1.7181423572765198e-07
test_16955,0.6094080805778503
test_16956,8.127616411002236e-07
test_16957,0.06314440071582794
test_16958,1.0
test_16959,0.8299521207809448
test_16960,0.9112253189086914
test_16961,0.0028683121781796217
test_16962,0.022571783512830734
test_16963,0.9978309273719788
test_16964,0.27251550555229187
test_16965,0.9991582632064819
test_16966,0.0028614168986678123
test_16967,0.31336089968681335
test_16968,1.0603279179122183e-06
test_16969,0.3318529427051544
test_16970,0.0006802505231462419
test_16971,0.5933290123939514
test_16972,0.29270654916763306
test_16973,0.9997040629386902
test_16974,0.8684884905815125
test_16975,0.08197182416915894
test_16976,0.10892891883850098
test_16977,0.06388066709041595
test_16978,0.5862517356872559
test_16979,0.10095968842506409
test_16980,0.9999998807907104
test_16981,0.9939152598381042
test_16982,0.6938886046409607
test_16983,0.9998387098312378
test_16984,0.024626560509204865
test_16985,5.369522604325994e-10
test_16986,0.2788689136505127
test_16987,9.052394744912817e-08
test_16988,0.5508329272270203
test_16989,2.7728046347874624e-07
test_16990,0.0027183122001588345
test_16991,0.0006441422156058252
test_16992,0.9999991655349731
test_16993,0.4224725365638733
test_16994,0.0002427720173727721
test_16995,0.6510921716690063
test_16996,0.6920415759086609
test_16997,0.9955915808677673
test_16998,0.010385872796177864
test_16999,0.9996845722198486
test_17000,0.4185904562473297
test_17001,0.42789074778556824
test_17002,0.9932438731193542
test_17003,0.0035811273846775293
test_17004,0.9999135732650757
test_17005,0.6637471914291382
test_17006,0.0345970056951046
test_17007,0.8414101004600525
test_17008,0.9923802614212036
test_17009,2.634466200746033e-09
test_17010,1.0077086898263587e-07
test_17011,0.1024804338812828
test_17012,0.991529107093811
test_17013,0.34199249744415283
test_17014,0.08436404168605804
test_17015,0.28738129138946533
test_17016,0.5231335163116455
test_17017,0.749242901802063
test_17018,0.14717723429203033
test_17019,0.0026702769100666046
test_17020,0.9998584985733032
test_17021,0.9912415742874146
test_17022,0.0002098114782711491
test_17023,1.4226350685930811e-05
test_17024,0.1992831528186798
test_17025,0.4205057919025421
test_17026,0.005106587428599596
test_17027,0.9996985197067261
test_17028,0.9999210834503174
test_17029,0.8063266277313232
test_17030,0.9999973773956299
test_17031,0.4258693754673004
test_17032,0.728303074836731
test_17033,0.9896092414855957
test_17034,0.9460940361022949
test_17035,0.23138217628002167
test_17036,1.0
test_17037,6.185553502291441e-05
test_17038,0.4379105865955353
test_17039,3.0993402333479025e-07
test_17040,0.02599601447582245
test_17041,0.4292348623275757
test_17042,0.041637733578681946
test_17043,0.09285137802362442
test_17044,0.028488140553236008
test_17045,3.742456829058938e-05
test_17046,0.9893916845321655
test_17047,0.9965999722480774
test_17048,0.35341978073120117
test_17049,1.0
test_17050,0.11164434999227524
test_17051,0.86744225025177
test_17052,7.009223281784216e-06
test_17053,0.07043160498142242
test_17054,0.9004232883453369
test_17055,2.1201783965807408e-05
test_17056,0.9897691011428833
test_17057,0.9998677968978882
test_17058,0.0029779262840747833
test_17059,0.009483455680310726
test_17060,0.0699438527226448
test_17061,0.0034369162749499083
test_17062,0.9908754825592041
test_17063,0.9993693232536316
test_17064,0.30136609077453613
test_17065,0.9997765421867371
test_17066,0.5354515910148621
test_17067,0.9705296158790588
test_17068,4.670296220865566e-06
test_17069,0.9934919476509094
test_17070,9.0903006366716e-07
test_17071,0.15160103142261505
test_17072,0.9924456477165222
test_17073,0.26080062985420227
test_17074,0.824367105960846
test_17075,0.35179564356803894
test_17076,0.7097318768501282
test_17077,0.784568727016449
test_17078,0.0007730854558758438
test_17079,0.9999881982803345
test_17080,0.9920449256896973
test_17081,0.0025283608119934797
test_17082,0.9589409232139587
test_17083,0.5569873452186584
test_17084,0.15828277170658112
test_17085,4.995638664695434e-05
test_17086,0.5782657265663147
test_17087,0.9939181804656982
test_17088,0.554789662361145
test_17089,0.6377019286155701
test_17090,0.24476581811904907
test_17091,0.0032313140109181404
test_17092,4.112825990887359e-05
test_17093,0.5644214153289795
test_17094,0.8622708320617676
test_17095,0.9999983310699463
test_17096,0.034784380346536636
test_17097,0.9997090697288513
test_17098,0.7444180250167847
test_17099,0.9998941421508789
test_17100,6.427932476071874e-06
test_17101,0.016718102619051933
test_17102,0.6533389687538147
test_17103,0.00014372864097822458
test_17104,0.7990010380744934
test_17105,0.3890427350997925
test_17106,0.9832537770271301
test_17107,0.0006319645908661187
test_17108,0.239948570728302
test_17109,0.9864532351493835
test_17110,0.9882373213768005
test_17111,0.5122222304344177
test_17112,0.999990701675415
test_17113,0.5262794494628906
test_17114,0.995824933052063
test_17115,0.16161870956420898
test_17116,0.9885848164558411
test_17117,3.286690844106488e-05
test_17118,0.9859153032302856
test_17119,0.9656909704208374
test_17120,0.7404196262359619
test_17121,0.661577045917511
test_17122,0.9995904564857483
test_17123,1.9738079572562128e-05
test_17124,0.00027445334126241505
test_17125,0.9895123839378357
test_17126,0.9902700185775757
test_17127,1.3558794087487058e-09
test_17128,0.008109805174171925
test_17129,1.0
test_17130,0.9992351531982422
test_17131,0.0011381247313693166
test_17132,0.927743136882782
test_17133,6.523615780906766e-08
test_17134,0.008189009502530098
test_17135,0.05516013130545616
test_17136,0.4467634856700897
test_17137,0.014522320590913296
test_17138,0.21211017668247223
test_17139,0.5563231110572815
test_17140,7.638379315721977e-07
test_17141,0.8550216555595398
test_17142,0.9588994979858398
test_17143,0.9872832298278809
test_17144,0.39683064818382263
test_17145,0.029217377305030823
test_17146,0.9999709129333496
test_17147,0.9979846477508545
test_17148,1.0306858838626809e-10
test_17149,0.30765652656555176
test_17150,0.4423052668571472
test_17151,0.7101396918296814
test_17152,0.003787609050050378
test_17153,0.5420624017715454
test_17154,0.07129574567079544
test_17155,6.462110468419269e-05
test_17156,2.449046121455467e-07
test_17157,0.9997959733009338
test_17158,0.9069520235061646
test_17159,3.889208528562449e-07
test_17160,0.9912489652633667
test_17161,0.9415865540504456
test_17162,1.4439291362577933e-06
test_17163,0.1263888031244278
test_17164,0.9999711513519287
test_17165,0.993833065032959
test_17166,8.624134352430701e-06
test_17167,0.00044549821177497506
test_17168,0.9997356534004211
test_17169,0.9553078413009644
test_17170,0.00885532796382904
test_17171,0.0018382136477157474
test_17172,0.9447064399719238
test_17173,0.7693435549736023
test_17174,0.9999877214431763
test_17175,0.02375931665301323
test_17176,0.0032913601025938988
test_17177,0.9999940395355225
test_17178,0.23000669479370117
test_17179,0.9930718541145325
test_17180,0.4214803874492645
test_17181,0.37488725781440735
test_17182,0.0003340387193020433
test_17183,0.4829903841018677
test_17184,0.7523480653762817
test_17185,0.9996778964996338
test_17186,0.7869899272918701
test_17187,0.5297364592552185
test_17188,0.7878332138061523
test_17189,0.00012805042206309736
test_17190,0.009140887297689915
test_17191,0.2217528373003006
test_17192,0.367704302072525
test_17193,0.008896722458302975
test_17194,0.9961279034614563
test_17195,0.00964000541716814
test_17196,2.1240781279630028e-05
test_17197,0.0019079173216596246
test_17198,0.0928591713309288
test_17199,9.94666834230884e-07
test_17200,0.9737616777420044
test_17201,3.948767698602751e-05
test_17202,0.0002732343564275652
test_17203,0.9997825026512146
test_17204,0.49694448709487915
test_17205,0.014610216952860355
test_17206,0.9999794960021973
test_17207,5.873155714652967e-06
test_17208,0.9781836867332458
test_17209,0.1765701174736023
test_17210,0.09218670427799225
test_17211,0.0006500279996544123
test_17212,0.9998301267623901
test_17213,0.592068076133728
test_17214,0.3998928368091583
test_17215,0.9985167384147644
test_17216,0.9333391785621643
test_17217,0.16233408451080322
test_17218,0.004138273186981678
test_17219,0.0005804816028103232
test_17220,0.010512858629226685
test_17221,0.5335034728050232
test_17222,0.8982641696929932
test_17223,1.2605130905285478e-05
test_17224,0.008461225777864456
test_17225,0.8285602927207947
test_17226,0.08486007899045944
test_17227,0.9101801514625549
test_17228,0.9289414882659912
test_17229,0.9999735355377197
test_17230,0.39277493953704834
test_17231,0.9991201758384705
test_17232,0.025120383128523827
test_17233,9.277921435568715e-07
test_17234,0.5733466148376465
test_17235,1.0
test_17236,0.00024267021217383444
test_17237,0.974877119064331
test_17238,0.15065538883209229
test_17239,0.9864826798439026
test_17240,0.04383477196097374
test_17241,0.36955639719963074
test_17242,0.8554022312164307
test_17243,0.01850801892578602
test_17244,0.23989027738571167
test_17245,0.28552332520484924
test_17246,0.2853270471096039
test_17247,0.20040783286094666
test_17248,0.0072130924090743065
test_17249,0.9918982982635498
test_17250,1.024338189381524e-06
test_17251,0.9999254941940308
test_17252,0.9124951362609863
test_17253,0.35306668281555176
test_17254,0.02679479867219925
test_17255,0.9250092506408691
test_17256,0.0040877764113247395
test_17257,0.7158191800117493
test_17258,0.8936520218849182
test_17259,0.9999619722366333
test_17260,0.0006873727543279529
test_17261,0.14272622764110565
test_17262,0.49718859791755676
test_17263,0.2593108117580414
test_17264,0.9951735138893127
test_17265,0.225848987698555
test_17266,3.209680077276289e-09
test_17267,0.5110505223274231
test_17268,0.03321561962366104
test_17269,0.012406093999743462
test_17270,0.9820599555969238
test_17271,0.9739654660224915
test_17272,0.747164785861969
test_17273,0.9999991655349731
test_17274,0.057669930160045624
test_17275,0.02161087654531002
test_17276,0.9512990117073059
test_17277,0.9869406819343567
test_17278,0.03833655267953873
test_17279,0.00011059430835302919
test_17280,0.6833544969558716
test_17281,1.7494114672444994e-06
test_17282,0.8939395546913147
test_17283,9.301880510292904e-08
test_17284,0.9839860200881958
test_17285,0.9999994039535522
test_17286,1.0
test_17287,0.6883151531219482
test_17288,0.011525563895702362
test_17289,0.10402292758226395
test_17290,6.727631262037903e-05
test_17291,0.8919873833656311
test_17292,0.98581463098526
test_17293,0.4981718361377716
test_17294,0.9107872843742371
test_17295,0.08718445152044296
test_17296,0.98127281665802
test_17297,0.9996429681777954
test_17298,0.0020182491280138493
test_17299,0.9997269511222839
test_17300,0.010428273119032383
test_17301,0.9978583455085754
test_17302,0.10446260869503021
test_17303,2.8705844812293435e-08
test_17304,0.00468490133062005
test_17305,0.6123536825180054
test_17306,0.9986720085144043
test_17307,0.9898530840873718
test_17308,0.8659221529960632
test_17309,0.5810382962226868
test_17310,0.9999595880508423
test_17311,3.6735827961820178e-06
test_17312,0.8786934018135071
test_17313,0.49708014726638794
test_17314,0.510235071182251
test_17315,0.13635686039924622
test_17316,1.4051965081307571e-05
test_17317,0.98463374376297
test_17318,0.9773362278938293
test_17319,0.9998728036880493
test_17320,0.9569330215454102
test_17321,0.9999991655349731
test_17322,3.5682278394233435e-06
test_17323,0.9989792704582214
test_17324,0.8162990212440491
test_17325,0.004373881500214338
test_17326,0.9737381339073181
test_17327,7.596545401611365e-06
test_17328,0.8878806829452515
test_17329,0.003702987916767597
test_17330,7.294503348020953e-07
test_17331,0.6061646342277527
test_17332,0.9889511466026306
test_17333,0.3214220106601715
test_17334,1.1753671742553706e-06
test_17335,0.21676063537597656
test_17336,0.5121687650680542
test_17337,0.005365252494812012
test_17338,0.9915817379951477
test_17339,0.00018151670519728214
test_17340,0.013953597284853458
test_17341,7.451133114955155e-07
test_17342,0.010233975946903229
test_17343,0.001149476389400661
test_17344,0.9999995231628418
test_17345,0.9894946217536926
test_17346,0.9978093504905701
test_17347,0.0009508799412287772
test_17348,0.9120528697967529
test_17349,0.10835330188274384
test_17350,9.490024240221828e-06
test_17351,0.9991452693939209
test_17352,0.1539742797613144
test_17353,0.9997808337211609
test_17354,0.9823185801506042
test_17355,2.722793510656629e-07
test_17356,0.5339837670326233
test_17357,0.5238253474235535
test_17358,0.002403607591986656
test_17359,0.2569795250892639
test_17360,0.9999994039535522
test_17361,0.3705044686794281
test_17362,0.00010716004180721939
test_17363,0.0027739780489355326
test_17364,0.003849222557619214
test_17365,0.0016197282820940018
test_17366,0.0006106420769356191
test_17367,0.9904336929321289
test_17368,8.656039426568896e-06
test_17369,0.936488926410675
test_17370,0.5124784111976624
test_17371,0.9999758005142212
test_17372,0.7464080452919006
test_17373,0.038508083671331406
test_17374,0.5306758284568787
test_17375,0.00026325538055971265
test_17376,0.9965656399726868
test_17377,0.10684702545404434
test_17378,0.4432763159275055
test_17379,0.7618920207023621
test_17380,0.7947469353675842
test_17381,1.7204312996454973e-07
test_17382,0.5868252515792847
test_17383,0.9999222755432129
test_17384,0.6187363266944885
test_17385,0.5086955428123474
test_17386,0.7857213616371155
test_17387,0.885276734828949
test_17388,0.022160986438393593
test_17389,0.0036828280426561832
test_17390,0.5420855283737183
test_17391,0.5659306645393372
test_17392,0.42439913749694824
test_17393,0.5053366422653198
test_17394,1.0992195029757568e-06
test_17395,0.4844350516796112
test_17396,0.9999634027481079
test_17397,0.0070408121682703495
test_17398,0.3723592162132263
test_17399,0.9616886377334595
test_17400,0.6298444867134094
test_17401,0.8399494290351868
test_17402,0.9999274015426636
test_17403,0.9909788370132446
test_17404,0.9999681711196899
test_17405,0.9931291341781616
test_17406,0.31205105781555176
test_17407,0.9972872734069824
test_17408,8.258732123067603e-06
test_17409,0.9125558733940125
test_17410,0.5537447929382324
test_17411,0.9773361086845398
test_17412,0.004156099632382393
test_17413,0.9817012548446655
test_17414,0.49150580167770386
test_17415,0.006079610902816057
test_17416,0.9999637603759766
test_17417,0.9999977350234985
test_17418,0.0384395532310009
test_17419,0.004679591860622168
test_17420,0.8070452809333801
test_17421,0.9016761779785156
test_17422,0.5492150783538818
test_17423,0.9991138577461243
test_17424,0.27507928013801575
test_17425,0.7798277139663696
test_17426,0.8712082505226135
test_17427,0.9999591112136841
test_17428,0.0004943936946801841
test_17429,0.0010582775576040149
test_17430,0.9997923970222473
test_17431,3.6197002373228315e-06
test_17432,0.3302483558654785
test_17433,0.003987832460552454
test_17434,0.57459956407547
test_17435,0.9525448083877563
test_17436,0.6303847432136536
test_17437,0.3044002056121826
test_17438,0.9999884366989136
test_17439,6.381558392831721e-08
test_17440,0.0003526375803630799
test_17441,0.092226542532444
test_17442,1.6139513547841489e-07
test_17443,0.5768298506736755
test_17444,0.004821628797799349
test_17445,4.904907655145507e-06
test_17446,0.9998581409454346
test_17447,0.00013527844566851854
test_17448,0.6134198904037476
test_17449,0.5785627365112305
test_17450,0.9795160889625549
test_17451,0.4463939368724823
test_17452,3.434871541685425e-05
test_17453,0.999911904335022
test_17454,0.04666200280189514
test_17455,0.6908032298088074
test_17456,0.17525030672550201
test_17457,0.858738362789154
test_17458,0.6903213262557983
test_17459,0.6462639570236206
test_17460,0.09708750993013382
test_17461,0.9945282340049744
test_17462,0.06503205001354218
test_17463,2.738360763032688e-06
test_17464,0.21762077510356903
test_17465,1.4218089745554607e-06
test_17466,0.16259030997753143
test_17467,0.3939865827560425
test_17468,0.9999642372131348
test_17469,0.0046638851054012775
test_17470,0.30723610520362854
test_17471,0.5480512976646423
test_17472,0.9971132278442383
test_17473,0.9999998807907104
test_17474,0.9999277591705322
test_17475,0.03343350812792778
test_17476,0.12902185320854187
test_17477,0.02208709344267845
test_17478,0.5008596777915955
test_17479,0.0007201644475571811
test_17480,0.9730036854743958
test_17481,0.1242298111319542
test_17482,0.998022198677063
test_17483,0.46401357650756836
test_17484,0.001076891552656889
test_17485,0.9881533980369568
test_17486,4.633270145859569e-05
test_17487,0.7782835364341736
test_17488,0.9032222628593445
test_17489,0.9998296499252319
test_17490,0.0018971404060721397
test_17491,0.5171509981155396
test_17492,8.597650776209775e-06
test_17493,0.9999850988388062
test_17494,0.5054526925086975
test_17495,0.004504317883402109
test_17496,0.12257466465234756
test_17497,0.0008121631108224392
test_17498,0.07833590358495712
test_17499,0.9999899864196777
test_17500,3.754170165848336e-07
test_17501,0.380553662776947
test_17502,1.8137644701710087e-06
test_17503,0.9999761581420898
test_17504,0.000724450743291527
test_17505,7.029924017842859e-05
test_17506,0.002268098760396242
test_17507,0.9999830722808838
test_17508,0.9999998807907104
test_17509,0.9999834299087524
test_17510,0.004272035788744688
test_17511,0.9294387102127075
test_17512,0.18440194427967072
test_17513,0.9459763765335083
test_17514,1.0
test_17515,1.0
test_17516,5.361709440876439e-07
test_17517,0.7898188829421997
test_17518,0.009802029468119144
test_17519,0.4667902886867523
test_17520,0.24412137269973755
test_17521,0.9979402422904968
test_17522,0.933260977268219
test_17523,0.007479742635041475
test_17524,0.9878320097923279
test_17525,0.42424774169921875
test_17526,1.0
test_17527,0.01736999861896038
test_17528,0.4841310381889343
test_17529,0.8737212419509888
test_17530,0.7918956279754639
test_17531,0.0058152214623987675
test_17532,0.3906981348991394
test_17533,1.0
test_17534,0.9879975318908691
test_17535,0.9998695850372314
test_17536,0.9999693632125854
test_17537,0.5633127689361572
test_17538,0.9977251887321472
test_17539,0.4961469769477844
test_17540,0.009432910941541195
test_17541,0.9984954595565796
test_17542,0.3948143422603607
test_17543,0.996344268321991
test_17544,2.51162018685136e-05
test_17545,0.44007253646850586
test_17546,0.9999916553497314
test_17547,1.9140084987157024e-05
test_17548,0.3118544816970825
test_17549,0.00019222090486437082
test_17550,0.8766101002693176
test_17551,7.3324452387169e-05
test_17552,0.9331226348876953
test_17553,0.0013019262114539742
test_17554,0.6202704310417175
test_17555,8.343906898744535e-09
test_17556,4.725018243334489e-08
test_17557,0.999990701675415
test_17558,0.9999973773956299
test_17559,0.9826061725616455
test_17560,0.03178641200065613
test_17561,0.039116207510232925
test_17562,0.3143511116504669
test_17563,0.6962798237800598
test_17564,0.0005385125405155122
test_17565,1.0293696277585695e-06
test_17566,0.0003442704619374126
test_17567,0.9996386766433716
test_17568,0.7650711536407471
test_17569,0.5785233378410339
test_17570,0.8131647706031799
test_17571,0.0008335034945048392
test_17572,0.9860261082649231
test_17573,0.46631190180778503
test_17574,0.08793061226606369
test_17575,0.0004590581520460546
test_17576,0.9950160384178162
test_17577,0.9999951124191284
test_17578,1.2314264949964127e-06
test_17579,0.31895849108695984
test_17580,0.9752117991447449
test_17581,0.00048715033335611224
test_17582,0.9870380163192749
test_17583,0.6064919233322144
test_17584,0.9995138645172119
test_17585,0.9991130232810974
test_17586,3.831802314380184e-05
test_17587,3.180848125339253e-06
test_17588,0.5546562075614929
test_17589,0.9451413750648499
test_17590,0.003113962011411786
test_17591,0.9997504353523254
test_17592,0.6801729202270508
test_17593,0.44239726662635803
test_17594,0.01341679971665144
test_17595,0.9996839761734009
test_17596,0.9907354116439819
test_17597,0.06383442133665085
test_17598,0.3479495346546173
test_17599,0.9999686479568481
test_17600,0.14945895969867706
test_17601,0.08748390525579453
test_17602,0.14605712890625
test_17603,0.02199804224073887
test_17604,2.2116197214927524e-05
test_17605,1.3175042113289237e-05
test_17606,0.002279275096952915
test_17607,0.002437970833852887
test_17608,0.5142130255699158
test_17609,0.9999967813491821
test_17610,0.9388810992240906
test_17611,0.9999549388885498
test_17612,0.6389968991279602
test_17613,0.006861649453639984
test_17614,0.9963482022285461
test_17615,2.4646071324241348e-05
test_17616,0.9993219375610352
test_17617,0.003646922530606389
test_17618,5.228921509115025e-07
test_17619,0.9999910593032837
test_17620,0.7002509832382202
test_17621,0.39911091327667236
test_17622,3.962543632951565e-05
test_17623,0.27025097608566284
test_17624,0.8030431270599365
test_17625,0.7289469838142395
test_17626,0.3292982876300812
test_17627,0.9929581880569458
test_17628,0.45409637689590454
test_17629,0.9999555349349976
test_17630,0.9999475479125977
test_17631,0.965764045715332
test_17632,0.025715166702866554
test_17633,0.9997788071632385
test_17634,0.06237709894776344
test_17635,0.15159155428409576
test_17636,0.08714494854211807
test_17637,0.0011475420324131846
test_17638,0.8463048338890076
test_17639,0.7086387872695923
test_17640,0.8500530123710632
test_17641,0.038023486733436584
test_17642,0.9983750581741333
test_17643,9.477940693614073e-06
test_17644,0.9960230588912964
test_17645,0.6685303449630737
test_17646,0.9453361630439758
test_17647,8.561255526728928e-05
test_17648,0.34354567527770996
test_17649,4.040363637614064e-05
test_17650,0.005594942253082991
test_17651,0.960987389087677
test_17652,0.08248529583215714
test_17653,0.8314783573150635
test_17654,0.010552948340773582
test_17655,1.1498306093926658e-06
test_17656,0.9999949932098389
test_17657,0.9991326928138733
test_17658,0.5720281004905701
test_17659,1.1960207757510943e-07
test_17660,0.9999995231628418
test_17661,0.6729763150215149
test_17662,0.0017635604599490762
test_17663,0.9633306264877319
test_17664,1.7480118685853085e-08
test_17665,0.004096200689673424
test_17666,0.0025379969738423824
test_17667,0.33774545788764954
test_17668,0.0001878051261883229
test_17669,0.912375271320343
test_17670,8.357389560842421e-06
test_17671,2.095593476525437e-09
test_17672,0.9992853999137878
test_17673,0.23485268652439117
test_17674,3.291204677680071e-07
test_17675,0.9999963045120239
test_17676,0.9824634790420532
test_17677,0.9998824596405029
test_17678,0.0002580344444140792
test_17679,0.9926705360412598
test_17680,0.000418317096773535
test_17681,0.21797677874565125
test_17682,0.9801657199859619
test_17683,0.49079838395118713
test_17684,0.9999959468841553
test_17685,0.9983415603637695
test_17686,0.6166061758995056
test_17687,4.998043550585862e-06
test_17688,0.01493145152926445
test_17689,0.10960748046636581
test_17690,0.0033545370679348707
test_17691,0.5403647422790527
test_17692,0.646806001663208
test_17693,0.519311249256134
test_17694,0.9839778542518616
test_17695,0.9999743700027466
test_17696,0.9827898740768433
test_17697,0.9999825954437256
test_17698,0.006053544115275145
test_17699,9.189481352223083e-05
test_17700,0.009794924408197403
test_17701,0.9977466464042664
test_17702,0.04029209911823273
test_17703,0.0013339651050046086
test_17704,1.8434081994200824e-07
test_17705,0.006384194362908602
test_17706,0.21549518406391144
test_17707,1.2526041246019304e-05
test_17708,0.9995203018188477
test_17709,0.08794178068637848
test_17710,0.9838431477546692
test_17711,0.18421481549739838
test_17712,0.4531480073928833
test_17713,0.413160115480423
test_17714,0.02389371208846569
test_17715,0.3911571800708771
test_17716,0.00025684843421913683
test_17717,0.9965716600418091
test_17718,0.03884071856737137
test_17719,0.003180555533617735
test_17720,0.256220281124115
test_17721,0.1523037701845169
test_17722,0.002294389996677637
test_17723,0.7952863574028015
test_17724,0.9999595880508423
test_17725,0.007346209138631821
test_17726,0.7520244121551514
test_17727,0.9957037568092346
test_17728,0.999961256980896
test_17729,0.7092553973197937
test_17730,0.9999514818191528
test_17731,0.5062431693077087
test_17732,0.9997302889823914
test_17733,0.999890923500061
test_17734,6.349553132167784e-07
test_17735,0.7206611037254333
test_17736,0.8902096152305603
test_17737,0.0010302131995558739
test_17738,0.8170708417892456
test_17739,0.99010169506073
test_17740,0.05083085224032402
test_17741,0.9979141354560852
test_17742,0.005252563860267401
test_17743,0.9987689852714539
test_17744,0.8397099375724792
test_17745,4.274403636372881e-06
test_17746,1.630516089790035e-05
test_17747,0.0015960329910740256
test_17748,0.4470502734184265
test_17749,0.9061327576637268
test_17750,8.941794658312574e-05
test_17751,0.30994993448257446
test_17752,0.3382212817668915
test_17753,0.9289655089378357
test_17754,0.0001947912242030725
test_17755,0.5038769245147705
test_17756,0.472334086894989
test_17757,0.7724465131759644
test_17758,0.0011371402069926262
test_17759,0.9999992847442627
test_17760,0.8892196416854858
test_17761,0.9634721279144287
test_17762,0.005314684938639402
test_17763,0.09872370958328247
test_17764,0.000804881623480469
test_17765,0.9997984766960144
test_17766,0.0004887414397671819
test_17767,0.06980361044406891
test_17768,0.9999572038650513
test_17769,4.081503561792488e-07
test_17770,0.9259896874427795
test_17771,0.22114741802215576
test_17772,0.9379132390022278
test_17773,0.0002805681142490357
test_17774,0.09800080955028534
test_17775,0.07390473783016205
test_17776,0.9997664093971252
test_17777,6.230329745449126e-07
test_17778,0.0018183353822678328
test_17779,1.7945485524251126e-05
test_17780,0.9999991655349731
test_17781,0.0019854239653795958
test_17782,0.9999990463256836
test_17783,0.07911429554224014
test_17784,0.043341800570487976
test_17785,0.92808997631073
test_17786,0.5024710297584534
test_17787,0.9370840787887573
test_17788,0.9999996423721313
test_17789,0.44281211495399475
test_17790,0.42827436327934265
test_17791,0.9998378753662109
test_17792,0.0009357432718388736
test_17793,0.17171354591846466
test_17794,3.5756293073063716e-05
test_17795,0.47590434551239014
test_17796,0.6812357902526855
test_17797,0.9948253631591797
test_17798,0.009684977121651173
test_17799,0.005711060483008623
test_17800,0.6800782680511475
test_17801,0.00710958382114768
test_17802,0.6471911072731018
test_17803,2.8592174203367904e-05
test_17804,0.9563249349594116
test_17805,0.6759580373764038
test_17806,0.9967472553253174
test_17807,0.0004230727208778262
test_17808,0.29690903425216675
test_17809,0.2590385377407074
test_17810,0.0013520302018150687
test_17811,0.343540221452713
test_17812,0.6358351707458496
test_17813,0.990952730178833
test_17814,0.9744259715080261
test_17815,0.9990999698638916
test_17816,0.999929666519165
test_17817,0.42815691232681274
test_17818,0.08386743068695068
test_17819,0.9984478950500488
test_17820,5.576172839028004e-07
test_17821,0.9807073473930359
test_17822,0.4694101810455322
test_17823,0.46140897274017334
test_17824,0.9820894002914429
test_17825,0.0030031350906938314
test_17826,0.5116947889328003
test_17827,0.9108196496963501
test_17828,0.9993796348571777
test_17829,0.857223391532898
test_17830,0.9959564805030823
test_17831,4.021881977678277e-06
test_17832,1.0476655006641522e-05
test_17833,0.9786564111709595
test_17834,0.011652318760752678
test_17835,0.9862653613090515
test_17836,0.7506386041641235
test_17837,0.994841992855072
test_17838,0.996357262134552
test_17839,0.9990253448486328
test_17840,0.5853257179260254
test_17841,0.4534279704093933
test_17842,0.3005758821964264
test_17843,0.4327610731124878
test_17844,0.9641789197921753
test_17845,0.9585381150245667
test_17846,0.6711890697479248
test_17847,0.9803667664527893
test_17848,0.9999886751174927
test_17849,1.4220753463689562e-08
test_17850,9.053073881659657e-05
test_17851,0.5212108492851257
test_17852,0.9992547631263733
test_17853,0.9346427321434021
test_17854,9.033643095790467e-07
test_17855,0.07953213155269623
test_17856,0.9999864101409912
test_17857,0.002466948702931404
test_17858,0.4760874807834625
test_17859,0.313435822725296
test_17860,9.187474643113092e-05
test_17861,0.9999946355819702
test_17862,0.9999945163726807
test_17863,5.5826436437200755e-05
test_17864,0.27823156118392944
test_17865,0.9791005253791809
test_17866,0.4391615688800812
test_17867,0.30341416597366333
test_17868,0.3441202938556671
test_17869,0.006189964711666107
test_17870,0.6112058758735657
test_17871,0.8932405710220337
test_17872,0.05275068059563637
test_17873,0.9999806880950928
test_17874,0.5966724157333374
test_17875,0.9977380037307739
test_17876,0.9161331653594971
test_17877,0.0001675100502325222
test_17878,0.03207335248589516
test_17879,0.9999996423721313
test_17880,0.008809900842607021
test_17881,0.6116003394126892
test_17882,0.02434575743973255
test_17883,0.5487631559371948
test_17884,0.9959110021591187
test_17885,0.7481189370155334
test_17886,0.03363123908638954
test_17887,0.9924330711364746
test_17888,0.00704257283359766
test_17889,0.9994627833366394
test_17890,0.3843604326248169
test_17891,0.9833816289901733
test_17892,0.9999774694442749
test_17893,0.9098749160766602
test_17894,0.9988388419151306
test_17895,0.3844177722930908
test_17896,0.6588163375854492
test_17897,0.00016344008326996118
test_17898,0.8550918102264404
test_17899,0.002870675176382065
test_17900,0.1840514838695526
test_17901,0.0008070589974522591
test_17902,0.24804450571537018
test_17903,0.3444538712501526
test_17904,0.9999133348464966
test_17905,0.18712222576141357
test_17906,0.9738711714744568
test_17907,0.9180629849433899
test_17908,0.0923428162932396
test_17909,0.7336829304695129
test_17910,0.0037944468203932047
test_17911,1.527812258927952e-07
test_17912,0.9447160363197327
test_17913,0.977810263633728
test_17914,0.007427722681313753
test_17915,0.9991165995597839
test_17916,0.24730530381202698
test_17917,0.00599872600287199
test_17918,0.31895601749420166
test_17919,0.1075250506401062
test_17920,0.009947462938725948
test_17921,0.9913594126701355
test_17922,0.9942705631256104
test_17923,0.9185050129890442
test_17924,3.630924038589001e-05
test_17925,0.006214980501681566
test_17926,0.00016360708104912192
test_17927,0.2815345227718353
test_17928,0.9980083107948303
test_17929,0.07490707188844681
test_17930,1.0
test_17931,0.911163330078125
test_17932,0.009926320053637028
test_17933,0.9999699592590332
test_17934,0.0013979717623442411
test_17935,0.09022965282201767
test_17936,0.9998558759689331
test_17937,0.5330606698989868
test_17938,0.6272080540657043
test_17939,0.9999704360961914
test_17940,1.0
test_17941,0.3343203365802765
test_17942,0.999929666519165
test_17943,0.999782145023346
test_17944,0.9999030828475952
test_17945,7.970264414325356e-05
test_17946,0.5009087920188904
test_17947,0.08955273777246475
test_17948,0.12246555089950562
test_17949,0.5254275798797607
test_17950,0.7894052863121033
test_17951,0.4972466230392456
test_17952,0.0029560497496277094
test_17953,0.9995390176773071
test_17954,0.002495178487151861
test_17955,2.8679684405119588e-08
test_17956,0.9918596148490906
test_17957,1.739395156619139e-05
test_17958,6.442229505410069e-08
test_17959,1.2558364232972963e-06
test_17960,0.6298755407333374
test_17961,0.530115008354187
test_17962,1.765496017469559e-05
test_17963,0.9063674807548523
test_17964,0.810318648815155
test_17965,0.9999886751174927
test_17966,0.9999876022338867
test_17967,0.30328890681266785
test_17968,0.019889408722519875
test_17969,0.4566831886768341
test_17970,6.218706971594656e-07
test_17971,0.9794401526451111
test_17972,0.0012991514522582293
test_17973,0.9939942955970764
test_17974,0.03371375799179077
test_17975,0.0026378966867923737
test_17976,0.5455374121665955
test_17977,1.7109086059008405e-07
test_17978,0.9999336004257202
test_17979,0.9056932926177979
test_17980,0.11417397856712341
test_17981,0.4116308093070984
test_17982,0.7186813950538635
test_17983,0.9712399244308472
test_17984,0.00017265007772948593
test_17985,0.046401020139455795
test_17986,0.0027936086989939213
test_17987,0.448696106672287
test_17988,0.9999065399169922
test_17989,0.9644623398780823
test_17990,0.0001469521812396124
test_17991,0.7679182887077332
test_17992,0.9997583031654358
test_17993,5.541188511415385e-05
test_17994,0.006727113854140043
test_17995,0.0010576093336567283
test_17996,0.9171697497367859
test_17997,3.7210279515420552e-06
test_17998,0.40294256806373596
test_17999,0.6521176695823669
test_18000,0.11776412278413773
test_18001,0.6033326387405396
test_18002,0.4826130270957947
test_18003,0.5586567521095276
test_18004,0.008240818977355957
test_18005,0.9200029373168945
test_18006,0.9503790140151978
test_18007,0.9001068472862244
test_18008,0.9992589354515076
test_18009,0.9982352256774902
test_18010,0.09972072392702103
test_18011,0.897832989692688
test_18012,0.3804866075515747
test_18013,0.9942994117736816
test_18014,0.00018867093604058027
test_18015,4.994764822185971e-06
test_18016,0.6538454294204712
test_18017,0.33387064933776855
test_18018,0.7546643614768982
test_18019,0.08258382230997086
test_18020,0.8267917037010193
test_18021,0.1037922352552414
test_18022,0.9999898672103882
test_18023,0.9990019202232361
test_18024,0.8410148024559021
test_18025,0.00026592303765937686
test_18026,0.989111602306366
test_18027,0.0006656413897871971
test_18028,0.49894508719444275
test_18029,0.013510358519852161
test_18030,0.9990794658660889
test_18031,0.9992270469665527
test_18032,0.34436964988708496
test_18033,0.1043899729847908
test_18034,0.999863862991333
test_18035,0.42161300778388977
test_18036,0.9996153116226196
test_18037,0.7334614396095276
test_18038,0.18318895995616913
test_18039,0.9998874664306641
test_18040,1.0
test_18041,0.5989629626274109
test_18042,0.9999344348907471
test_18043,5.763795130064864e-08
test_18044,0.7715581059455872
test_18045,0.00012809927284251899
test_18046,0.4415772557258606
test_18047,0.015949051827192307
test_18048,0.3650827705860138
test_18049,0.9999886751174927
test_18050,0.9999096393585205
test_18051,3.245066181989387e-05
test_18052,0.18676508963108063
test_18053,0.32639315724372864
test_18054,0.4856494963169098
test_18055,0.9967336654663086
test_18056,0.001731459517031908
test_18057,0.14456313848495483
test_18058,0.5905085206031799
test_18059,0.8483632206916809
test_18060,0.9992110729217529
test_18061,0.9984606504440308
test_18062,0.9999988079071045
test_18063,0.04527115449309349
test_18064,0.9048760533332825
test_18065,0.9558824896812439
test_18066,5.7454508350929245e-05
test_18067,0.9760638475418091
test_18068,0.5705689787864685
test_18069,0.5012233257293701
test_18070,0.9899857044219971
test_18071,7.536451903433772e-06
test_18072,0.9010922908782959
test_18073,0.6650558710098267
test_18074,0.22578486800193787
test_18075,0.8999415636062622
test_18076,0.9996121525764465
test_18077,0.001515872310847044
test_18078,0.9902141690254211
test_18079,0.9999173879623413
test_18080,1.0
test_18081,0.9989479184150696
test_18082,0.9997678399085999
test_18083,0.9858810901641846
test_18084,0.9999686479568481
test_18085,0.4803824722766876
test_18086,0.9999971389770508
test_18087,0.14082343876361847
test_18088,0.87907475233078
test_18089,8.451987696389551e-07
test_18090,0.09970182925462723
test_18091,0.9761964082717896
test_18092,0.9999998807907104
test_18093,0.6134111881256104
test_18094,0.10190295428037643
test_18095,0.9922269582748413
test_18096,0.3787531852722168
test_18097,0.9981997013092041
test_18098,0.6688032746315002
test_18099,0.9167051911354065
test_18100,0.0074600642547011375
test_18101,0.6091680526733398
test_18102,0.9999074935913086
test_18103,0.578103244304657
test_18104,0.5048975944519043
test_18105,0.987000048160553
test_18106,0.5711176991462708
test_18107,0.5046627521514893
test_18108,0.04564830660820007
test_18109,0.002916588680818677
test_18110,0.712394118309021
test_18111,0.6458700299263
test_18112,0.17418025434017181
test_18113,0.4254356920719147
test_18114,0.923788845539093
test_18115,1.0
test_18116,0.99996018409729
test_18117,0.9474758505821228
test_18118,0.0017368036787956953
test_18119,0.05105346068739891
test_18120,0.541511595249176
test_18121,0.9466578960418701
test_18122,0.45616212487220764
test_18123,0.9590062499046326
test_18124,0.985421359539032
test_18125,0.8741411566734314
test_18126,0.5027876496315002
test_18127,6.76911531627411e-06
test_18128,0.5786107778549194
test_18129,0.02187236398458481
test_18130,1.727390497308079e-07
test_18131,0.9994723200798035
test_18132,1.1135914519400103e-06
test_18133,0.5595114827156067
test_18134,0.012763249687850475
test_18135,0.1051291897892952
test_18136,0.047965262085199356
test_18137,0.0019267713651061058
test_18138,0.4529881179332733
test_18139,0.25659576058387756
test_18140,6.900980224600062e-05
test_18141,0.00424334779381752
test_18142,0.5774047374725342
test_18143,0.5986382961273193
test_18144,1.9928125766455196e-05
test_18145,0.4766298830509186
test_18146,0.9972596168518066
test_18147,1.2337441068765997e-09
test_18148,0.0018322389805689454
test_18149,0.9999516010284424
test_18150,0.9964375495910645
test_18151,0.9835202097892761
test_18152,0.9999397993087769
test_18153,0.004287625662982464
test_18154,0.9999598264694214
test_18155,0.9957243204116821
test_18156,0.010118159465491772
test_18157,0.13066299259662628
test_18158,0.30011820793151855
test_18159,0.5423858761787415
test_18160,0.9999899864196777
test_18161,0.9995068311691284
test_18162,0.7454548478126526
test_18163,0.2850702106952667
test_18164,0.9996442794799805
test_18165,0.2100340574979782
test_18166,0.09502124786376953
test_18167,0.9999990463256836
test_18168,1.0
test_18169,0.7912802696228027
test_18170,0.35385140776634216
test_18171,0.8834125399589539
test_18172,0.7235135436058044
test_18173,0.9999978542327881
test_18174,0.9977987408638
test_18175,0.019238486886024475
test_18176,0.999017596244812
test_18177,0.973416805267334
test_18178,0.9999576807022095
test_18179,0.018511882051825523
test_18180,4.476125104702078e-05
test_18181,0.46100279688835144
test_18182,0.9999986886978149
test_18183,0.9954839944839478
test_18184,0.9757398366928101
test_18185,0.9984361529350281
test_18186,1.545273562442162e-06
test_18187,0.001233743387274444
test_18188,0.08261020481586456
test_18189,0.46414151787757874
test_18190,0.9994719624519348
test_18191,0.8984657526016235
test_18192,0.9999971389770508
test_18193,0.7480042576789856
test_18194,0.0616643987596035
test_18195,0.9997881054878235
test_18196,0.973036527633667
test_18197,0.9771971106529236
test_18198,0.4508921205997467
test_18199,0.3936074674129486
test_18200,6.16533070569858e-05
test_18201,0.4550396203994751
test_18202,0.926256000995636
test_18203,0.9481894373893738
test_18204,0.9996079802513123
test_18205,0.7163550853729248
test_18206,0.9479933381080627
test_18207,0.5636836290359497
test_18208,0.46632134914398193
test_18209,0.9934291243553162
test_18210,0.9998726844787598
test_18211,0.5669965744018555
test_18212,0.5519580841064453
test_18213,0.6349225640296936
test_18214,1.5976314671206637e-06
test_18215,0.2620488107204437
test_18216,0.03607075661420822
test_18217,0.0012104817433282733
test_18218,0.9999687671661377
test_18219,0.8766324520111084
test_18220,0.9684745669364929
test_18221,0.03613893687725067
test_18222,4.182194516033633e-06
test_18223,0.14339962601661682
test_18224,0.9999206066131592
test_18225,0.996727705001831
test_18226,0.9987982511520386
test_18227,0.9698793888092041
test_18228,0.9999992847442627
test_18229,0.00443400489166379
test_18230,0.9999998807907104
test_18231,0.6846604943275452
test_18232,0.7202879786491394
test_18233,0.33405181765556335
test_18234,0.11795032024383545
test_18235,0.9998533725738525
test_18236,7.0880860221222974e-06
test_18237,0.0010218934621661901
test_18238,0.5908852815628052
test_18239,0.9950767159461975
test_18240,0.4313606321811676
test_18241,0.6808854937553406
test_18242,0.014249511994421482
test_18243,0.00010556416964391246
test_18244,0.9865574240684509
test_18245,0.587914764881134
test_18246,0.9999995231628418
test_18247,0.12829644978046417
test_18248,0.9803159832954407
test_18249,0.04084114730358124
test_18250,1.818873016645739e-07
test_18251,0.4860478341579437
test_18252,0.9147164225578308
test_18253,0.9999183416366577
test_18254,0.001475240453146398
test_18255,0.00016229492030106485
test_18256,0.7759443521499634
test_18257,9.355506449537643e-07
test_18258,0.8006462454795837
test_18259,0.00978301651775837
test_18260,0.9945617318153381
test_18261,0.9999963045120239
test_18262,3.8997030060272664e-05
test_18263,0.9838702082633972
test_18264,3.3294520562776597e-06
test_18265,0.020354177802801132
test_18266,7.814806303940713e-05
test_18267,0.4703330397605896
test_18268,0.999298095703125
test_18269,0.00551353907212615
test_18270,0.999998927116394
test_18271,1.604476409511335e-07
test_18272,2.3768845949234674e-06
test_18273,0.4027820825576782
test_18274,0.00012555425928439945
test_18275,0.5267905592918396
test_18276,0.26260122656822205
test_18277,0.060506753623485565
test_18278,0.007880057208240032
test_18279,0.9468185901641846
test_18280,1.0
test_18281,0.0003587160899769515
test_18282,0.22440265119075775
test_18283,0.02471415512263775
test_18284,0.6920278668403625
test_18285,0.9998371601104736
test_18286,0.032210323959589005
test_18287,0.37271246314048767
test_18288,0.18837828934192657
test_18289,0.5431503653526306
test_18290,0.999962568283081
test_18291,0.3547050952911377
test_18292,0.00610774289816618
test_18293,0.9376551508903503
test_18294,0.9905828237533569
test_18295,0.9612026810646057
test_18296,6.52101807645522e-05
test_18297,0.00047026731772348285
test_18298,0.6932792067527771
test_18299,0.9392361044883728
test_18300,0.32054629921913147
test_18301,0.006383574102073908
test_18302,0.010020200163125992
test_18303,0.000834647158626467
test_18304,0.0003071957908105105
test_18305,0.9894738793373108
test_18306,0.33862268924713135
test_18307,0.00010156008647754788
test_18308,0.645313560962677
test_18309,0.9618422389030457
test_18310,0.9435346722602844
test_18311,0.607444167137146
test_18312,9.998359746532515e-05
test_18313,0.9714274406433105
test_18314,0.9238916039466858
test_18315,0.0011577074183151126
test_18316,0.9866011738777161
test_18317,0.7950567603111267
test_18318,0.9823315143585205
test_18319,5.695988875231706e-06
test_18320,0.5490634441375732
test_18321,5.2991021220805123e-05
test_18322,0.9999457597732544
test_18323,0.9718837141990662
test_18324,0.9820268750190735
test_18325,0.37306517362594604
test_18326,0.9999393224716187
test_18327,0.0031632462050765753
test_18328,0.24823643267154694
test_18329,0.999998927116394
test_18330,0.002463565906509757
test_18331,0.9907178282737732
test_18332,0.318258136510849
test_18333,0.12223969399929047
test_18334,1.0
test_18335,0.0007907949620857835
test_18336,0.00017199265130329877
test_18337,0.999981164932251
test_18338,0.9654505848884583
test_18339,0.0009027760243043303
test_18340,0.27880212664604187
test_18341,3.053343561987276e-06
test_18342,0.1993536800146103
test_18343,0.9860856533050537
test_18344,0.9999961853027344
test_18345,0.09525328874588013
test_18346,6.510286766570061e-05
test_18347,0.10497401654720306
test_18348,0.004131624475121498
test_18349,0.0059646498411893845
test_18350,0.9557638168334961
test_18351,0.7970055937767029
test_18352,0.12718626856803894
test_18353,0.006710412912070751
test_18354,0.6750699281692505
test_18355,0.9610022902488708
test_18356,0.022730983793735504
test_18357,0.8803689479827881
test_18358,0.01534296479076147
test_18359,0.000498773530125618
test_18360,0.9999998807907104
test_18361,0.9993135929107666
test_18362,0.013280734419822693
test_18363,0.9999887943267822
test_18364,0.022432368248701096
test_18365,0.998611330986023
test_18366,0.6454972624778748
test_18367,0.0048642586916685104
test_18368,0.9993379712104797
test_18369,0.9998241066932678
test_18370,0.999966025352478
test_18371,0.041262950748205185
test_18372,0.9927452206611633
test_18373,0.016915690153837204
test_18374,0.9999711513519287
test_18375,0.9204532504081726
test_18376,0.000541773799341172
test_18377,0.9442075490951538
test_18378,0.4561017155647278
test_18379,0.9987500905990601
test_18380,0.0005287308013066649
test_18381,0.7640426754951477
test_18382,0.7538816332817078
test_18383,0.9952697157859802
test_18384,0.13886229693889618
test_18385,0.9968677163124084
test_18386,0.2838873565196991
test_18387,0.3528096377849579
test_18388,0.9985113739967346
test_18389,0.998446524143219
test_18390,0.9993636012077332
test_18391,0.00016733443771954626
test_18392,0.7953322529792786
test_18393,0.7597676515579224
test_18394,0.0034456062130630016
test_18395,7.636035803670893e-08
test_18396,0.16487815976142883
test_18397,0.9302200078964233
test_18398,0.07829342037439346
test_18399,0.9996020197868347
test_18400,0.010045291855931282
test_18401,0.9998170733451843
test_18402,0.2500072419643402
test_18403,0.9999843835830688
test_18404,0.3064071834087372
test_18405,0.004506796598434448
test_18406,0.8782580494880676
test_18407,0.8729709982872009
test_18408,0.9775859117507935
test_18409,5.490047260536812e-05
test_18410,0.9833804368972778
test_18411,0.8148403763771057
test_18412,0.7401966452598572
test_18413,0.9998698234558105
test_18414,0.08648939430713654
test_18415,0.00014308743993751705
test_18416,0.9999924898147583
test_18417,0.5697494149208069
test_18418,0.997622549533844
test_18419,0.7776683568954468
test_18420,0.5875153541564941
test_18421,0.6258023977279663
test_18422,0.9971029162406921
test_18423,0.5857610702514648
test_18424,0.988455057144165
test_18425,2.422791339995456e-06
test_18426,0.8924301862716675
test_18427,0.890328586101532
test_18428,0.03294377401471138
test_18429,2.362820850976277e-05
test_18430,0.9970722198486328
test_18431,0.6086488366127014
test_18432,0.00019261315173935145
test_18433,1.0
test_18434,0.9997143149375916
test_18435,0.9987512826919556
test_18436,0.7469910383224487
test_18437,0.22032466530799866
test_18438,0.8964164853096008
test_18439,0.9227545857429504
test_18440,0.024404361844062805
test_18441,0.45055094361305237
test_18442,0.3259887099266052
test_18443,0.002686698455363512
test_18444,0.011280455626547337
test_18445,0.9901759028434753
test_18446,0.9995866417884827
test_18447,0.2988505959510803
test_18448,7.983881369000301e-05
test_18449,0.0006415625102818012
test_18450,0.5142894983291626
test_18451,0.007199511397629976
test_18452,0.0015287421410903335
test_18453,0.9999375343322754
test_18454,5.931246778345667e-05
test_18455,0.9977651834487915
test_18456,0.27535566687583923
test_18457,0.22050070762634277
test_18458,0.253234326839447
test_18459,0.7534072995185852
test_18460,0.9999929666519165
test_18461,0.42408326268196106
test_18462,0.873437225818634
test_18463,0.6319106221199036
test_18464,0.9996047616004944
test_18465,4.0337911855203856e-07
test_18466,0.9999920129776001
test_18467,0.32643619179725647
test_18468,2.1322541670087958e-06
test_18469,0.008249771781265736
test_18470,0.579120397567749
test_18471,0.9993075132369995
test_18472,0.043389998376369476
test_18473,1.0
test_18474,0.8525843620300293
test_18475,0.0010067683178931475
test_18476,0.6709293127059937
test_18477,1.5432675354531966e-05
test_18478,0.005287948530167341
test_18479,0.6300698518753052
test_18480,0.9600281715393066
test_18481,0.04034779965877533
test_18482,1.21952116387547e-05
test_18483,0.9934247732162476
test_18484,0.9912837743759155
test_18485,0.02675154060125351
test_18486,0.8346081376075745
test_18487,0.7893642783164978
test_18488,0.9762344360351562
test_18489,0.025271015241742134
test_18490,0.9999769926071167
test_18491,6.92030184268333e-08
test_18492,0.7798833847045898
test_18493,0.020773237571120262
test_18494,0.20755648612976074
test_18495,0.9995344877243042
test_18496,0.06966706365346909
test_18497,0.9136228561401367
test_18498,0.997409999370575
test_18499,0.14115576446056366
test_18500,0.02555111050605774
test_18501,0.9999512434005737
test_18502,0.9999126195907593
test_18503,0.0006807375466451049
test_18504,0.9802370667457581
test_18505,0.01245673093944788
test_18506,0.9998596906661987
test_18507,1.0
test_18508,0.808885931968689
test_18509,0.9364293217658997
test_18510,0.9973633885383606
test_18511,0.002387699903920293
test_18512,0.9976617097854614
test_18513,3.6347781673384816e-08
test_18514,0.4755597710609436
test_18515,0.002866201801225543
test_18516,0.9993533492088318
test_18517,0.5867756605148315
test_18518,0.6663481593132019
test_18519,0.9968945980072021
test_18520,0.004334785509854555
test_18521,0.36730682849884033
test_18522,9.757340740179643e-05
test_18523,0.6112901568412781
test_18524,0.189366415143013
test_18525,0.18758811056613922
test_18526,0.9434173703193665
test_18527,0.5577985644340515
test_18528,3.543882121448405e-05
test_18529,1.0
test_18530,0.9973209500312805
test_18531,1.0
test_18532,0.46938908100128174
test_18533,0.9999496936798096
test_18534,6.025167344214655e-13
test_18535,0.6060192584991455
test_18536,0.974030613899231
test_18537,0.9805848002433777
test_18538,0.5301296710968018
test_18539,0.513921856880188
test_18540,0.8473196029663086
test_18541,0.7055752873420715
test_18542,0.11425516754388809
test_18543,0.9999744892120361
test_18544,0.8362458348274231
test_18545,0.999958872795105
test_18546,0.9993372559547424
test_18547,0.9965761303901672
test_18548,0.9998884201049805
test_18549,0.39407941699028015
test_18550,0.999909520149231
test_18551,0.9995707869529724
test_18552,5.028067562307115e-07
test_18553,0.504634439945221
test_18554,0.9996252059936523
test_18555,0.9605505466461182
test_18556,0.7378632426261902
test_18557,0.2923441231250763
test_18558,0.6477376222610474
test_18559,0.9999960660934448
test_18560,0.48644524812698364
test_18561,0.13612832129001617
test_18562,0.9999953508377075
test_18563,0.9994920492172241
test_18564,0.008367346599698067
test_18565,0.8841910362243652
test_18566,0.25005248188972473
test_18567,0.9568093419075012
test_18568,0.8796924352645874
test_18569,0.9994188547134399
test_18570,0.2786879539489746
test_18571,0.7220268845558167
test_18572,3.4074455470545217e-06
test_18573,0.7946837544441223
test_18574,0.9997768998146057
test_18575,6.271791974654661e-10
test_18576,0.21147194504737854
test_18577,0.025425558909773827
test_18578,0.6963916420936584
test_18579,0.7295341491699219
test_18580,0.07888483256101608
test_18581,0.017795102670788765
test_18582,0.9738535284996033
test_18583,0.00037273147609084845
test_18584,0.0011212591780349612
test_18585,0.38518548011779785
test_18586,0.9990636706352234
test_18587,0.9882140159606934
test_18588,0.9555776119232178
test_18589,0.18337105214595795
test_18590,1.0
test_18591,0.00013589579612016678
test_18592,0.5890804529190063
test_18593,0.011964580975472927
test_18594,0.004366741515696049
test_18595,0.9870274662971497
test_18596,0.999984860420227
test_18597,0.998102605342865
test_18598,1.0
test_18599,0.9992176294326782
test_18600,0.9979153275489807
test_18601,0.9990737438201904
test_18602,0.9718381762504578
test_18603,0.9999618530273438
test_18604,0.40343305468559265
test_18605,0.009563111700117588
test_18606,0.46375519037246704
test_18607,0.7655865550041199
test_18608,0.12750886380672455
test_18609,0.08611159771680832
test_18610,0.09055792540311813
test_18611,0.9999412298202515
test_18612,0.33706730604171753
test_18613,0.8933722972869873
test_18614,0.4430341124534607
test_18615,0.9995504021644592
test_18616,0.03155441954731941
test_18617,0.9943737983703613
test_18618,0.41348156332969666
test_18619,0.9772142171859741
test_18620,0.999994158744812
test_18621,0.43752285838127136
test_18622,0.0564412958920002
test_18623,0.9987664222717285
test_18624,0.03244681656360626
test_18625,0.9992423057556152
test_18626,0.0002716055605560541
test_18627,0.9241607189178467
test_18628,0.001965664094313979
test_18629,0.4698534905910492
test_18630,0.9999094009399414
test_18631,0.0019714413210749626
test_18632,0.7886075973510742
test_18633,0.039151161909103394
test_18634,1.0
test_18635,0.9975181818008423
test_18636,0.013917200267314911
test_18637,0.9800776243209839
test_18638,0.0015149437822401524
test_18639,0.9996063113212585
test_18640,0.2939765453338623
test_18641,0.10507630556821823
test_18642,0.007369878236204386
test_18643,0.007243207655847073
test_18644,0.6322566270828247
test_18645,3.4973956644535065e-05
test_18646,0.9904507994651794
test_18647,0.03736839070916176
test_18648,0.8675549030303955
test_18649,0.0346284955739975
test_18650,0.7388342022895813
test_18651,0.7943083047866821
test_18652,0.633742094039917
test_18653,0.003153294324874878
test_18654,0.0007502585067413747
test_18655,0.5135010480880737
test_18656,0.015411985106766224
test_18657,1.0123805083139814e-07
test_18658,0.000565537076909095
test_18659,0.7216322422027588
test_18660,0.9503465294837952
test_18661,1.151042965830129e-06
test_18662,0.006195484660565853
test_18663,0.20953376591205597
test_18664,0.99996018409729
test_18665,0.0007116119959391654
test_18666,0.06934855133295059
test_18667,0.9692717790603638
test_18668,0.9999988079071045
test_18669,0.9999901056289673
test_18670,0.22447583079338074
test_18671,0.2586044669151306
test_18672,0.0009561212500557303
test_18673,0.9956339001655579
test_18674,1.95469765458256e-05
test_18675,0.8912026286125183
test_18676,0.9840272665023804
test_18677,0.665247917175293
test_18678,0.0006131445989012718
test_18679,0.9848229885101318
test_18680,0.9999972581863403
test_18681,0.9979991316795349
test_18682,0.9938691258430481
test_18683,0.9961029291152954
test_18684,0.9999635219573975
test_18685,0.5539418458938599
test_18686,0.9286863207817078
test_18687,0.9978044629096985
test_18688,0.5007861852645874
test_18689,0.9997314810752869
test_18690,0.8092296719551086
test_18691,0.9997914433479309
test_18692,0.001721962122246623
test_18693,0.9999743700027466
test_18694,0.048754047602415085
test_18695,0.9759969711303711
test_18696,0.9999979734420776
test_18697,0.009610986337065697
test_18698,1.7402607355165856e-08
test_18699,0.45457568764686584
test_18700,0.9452505707740784
test_18701,0.638046145439148
test_18702,0.5335559248924255
test_18703,0.29806774854660034
test_18704,0.8908904194831848
test_18705,0.0014823582023382187
test_18706,0.969779908657074
test_18707,0.0028465399518609047
test_18708,0.43995988368988037
test_18709,0.9848906397819519
test_18710,0.9697256684303284
test_18711,0.9999300241470337
test_18712,0.000591372954659164
test_18713,0.9999934434890747
test_18714,0.0004792394465766847
test_18715,0.999932050704956
test_18716,0.9936531782150269
test_18717,0.017423829063773155
test_18718,0.5546724796295166
test_18719,0.8468241691589355
test_18720,0.00013340525038074702
test_18721,0.5288937091827393
test_18722,0.2641168236732483
test_18723,0.0005332839791662991
test_18724,0.7136543989181519
test_18725,0.980071485042572
test_18726,0.978217601776123
test_18727,0.8371754884719849
test_18728,0.4215516448020935
test_18729,0.9891849756240845
test_18730,0.34256431460380554
test_18731,0.9779892563819885
test_18732,4.8386278649559245e-05
test_18733,0.8713643550872803
test_18734,0.48807206749916077
test_18735,0.017709029838442802
test_18736,0.9999649524688721
test_18737,0.9566293358802795
test_18738,0.0001946870470419526
test_18739,0.9174690842628479
test_18740,0.025411732494831085
test_18741,0.07428581267595291
test_18742,1.5841220374568366e-05
test_18743,0.9995465874671936
test_18744,0.999902606010437
test_18745,0.9993733763694763
test_18746,0.9999639987945557
test_18747,2.1039547846157802e-06
test_18748,0.27800995111465454
test_18749,0.3058373034000397
test_18750,0.06886308640241623
test_18751,0.4615432322025299
test_18752,0.0033384948037564754
test_18753,0.9999732971191406
test_18754,0.9753756523132324
test_18755,0.8289831280708313
test_18756,0.15617701411247253
test_18757,0.9552997946739197
test_18758,0.004880595486611128
test_18759,0.8347518444061279
test_18760,3.335048313601874e-05
test_18761,0.578415036201477
test_18762,0.8991232514381409
test_18763,0.9999995231628418
test_18764,0.9863510727882385
test_18765,2.191529347328469e-05
test_18766,0.6052868962287903
test_18767,1.0
test_18768,0.002097457181662321
test_18769,2.7412735192910986e-08
test_18770,0.47869765758514404
test_18771,0.00012396916281431913
test_18772,0.0004524299001786858
test_18773,0.4264625906944275
test_18774,3.087780697796916e-08
test_18775,0.0007652740459889174
test_18776,0.00035533070331439376
test_18777,3.4650503266675514e-07
test_18778,0.9822715520858765
test_18779,0.862929105758667
test_18780,0.09224160760641098
test_18781,0.020601194351911545
test_18782,0.9989711046218872
test_18783,0.0002730463456828147
test_18784,4.359980721346801e-06
test_18785,0.4422827959060669
test_18786,0.39415162801742554
test_18787,0.9999996423721313
test_18788,0.06106913089752197
test_18789,0.0031550873536616564
test_18790,5.129074907017639e-06
test_18791,0.003753105876967311
test_18792,0.9999984502792358
test_18793,0.008104723878204823
test_18794,0.9999657869338989
test_18795,2.647666178745567e-06
test_18796,0.9987694621086121
test_18797,0.9996922016143799
test_18798,0.0013300798600539565
test_18799,0.8285800814628601
test_18800,0.14310158789157867
test_18801,0.4827224612236023
test_18802,1.0
test_18803,0.09152703732252121
test_18804,0.0003292970941402018
test_18805,0.6623537540435791
test_18806,0.9473667144775391
test_18807,0.044676974415779114
test_18808,0.0032062558457255363
test_18809,0.020581800490617752
test_18810,0.0042389556765556335
test_18811,0.20968492329120636
test_18812,1.1541115782165434e-05
test_18813,0.999346911907196
test_18814,0.9926111102104187
test_18815,0.17950963973999023
test_18816,0.9543530941009521
test_18817,6.626184045899208e-08
test_18818,0.010321213863790035
test_18819,0.9999690055847168
test_18820,0.6471616625785828
test_18821,1.0
test_18822,0.9432165622711182
test_18823,1.0
test_18824,0.009944175370037556
test_18825,0.9971044659614563
test_18826,0.014179982244968414
test_18827,0.1589527428150177
test_18828,0.3213697373867035
test_18829,5.335804962669499e-05
test_18830,0.10131051391363144
test_18831,0.9943811297416687
test_18832,4.215514309180435e-06
test_18833,0.017337489873170853
test_18834,0.9830209016799927
test_18835,1.0
test_18836,0.8995761871337891
test_18837,0.999984860420227
test_18838,0.31194785237312317
test_18839,0.9999998807907104
test_18840,0.7289175391197205
test_18841,0.00020258962467778474
test_18842,0.171330064535141
test_18843,0.870317816734314
test_18844,1.5585914781013344e-08
test_18845,0.9780929088592529
test_18846,0.45111024379730225
test_18847,0.00046578081673942506
test_18848,0.5480741858482361
test_18849,0.5536404848098755
test_18850,0.5380575656890869
test_18851,0.5170940160751343
test_18852,2.2175699996296316e-06
test_18853,0.002831416204571724
test_18854,0.31992122530937195
test_18855,6.991372742959356e-07
test_18856,0.008954662829637527
test_18857,0.011998449452221394
test_18858,0.3636316955089569
test_18859,0.0003389771736692637
test_18860,0.9925411939620972
test_18861,0.0012774384813383222
test_18862,0.44038793444633484
test_18863,0.0005128551856614649
test_18864,0.9096453785896301
test_18865,0.04918286204338074
test_18866,0.01034857053309679
test_18867,0.565126895904541
test_18868,9.419818525202572e-06
test_18869,0.10685999691486359
test_18870,0.4720247685909271
test_18871,0.7407737970352173
test_18872,0.6760190725326538
test_18873,0.8050127029418945
test_18874,0.9847739934921265
test_18875,0.622988760471344
test_18876,0.9991146922111511
test_18877,0.002592324046418071
test_18878,0.9986237287521362
test_18879,0.3597588837146759
test_18880,0.9998594522476196
test_18881,0.9934859871864319
test_18882,0.42169520258903503
test_18883,0.008916004560887814
test_18884,0.6744852662086487
test_18885,0.001359171001240611
test_18886,0.45672082901000977
test_18887,0.7901225686073303
test_18888,4.917624210065696e-06
test_18889,0.0014629464130848646
test_18890,6.240454695216613e-06
test_18891,1.434568908109668e-08
test_18892,0.9997585415840149
test_18893,0.9735473990440369
test_18894,0.7137705683708191
test_18895,0.9996756315231323
test_18896,0.9938357472419739
test_18897,0.9311510920524597
test_18898,0.9935489296913147
test_18899,0.49283304810523987
test_18900,0.5126170516014099
test_18901,0.6442190408706665
test_18902,0.8209028840065002
test_18903,0.059567440301179886
test_18904,0.9354662895202637
test_18905,0.49326106905937195
test_18906,0.004072159994393587
test_18907,0.0011670786188915372
test_18908,0.6468304991722107
test_18909,0.9993759989738464
test_18910,0.00033202796475961804
test_18911,0.010588288307189941
test_18912,0.9995056390762329
test_18913,0.00014727299276273698
test_18914,0.7549704313278198
test_18915,0.02269795723259449
test_18916,1.986177812796086e-05
test_18917,0.48615217208862305
test_18918,1.0
test_18919,0.9214462637901306
test_18920,0.03434452414512634
test_18921,0.997277557849884
test_18922,0.07127418369054794
test_18923,0.999219536781311
test_18924,1.2773557767076227e-09
test_18925,0.0001358391746180132
test_18926,4.811406029148202e-07
test_18927,0.9997591376304626
test_18928,1.2040381989208981e-05
test_18929,0.12125206738710403
test_18930,1.0
test_18931,0.9999547004699707
test_18932,0.0012778290547430515
test_18933,0.03882556036114693
test_18934,0.9999428987503052
test_18935,0.1355956792831421
test_18936,0.2837222218513489
test_18937,0.9999991655349731
test_18938,0.833757221698761
test_18939,0.07599151879549026
test_18940,1.4512430425384082e-05
test_18941,0.14518336951732635
test_18942,2.1230505353742046e-06
test_18943,0.7766019701957703
test_18944,8.073841308942065e-05
test_18945,0.9999301433563232
test_18946,4.928559746986139e-07
test_18947,0.5897706151008606
test_18948,0.1721516251564026
test_18949,0.5320242047309875
test_18950,0.06268373131752014
test_18951,0.00045690659317187965
test_18952,0.6051954030990601
test_18953,0.5606663227081299
test_18954,0.9997789263725281
test_18955,0.5694965720176697
test_18956,0.006186150014400482
test_18957,0.9996792078018188
test_18958,0.8802724480628967
test_18959,0.007404787931591272
test_18960,0.12737421691417694
test_18961,0.18808388710021973
test_18962,0.2748747766017914
test_18963,0.08721429854631424
test_18964,1.5180411537585314e-05
test_18965,0.04200594499707222
test_18966,0.9910061955451965
test_18967,0.9541540145874023
test_18968,0.7953451871871948
test_18969,0.9904301762580872
test_18970,0.0005206236965022981
test_18971,0.05671003460884094
test_18972,0.475261390209198
test_18973,0.8449138402938843
test_18974,0.539738655090332
test_18975,0.9999927282333374
test_18976,0.9998781681060791
test_18977,0.9999985694885254
test_18978,0.9999969005584717
test_18979,0.9999926090240479
test_18980,0.9993125200271606
test_18981,0.008816465735435486
test_18982,0.020654335618019104
test_18983,0.21404802799224854
test_18984,0.9987046718597412
test_18985,0.0025537139736115932
test_18986,0.2955578863620758
test_18987,0.9950686693191528
test_18988,0.8856191039085388
test_18989,0.9967823028564453
test_18990,0.9999785423278809
test_18991,0.6976862549781799
test_18992,0.00021694083989132196
test_18993,0.6812475919723511
test_18994,0.9824094772338867
test_18995,0.803032636642456
test_18996,0.07543611526489258
test_18997,0.0014748575631529093
test_18998,0.9999998807907104
test_18999,0.224083811044693
test_19000,0.9999861717224121
test_19001,0.0203489251434803
test_19002,5.7011551689356565e-05
test_19003,4.057835212734062e-06
test_19004,0.6060879230499268
test_19005,0.49843350052833557
test_19006,0.9653205871582031
test_19007,0.03870823234319687
test_19008,0.05890147015452385
test_19009,0.6768292188644409
test_19010,0.8964710831642151
test_19011,0.9340323209762573
test_19012,0.004742815624922514
test_19013,0.00019067585526499897
test_19014,0.9854246973991394
test_19015,7.598304364364594e-05
test_19016,0.9998965263366699
test_19017,0.8562493324279785
test_19018,0.5758042931556702
test_19019,0.5738811492919922
test_19020,0.7491293549537659
test_19021,0.11456343531608582
test_19022,0.9636679291725159
test_19023,0.00017847743583843112
test_19024,0.9376955032348633
test_19025,0.9995701909065247
test_19026,0.9994887113571167
test_19027,0.5073139071464539
test_19028,0.015207027085125446
test_19029,0.24225907027721405
test_19030,5.964598312857561e-05
test_19031,0.9998089671134949
test_19032,0.05015008524060249
test_19033,0.9993730187416077
test_19034,0.4630165696144104
test_19035,0.9933746457099915
test_19036,0.14230063557624817
test_19037,0.9999936819076538
test_19038,0.00013642200792673975
test_19039,0.0003070713428314775
test_19040,0.9983657002449036
test_19041,0.9617374539375305
test_19042,0.9389829635620117
test_19043,0.9235896468162537
test_19044,0.010534413158893585
test_19045,0.3286239802837372
test_19046,0.9577653408050537
test_19047,0.9899454712867737
test_19048,0.5210857391357422
test_19049,0.22642427682876587
test_19050,0.2956179976463318
test_19051,0.15005813539028168
test_19052,0.36043834686279297
test_19053,0.9417596459388733
test_19054,2.165789055652567e-06
test_19055,0.6760963797569275
test_19056,0.5103285312652588
test_19057,0.9999996423721313
test_19058,4.5446080232380837e-10
test_19059,1.7001996477361558e-09
test_19060,0.0007307668565772474
test_19061,0.9626893401145935
test_19062,0.003412397811189294
test_19063,0.9999773502349854
test_19064,0.00022484386863652617
test_19065,0.042270585894584656
test_19066,0.006385379936546087
test_19067,0.7551230788230896
test_19068,0.999893307685852
test_19069,5.9180561038374435e-06
test_19070,0.5717080235481262
test_19071,0.0089673837646842
test_19072,0.2616167664527893
test_19073,0.9779271483421326
test_19074,0.99997878074646
test_19075,0.9981058835983276
test_19076,0.9999996423721313
test_19077,1.7069025943783345e-06
test_19078,0.034428033977746964
test_19079,0.4739476442337036
test_19080,0.010279855690896511
test_19081,0.8533803820610046
test_19082,0.12967169284820557
test_19083,0.6164844036102295
test_19084,0.9908568263053894
test_19085,0.10199665278196335
test_19086,0.2822117805480957
test_19087,1.4534676893163123e-06
test_19088,6.621280590479728e-07
test_19089,0.16082383692264557
test_19090,0.007100475020706654
test_19091,0.197709321975708
test_19092,0.9997641444206238
test_19093,5.86337991990149e-05
test_19094,4.4052492739865556e-05
test_19095,0.006821679882705212
test_19096,0.9999990463256836
test_19097,0.40684640407562256
test_19098,0.2876085340976715
test_19099,0.9999979734420776
test_19100,0.0027372646145522594
test_19101,0.999290943145752
test_19102,2.4186958853533724e-06
test_19103,0.0009328284068033099
test_19104,0.0025368675123900175
test_19105,0.9999969005584717
test_19106,0.002899525687098503
test_19107,1.0
test_19108,0.04551025852560997
test_19109,0.550128161907196
test_19110,0.0033954759128391743
test_19111,0.3403143286705017
test_19112,0.9999755620956421
test_19113,0.16249047219753265
test_19114,0.0002776738547254354
test_19115,1.2026645457297036e-08
test_19116,0.4284689426422119
test_19117,0.04188548028469086
test_19118,0.0032677585259079933
test_19119,0.5050969123840332
test_19120,0.0009622983634471893
test_19121,0.9999946355819702
test_19122,0.9984726309776306
test_19123,0.9999676942825317
test_19124,4.266567884769756e-06
test_19125,0.9999943971633911
test_19126,0.4903131127357483
test_19127,0.6003550291061401
test_19128,0.017187941819429398
test_19129,0.005561595316976309
test_19130,0.8811116218566895
test_19131,0.9897777438163757
test_19132,0.057929445058107376
test_19133,0.0003221713413950056
test_19134,0.6788222193717957
test_19135,4.938778985774661e-08
test_19136,0.9996323585510254
test_19137,0.9999620914459229
test_19138,0.2746034264564514
test_19139,0.009252460673451424
test_19140,0.9999997615814209
test_19141,0.000129260282847099
test_19142,0.9999480247497559
test_19143,0.48401203751564026
test_19144,0.9999351501464844
test_19145,0.9842431545257568
test_19146,0.9174405932426453
test_19147,0.9999480247497559
test_19148,1.0
test_19149,0.9820631742477417
test_19150,0.014769787900149822
test_19151,3.819045014097355e-05
test_19152,0.9958076477050781
test_19153,0.4935266673564911
test_19154,0.0008836468332447112
test_19155,0.9996623992919922
test_19156,0.3610510528087616
test_19157,0.9165653586387634
test_19158,0.6290173530578613
test_19159,0.9999878406524658
test_19160,0.0017386134713888168
test_19161,0.928033173084259
test_19162,4.2540680311731194e-08
test_19163,0.2933211624622345
test_19164,0.38101476430892944
test_19165,7.445011274143098e-10
test_19166,0.5589607954025269
test_19167,0.9494527578353882
test_19168,0.9264008402824402
test_19169,0.1349543035030365
test_19170,0.9999988079071045
test_19171,0.9999997615814209
test_19172,0.5071156620979309
test_19173,0.9999746084213257
test_19174,0.4525735378265381
test_19175,0.45100468397140503
test_19176,0.11579202860593796
test_19177,0.9999701976776123
test_19178,0.8412798047065735
test_19179,0.28980913758277893
test_19180,0.5566967129707336
test_19181,0.7192039489746094
test_19182,0.001889182603918016
test_19183,0.999996542930603
test_19184,0.3562183678150177
test_19185,0.42492029070854187
test_19186,0.8401216268539429
test_19187,0.9996827840805054
test_19188,0.8184530735015869
test_19189,0.996552586555481
test_19190,0.937286376953125
test_19191,0.6121693253517151
test_19192,0.9999827146530151
test_19193,0.00021160311007406563
test_19194,0.0009612871799618006
test_19195,3.783718420891091e-05
test_19196,0.998694121837616
test_19197,0.043045710772275925
test_19198,0.9318848252296448
test_19199,0.4165842831134796
test_19200,0.992316484451294
test_19201,0.910961389541626
test_19202,0.7074246406555176
test_19203,0.889559268951416
test_19204,0.8813973665237427
test_19205,0.39618217945098877
test_19206,0.3639296293258667
test_19207,0.00025833575637079775
test_19208,0.9999825954437256
test_19209,0.9988278746604919
test_19210,0.011306907050311565
test_19211,0.2295074164867401
test_19212,0.9859046339988708
test_19213,0.9933558702468872
test_19214,0.001485631801187992
test_19215,0.004802313167601824
test_19216,0.000355684373062104
test_19217,0.9641001224517822
test_19218,0.05513617768883705
test_19219,0.17786556482315063
test_19220,0.24519868195056915
test_19221,0.5770772099494934
test_19222,0.9998795986175537
test_19223,0.554243266582489
test_19224,0.023492710664868355
test_19225,0.020763643085956573
test_19226,0.9617568850517273
test_19227,0.690143883228302
test_19228,0.7092506289482117
test_19229,0.1051197350025177
test_19230,0.43584007024765015
test_19231,0.9951748847961426
test_19232,0.9999485015869141
test_19233,0.29304203391075134
test_19234,0.3540889620780945
test_19235,0.0048038470558822155
test_19236,0.9772599935531616
test_19237,0.08033151924610138
test_19238,0.0001073141538654454
test_19239,0.8621320724487305
test_19240,0.9993094205856323
test_19241,0.9734671711921692
test_19242,0.8567848205566406
test_19243,0.43083468079566956
test_19244,0.9945237636566162
test_19245,0.9999159574508667
test_19246,0.9999997615814209
test_19247,6.00780185777694e-06
test_19248,0.9894136190414429
test_19249,2.7037671316065826e-05
test_19250,0.9999935626983643
test_19251,0.9925715327262878
test_19252,3.161589575029211e-06
test_19253,0.00029274000553414226
test_19254,0.7698709964752197
test_19255,0.4750397801399231
test_19256,0.9981434345245361
test_19257,0.1228066235780716
test_19258,0.00013343246246222407
test_19259,0.056903399527072906
test_19260,0.8517400622367859
test_19261,0.8582472205162048
test_19262,0.8230960369110107
test_19263,0.0076833488419651985
test_19264,0.0230511873960495
test_19265,0.22572186589241028
test_19266,7.613797060912475e-05
test_19267,0.9992867112159729
test_19268,0.4792101979255676
test_19269,6.751566161256051e-06
test_19270,0.08143912255764008
test_19271,0.14208485186100006
test_19272,0.9998539686203003
test_19273,0.9968037605285645
test_19274,0.6706056594848633
test_19275,0.34723106026649475
test_19276,0.9398515224456787
test_19277,2.065672610740421e-08
test_19278,0.016386885195970535
test_19279,0.23595170676708221
test_19280,0.5570458173751831
test_19281,0.5558048486709595
test_19282,8.910824362828862e-06
test_19283,0.21535959839820862
test_19284,0.848429799079895
test_19285,0.6692579984664917
test_19286,8.151916699716821e-05
test_19287,0.9999819993972778
test_19288,0.027707288041710854
test_19289,9.858723933575675e-05
test_19290,0.970914363861084
test_19291,5.9367330322857015e-06
test_19292,0.798194408416748
test_19293,2.3958032215887215e-06
test_19294,0.9881117343902588
test_19295,0.9999929666519165
test_19296,0.9525769352912903
test_19297,4.8496413000975735e-06
test_19298,0.999536395072937
test_19299,0.17037783563137054
test_19300,0.3134673237800598
test_19301,0.5387377738952637
test_19302,0.576124370098114
test_19303,0.9999916553497314
test_19304,0.7620682716369629
test_19305,0.0010177671210840344
test_19306,0.9828903079032898
test_19307,0.6623144149780273
test_19308,0.9999891519546509
test_19309,0.04759611561894417
test_19310,1.9609353785199346e-06
test_19311,5.550361592554509e-08
test_19312,0.014425592496991158
test_19313,6.724007107550278e-05
test_19314,0.0025125842075794935
test_19315,0.9999969005584717
test_19316,0.9999741315841675
test_19317,0.250303715467453
test_19318,0.9998944997787476
test_19319,0.24314941465854645
test_19320,0.99983811378479
test_19321,0.1135055422782898
test_19322,0.00016209571913350374
test_19323,0.9998296499252319
test_19324,0.8480173349380493
test_19325,0.0024641226045787334
test_19326,0.026317935436964035
test_19327,0.9040445685386658
test_19328,0.019140994176268578
test_19329,0.13547682762145996
test_19330,0.29017066955566406
test_19331,1.0057909776151064e-06
test_19332,0.8106880187988281
test_19333,0.38582924008369446
test_19334,0.017216794192790985
test_19335,0.0003847625630442053
test_19336,0.00033511489164084196
test_19337,5.687622319783259e-07
test_19338,0.9999998807907104
test_19339,0.39069244265556335
test_19340,0.4589543640613556
test_19341,0.22666218876838684
test_19342,0.9999966621398926
test_19343,0.9819400906562805
test_19344,0.00720939552411437
test_19345,0.5875250101089478
test_19346,0.08281227946281433
test_19347,0.01764264516532421
test_19348,0.0009314051712863147
test_19349,0.48752400279045105
test_19350,0.7744424343109131
test_19351,0.02544890157878399
test_19352,0.5981598496437073
test_19353,0.025144414976239204
test_19354,0.9995611310005188
test_19355,9.700396913103759e-05
test_19356,0.3526461720466614
test_19357,0.43938055634498596
test_19358,0.8869398832321167
test_19359,0.9999852180480957
test_19360,0.6809725761413574
test_19361,0.005734317936003208
test_19362,3.547269807313569e-05
test_19363,0.032384831458330154
test_19364,0.9049304723739624
test_19365,0.1300903558731079
test_19366,0.029676377773284912
test_19367,0.35800009965896606
test_19368,0.9996894598007202
test_19369,0.3977416157722473
test_19370,0.8353502154350281
test_19371,3.9467380702262744e-05
test_19372,0.14768418669700623
test_19373,0.20370547473430634
test_19374,0.9862593412399292
test_19375,0.8278253674507141
test_19376,0.9999575614929199
test_19377,0.7709330320358276
test_19378,0.8759856224060059
test_19379,0.4810510277748108
test_19380,0.9214980006217957
test_19381,0.9999412298202515
test_19382,2.7249991489952663e-06
test_19383,0.9989508390426636
test_19384,0.6942824125289917
test_19385,0.7109071016311646
test_19386,0.1767362505197525
test_19387,0.6092752814292908
test_19388,0.3960850238800049
test_19389,0.7498868703842163
test_19390,0.9999958276748657
test_19391,0.9752232432365417
test_19392,0.0018912049708887935
test_19393,0.9573336243629456
test_19394,0.9999955892562866
test_19395,5.626482058040949e-10
test_19396,0.3776095509529114
test_19397,0.6266019344329834
test_19398,0.10879386216402054
test_19399,0.5225024223327637
test_19400,6.466733611887321e-05
test_19401,0.9860278367996216
test_19402,0.49278509616851807
test_19403,0.07029451429843903
test_19404,0.008662175387144089
test_19405,0.9998997449874878
test_19406,0.4107401967048645
test_19407,0.030334923416376114
test_19408,0.4187134802341461
test_19409,0.05607333034276962
test_19410,0.035775892436504364
test_19411,0.002272543730214238
test_19412,0.0005325078964233398
test_19413,0.9998564720153809
test_19414,0.03146165981888771
test_19415,0.7461280226707458
test_19416,0.9999455213546753
test_19417,0.02713898755609989
test_19418,0.26230666041374207
test_19419,0.9966928958892822
test_19420,2.67435098066926e-05
test_19421,0.5905162692070007
test_19422,0.8432503342628479
test_19423,0.9947444200515747
test_19424,0.04159405082464218
test_19425,1.9213780433346983e-06
test_19426,0.00036044156877323985
test_19427,0.00266853766515851
test_19428,0.9999852180480957
test_19429,0.8658544421195984
test_19430,0.9980835914611816
test_19431,0.3842146396636963
test_19432,0.9953680038452148
test_19433,0.04815318435430527
test_19434,0.9999673366546631
test_19435,0.9999984502792358
test_19436,0.9999990463256836
test_19437,0.9991911053657532
test_19438,1.1538968180957454e-07
test_19439,0.3548990488052368
test_19440,0.0004152110777795315
test_19441,0.977403998374939
test_19442,0.5062199234962463
test_19443,1.361108024866553e-05
test_19444,0.02696090377867222
test_19445,0.9844400882720947
test_19446,0.9787499904632568
test_19447,0.0002629252849146724
test_19448,0.9991043210029602
test_19449,0.9999884366989136
test_19450,0.9012938737869263
test_19451,0.9394635558128357
test_19452,0.999813973903656
test_19453,0.9707537293434143
test_19454,0.9995558857917786
test_19455,0.007194863632321358
test_19456,2.8736303647747263e-06
test_19457,0.9998635053634644
test_19458,0.8149340748786926
test_19459,0.4781215488910675
test_19460,3.895840563927777e-05
test_19461,0.9839592576026917
test_19462,0.323922336101532
test_19463,0.3928465247154236
test_19464,0.4169326424598694
test_19465,0.32237234711647034
test_19466,0.6428836584091187
test_19467,0.5304885506629944
test_19468,0.9999173879623413
test_19469,0.4604424834251404
test_19470,4.0422903111903e-05
test_19471,0.051142770797014236
test_19472,0.9111807346343994
test_19473,0.1405530571937561
test_19474,0.9743561148643494
test_19475,0.9179697632789612
test_19476,0.11979702115058899
test_19477,0.000947513384744525
test_19478,0.018346870318055153
test_19479,0.9441490769386292
test_19480,1.0
test_19481,0.9183821082115173
test_19482,0.0016839626478031278
test_19483,0.9966990351676941
test_19484,0.5909253358840942
test_19485,0.996195912361145
test_19486,0.0014257784932851791
test_19487,0.665108323097229
test_19488,0.9825101494789124
test_19489,0.6907094717025757
test_19490,0.6791524291038513
test_19491,0.16392138600349426
test_19492,0.0200634952634573
test_19493,0.3513195812702179
test_19494,0.04591699689626694
test_19495,0.9999995231628418
test_19496,0.9733262062072754
test_19497,0.005083759315311909
test_19498,0.5076639652252197
test_19499,0.9882068037986755
test_19500,0.0002455714566167444
test_19501,0.7333148717880249
test_19502,0.0005742462235502899
test_19503,0.3905797302722931
test_19504,1.3721200957661495e-06
test_19505,0.9972816705703735
test_19506,0.5176751017570496
test_19507,0.8368539214134216
test_19508,0.9999984502792358
test_19509,0.9998799562454224
test_19510,0.9981229901313782
test_19511,0.8910756707191467
test_19512,0.9763903617858887
test_19513,0.5387302041053772
test_19514,0.9418174624443054
test_19515,9.951924766937736e-06
test_19516,0.9992272853851318
test_19517,0.37747496366500854
test_19518,0.9987455606460571
test_19519,0.9997276663780212
test_19520,0.9974918365478516
test_19521,0.8194440007209778
test_19522,0.0019330205395817757
test_19523,0.9549654126167297
test_19524,0.1956198811531067
test_19525,0.9854224920272827
test_19526,0.9122364521026611
test_19527,0.6547855734825134
test_19528,1.370384666188329e-06
test_19529,0.3673957586288452
test_19530,0.0008519128314219415
test_19531,0.025822613388299942
test_19532,0.9588299989700317
test_19533,0.028599712997674942
test_19534,0.9999618530273438
test_19535,0.037297818809747696
test_19536,0.9950804710388184
test_19537,0.5600510239601135
test_19538,0.9989995360374451
test_19539,1.0
test_19540,0.07220405340194702
test_19541,0.6769430041313171
test_19542,0.6894294619560242
test_19543,0.0001960876543307677
test_19544,0.6795023083686829
test_19545,0.9989590644836426
test_19546,0.9704774618148804
test_19547,0.1909346580505371
test_19548,0.9999803304672241
test_19549,0.15226633846759796
test_19550,0.5376207232475281
test_19551,0.6327840685844421
test_19552,0.9880471229553223
test_19553,0.00038953422335907817
test_19554,0.4520227909088135
test_19555,0.9999890327453613
test_19556,0.05383962392807007
test_19557,0.0021086109336465597
test_19558,0.00022172163880895823
test_19559,2.241011861769948e-05
test_19560,0.6780046224594116
test_19561,0.6597110033035278
test_19562,0.10366248339414597
test_19563,0.9985484480857849
test_19564,0.5410469174385071
test_19565,0.453279048204422
test_19566,0.0002125551109202206
test_19567,0.7399423718452454
test_19568,0.2876722812652588
test_19569,0.09614049643278122
test_19570,0.9887585639953613
test_19571,0.6202570199966431
test_19572,0.4322041869163513
test_19573,0.9917934536933899
test_19574,5.937497604691089e-08
test_19575,8.937369784689508e-06
test_19576,0.9989525079727173
test_19577,0.013512677513062954
test_19578,0.9884101152420044
test_19579,0.00021861318964511156
test_19580,0.004870642442256212
test_19581,0.1636698693037033
test_19582,0.9994081258773804
test_19583,0.10861308127641678
test_19584,0.049837030470371246
test_19585,0.999998927116394
test_19586,0.4288669228553772
test_19587,0.17602194845676422
test_19588,0.9999899864196777
test_19589,0.018868327140808105
test_19590,0.7755598425865173
test_19591,0.9484360814094543
test_19592,0.9892984628677368
test_19593,0.773905873298645
test_19594,0.0001648020261200145
test_19595,0.0012929621152579784
test_19596,0.9999998807907104
test_19597,0.0012417671969160438
test_19598,7.0732980930188205e-06
test_19599,0.94382244348526
test_19600,0.028745830059051514
test_19601,0.014840680174529552
test_19602,2.743830918916501e-05
test_19603,0.9999990463256836
test_19604,0.9980992674827576
test_19605,0.0026415898464620113
test_19606,0.9723115563392639
test_19607,0.00022226350847631693
test_19608,0.0012143932981416583
test_19609,0.06767497211694717
test_19610,0.8353168964385986
test_19611,0.8397239446640015
test_19612,0.16975176334381104
test_19613,1.0
test_19614,0.24360854923725128
test_19615,0.9999997615814209
test_19616,2.6269418931801347e-11
test_19617,0.08599354326725006
test_19618,0.9994580149650574
test_19619,0.9997199177742004
test_19620,0.18504410982131958
test_19621,3.95528732042294e-05
test_19622,1.2766126019414514e-05
test_19623,0.0019072390859946609
test_19624,7.891633657663988e-08
test_19625,0.9999842643737793
test_19626,0.0014327917015179992
test_19627,2.9716679819102865e-06
test_19628,0.996933102607727
test_19629,0.0016103818779811263
test_19630,0.9999996423721313
test_19631,0.978434681892395
test_19632,0.9999510049819946
test_19633,0.9999942779541016
test_19634,0.24207168817520142
test_19635,1.0
test_19636,0.9255031943321228
test_19637,0.5817951560020447
test_19638,0.8136410117149353
test_19639,0.424553781747818
test_19640,0.0543394610285759
test_19641,0.3950446844100952
test_19642,5.234479658611235e-07
test_19643,0.0021169220563024282
test_19644,0.25791311264038086
test_19645,0.051024820655584335
test_19646,0.041332121938467026
test_19647,0.999692440032959
test_19648,0.0006738407537341118
test_19649,0.6632282137870789
test_19650,0.1191389262676239
test_19651,0.525852620601654
test_19652,8.271542242255236e-07
test_19653,0.3389245867729187
test_19654,0.5317736268043518
test_19655,3.802307037403807e-05
test_19656,0.5327165722846985
test_19657,0.349695086479187
test_19658,0.00429562758654356
test_19659,0.7918856143951416
test_19660,0.9999407529830933
test_19661,0.0004143805126659572
test_19662,0.5484082698822021
test_19663,0.5634250044822693
test_19664,0.7171819806098938
test_19665,0.9999521970748901
test_19666,0.03135627135634422
test_19667,0.9626331925392151
test_19668,0.006314645987004042
test_19669,0.015921998769044876
test_19670,0.9161498546600342
test_19671,0.2520471215248108
test_19672,0.9927438497543335
test_19673,0.006468167062848806
test_19674,0.018597519025206566
test_19675,0.06237521395087242
test_19676,0.9999703168869019
test_19677,0.9863696098327637
test_19678,0.0005047565209679306
test_19679,0.3516342043876648
test_19680,0.9999986886978149
test_19681,0.1095748320221901
test_19682,0.3183095157146454
test_19683,0.9974533915519714
test_19684,1.9260988892710884e-07
test_19685,0.971504807472229
test_19686,0.999828577041626
test_19687,0.0029122226405888796
test_19688,0.8183731436729431
test_19689,0.9958019852638245
test_19690,0.22772429883480072
test_19691,0.999996542930603
test_19692,0.9999996423721313
test_19693,0.4666670858860016
test_19694,0.24794769287109375
test_19695,0.6360669732093811
test_19696,0.8920218348503113
test_19697,0.537501871585846
test_19698,0.9608989953994751
test_19699,0.9999979734420776
test_19700,0.15382151305675507
test_19701,1.5004672604845837e-05
test_19702,0.02098733000457287
test_19703,0.00051022635307163
test_19704,0.9991371035575867
test_19705,1.2580619568325346e-07
test_19706,0.0684385821223259
test_19707,0.8901640772819519
test_19708,0.4945049583911896
test_19709,0.719210147857666
test_19710,0.9703243374824524
test_19711,0.00014622951857745647
test_19712,0.9860506653785706
test_19713,0.9998500347137451
test_19714,0.09455150365829468
test_19715,0.00040957488818094134
test_19716,0.8922106027603149
test_19717,0.9999984502792358
test_19718,0.9962632060050964
test_19719,0.9999980926513672
test_19720,1.0
test_19721,0.5490297079086304
test_19722,0.00047618034295737743
test_19723,0.20913484692573547
test_19724,1.1459854931672453e-07
test_19725,0.9995855689048767
test_19726,0.9962588548660278
test_19727,3.50325062754564e-05
test_19728,0.8197581171989441
test_19729,0.011185965500772
test_19730,2.632833229654352e-06
test_19731,0.07538057863712311
test_19732,0.7526743412017822
test_19733,0.472075879573822
test_19734,0.554447591304779
test_19735,0.9999356269836426
test_19736,0.9977074861526489
test_19737,0.017192307859659195
test_19738,0.9974145889282227
test_19739,2.8078767400074867e-07
test_19740,0.9991438388824463
test_19741,0.9979878664016724
test_19742,0.10934948921203613
test_19743,0.005132162943482399
test_19744,0.9955936074256897
test_19745,0.9729188084602356
test_19746,0.5465624928474426
test_19747,0.4794415831565857
test_19748,0.0008472064509987831
test_19749,0.16019189357757568
test_19750,0.9993482232093811
test_19751,8.611261819169158e-07
test_19752,0.9999350309371948
test_19753,0.5299346446990967
test_19754,0.4669850170612335
test_19755,0.997223973274231
test_19756,0.9900994896888733
test_19757,0.9999995231628418
test_19758,7.273716619238257e-06
test_19759,0.9999681711196899
test_19760,0.996508777141571
test_19761,0.006847392302006483
test_19762,3.3214826544281095e-05
test_19763,0.20263417065143585
test_19764,0.7980173230171204
test_19765,0.6406320929527283
test_19766,0.8752145767211914
test_19767,0.9775356650352478
test_19768,0.014868166297674179
test_19769,0.011191900819540024
test_19770,8.9758395915851e-07
test_19771,0.9954540729522705
test_19772,0.9999966621398926
test_19773,0.0026362361386418343
test_19774,0.13436517119407654
test_19775,0.0010389200178906322
test_19776,1.0
test_19777,2.773082087514922e-06
test_19778,0.9995629191398621
test_19779,0.9994004964828491
test_19780,0.2990149259567261
test_19781,0.0009542605839669704
test_19782,0.9185832738876343
test_19783,0.00028936329181306064
test_19784,0.9019832015037537
test_19785,0.9547857046127319
test_19786,0.9995123147964478
test_19787,0.00021287210984155536
test_19788,0.7412039041519165
test_19789,0.7699492573738098
test_19790,0.9996654987335205
test_19791,0.18456090986728668
test_19792,0.9049200415611267
test_19793,0.4476139545440674
test_19794,0.017308447510004044
test_19795,0.6452423334121704
test_19796,0.0016165885608643293
test_19797,0.8020681738853455
test_19798,5.098546651538527e-08
test_19799,0.9979909658432007
test_19800,0.7452094554901123
test_19801,0.2088080495595932
test_19802,0.0009036572300828993
test_19803,0.9999821186065674
test_19804,0.9637589454650879
test_19805,3.777928213821724e-05
test_19806,0.5855363607406616
test_19807,0.9999992847442627
test_19808,0.00021111783280503005
test_19809,0.2264103889465332
test_19810,0.9697063565254211
test_19811,0.8761087656021118
test_19812,0.01652241125702858
test_19813,0.22379714250564575
test_19814,0.9730457663536072
test_19815,0.9550614953041077
test_19816,0.6472551226615906
test_19817,0.07165057957172394
test_19818,9.364038123749197e-05
test_19819,0.9887984395027161
test_19820,0.0021733276080340147
test_19821,0.8784037232398987
test_19822,0.9712796211242676
test_19823,0.88721764087677
test_19824,0.7306077480316162
test_19825,0.8253635764122009
test_19826,0.23969420790672302
test_19827,0.9999932050704956
test_19828,0.00046468587242998183
test_19829,1.3646524621435674e-07
test_19830,0.9988430738449097
test_19831,0.003993370570242405
test_19832,0.9998699426651001
test_19833,0.10951995104551315
test_19834,0.04861004650592804
test_19835,0.6852323412895203
test_19836,0.011934477835893631
test_19837,0.9733440279960632
test_19838,0.7533742785453796
test_19839,0.20250241458415985
test_19840,0.9298135638237
test_19841,0.0006585703231394291
test_19842,0.00046316420775838196
test_19843,7.490692951250821e-05
test_19844,2.3581429559271783e-05
test_19845,0.0034867364447563887
test_19846,0.5424701571464539
test_19847,0.9997748732566833
test_19848,0.08634065091609955
test_19849,0.01822223886847496
test_19850,0.9592196345329285
test_19851,0.103838250041008
test_19852,0.36297887563705444
test_19853,0.012011531740427017
test_19854,0.991054356098175
test_19855,0.20382270216941833
test_19856,0.9946491122245789
test_19857,0.009134238585829735
test_19858,0.2056502401828766
test_19859,0.707239031791687
test_19860,1.901131440718018e-06
test_19861,0.00042118283454328775
test_19862,0.8105825185775757
test_19863,0.987622082233429
test_19864,0.0016201309626922011
test_19865,0.9962932467460632
test_19866,0.001556765055283904
test_19867,1.0
test_19868,0.9247366786003113
test_19869,0.6264293789863586
test_19870,0.0003935132990591228
test_19871,0.9976772665977478
test_19872,0.9999957084655762
test_19873,0.8282044529914856
test_19874,0.2302195131778717
test_19875,0.0004599872336257249
test_19876,0.43341997265815735
test_19877,0.4354078769683838
test_19878,0.4477373957633972
test_19879,0.9342426657676697
test_19880,0.4878721237182617
test_19881,0.04228868708014488
test_19882,0.9996509552001953
test_19883,0.8474853038787842
test_19884,0.021547555923461914
test_19885,0.5324060320854187
test_19886,0.9948167204856873
test_19887,0.9999933242797852
test_19888,2.4291307454404887e-06
test_19889,0.6714966297149658
test_19890,0.812078595161438
test_19891,0.33306819200515747
test_19892,0.9870002865791321
test_19893,0.43212956190109253
test_19894,1.882926699181553e-05
test_19895,0.9999998807907104
test_19896,0.5235463380813599
test_19897,0.33737048506736755
test_19898,0.015422742813825607
test_19899,0.7987679243087769
test_19900,0.9998770952224731
test_19901,0.000210129379411228
test_19902,0.9942429661750793
test_19903,0.6594903469085693
test_19904,0.9999983310699463
test_19905,0.11657699197530746
test_19906,0.646210789680481
test_19907,0.006195590831339359
test_19908,0.1842915266752243
test_19909,0.0033852113410830498
test_19910,0.00898782815784216
test_19911,0.00022358896967489272
test_19912,0.05093846842646599
test_19913,0.9999969005584717
test_19914,0.0001164650238933973
test_19915,0.00012759420496877283
test_19916,0.49287447333335876
test_19917,9.305850653618108e-06
test_19918,0.1273755580186844
test_19919,0.006773872300982475
test_19920,0.14983303844928741
test_19921,0.9992477893829346
test_19922,0.9976456761360168
test_19923,0.9999997615814209
test_19924,0.9461684226989746
test_19925,0.9979332685470581
test_19926,0.11183711141347885
test_19927,0.7826756238937378
test_19928,0.036345772445201874
test_19929,0.6382774710655212
test_19930,0.8377877473831177
test_19931,0.14118553698062897
test_19932,0.8695641756057739
test_19933,0.06522185355424881
test_19934,0.48724564909935
test_19935,3.082410557908588e-06
test_19936,0.9998666048049927
test_19937,0.48223406076431274
test_19938,0.6644993424415588
test_19939,0.1309947967529297
test_19940,7.390558039332973e-06
test_19941,0.05334370210766792
test_19942,0.37463656067848206
test_19943,0.893467366695404
test_19944,0.9842271208763123
test_19945,3.7927179619146045e-06
test_19946,0.049920372664928436
test_19947,0.021541409194469452
test_19948,0.9954456090927124
test_19949,0.4226602017879486
test_19950,0.6383320689201355
test_19951,0.999990701675415
test_19952,0.9960523843765259
test_19953,0.5222402811050415
test_19954,0.0020378984045237303
test_19955,0.0024022141005843878
test_19956,1.3264148037706036e-06
test_19957,4.117732714803424e-06
test_19958,0.5409519672393799
test_19959,0.9999265670776367
test_19960,0.12852275371551514
test_19961,0.8880051374435425
test_19962,0.007342016790062189
test_19963,0.00026936407084576786
test_19964,0.9176257848739624
test_19965,0.26549673080444336
test_19966,0.9999516010284424
test_19967,0.9501416683197021
test_19968,0.9342703819274902
test_19969,0.3403756022453308
test_19970,0.00791407935321331
test_19971,0.08741491287946701
test_19972,0.0016395061975345016
test_19973,0.26093757152557373
test_19974,0.9578098654747009
test_19975,0.861541211605072
test_19976,0.7543676495552063
test_19977,0.03012208081781864
test_19978,0.8435633182525635
test_19979,5.951375214863219e-07
test_19980,0.7890891432762146
test_19981,0.999466598033905
test_19982,0.988402783870697
test_19983,0.9999797344207764
test_19984,0.8857128620147705
test_19985,0.0003882992605213076
test_19986,0.0033933320082724094
test_19987,0.992531955242157
test_19988,0.9999433755874634
test_19989,0.09541570395231247
test_19990,0.7088006138801575
test_19991,0.9915748238563538
test_19992,4.153271220275201e-06
test_19993,0.586541473865509
test_19994,0.1480056643486023
test_19995,0.005796175450086594
test_19996,0.012525513768196106
test_19997,0.011397640220820904
test_19998,3.790334446307497e-08
test_19999,0.46450570225715637
